{"type":"Feature","properties":{"isoA2":"BR","name":"Brazil"},"geometry":{"type":"MultiPolygon","coordinates":[[[[-74.01847,-7.54352],[-73.97142,-7.52398],[-73.95871,-7.50197],[-73.95778,-7.48037],[-73.94987,-7.46518],[-73.94432,-7.44874],[-73.95055,-7.42321],[-73.97943,-7.37454],[-73.98289,-7.35645],[-73.96106,-7.35645],[-73.92047,-7.37216],[-73.90202,-7.3734],[-73.87975,-7.36503],[-73.84342,-7.34312],[-73.82585,-7.33743],[-73.80027,-7.33568],[-73.76076,-7.33743],[-73.74126,-7.33444],[-73.72475,-7.32482],[-73.71309,-7.30467],[-73.71609,-7.28638],[-73.72454,-7.26757],[-73.73454,-7.22509],[-73.80355,-7.12649],[-73.81234,-7.10292],[-73.80657,-7.07822],[-73.79226,-7.05001],[-73.76771,-6.95926],[-73.76549,-6.90418],[-73.75942,-6.88743],[-73.74859,-6.87555],[-73.70679,-6.84961],[-73.69697,-6.8372],[-73.68508,-6.81188],[-73.67196,-6.80072],[-73.64405,-6.78398],[-73.59387,-6.74398],[-73.51321,-6.69778],[-73.44541,-6.63959],[-73.40629,-6.61562],[-73.37068,-6.58389],[-73.34919,-6.57644],[-73.27849,-6.57572],[-73.23359,-6.56404],[-73.19896,-6.54565],[-73.17147,-6.51743],[-73.1478,-6.47619],[-73.13178,-6.43527],[-73.12703,-6.41304],[-73.12698,-6.39134],[-73.1338,-6.36809],[-73.15571,-6.32271],[-73.16155,-6.29977],[-73.17204,-6.21967],[-73.17767,-6.20241],[-73.22599,-6.14794],[-73.23529,-6.12366],[-73.23478,-6.07756],[-73.21886,-6.04025],[-73.1971,-6.00501],[-73.14,-5.8785],[-73.10564,-5.84698],[-73.00135,-5.7088],[-72.98719,-5.6811],[-72.97691,-5.65175],[-72.96048,-5.55925],[-72.96032,-5.53124],[-72.96911,-5.4992],[-72.9735,-5.46612],[-72.9642,-5.43378],[-72.93479,-5.37218],[-72.9305,-5.35647],[-72.92399,-5.31358],[-72.91624,-5.29911],[-72.90539,-5.28567],[-72.89666,-5.27161],[-72.8949,-5.2557],[-72.90033,-5.19462],[-72.9056,-5.17911],[-72.91495,-5.16444],[-72.92198,-5.14687],[-72.91795,-5.13209],[-72.89382,-5.12589],[-72.87283,-5.12361],[-72.85893,-5.11607],[-72.85702,-5.09757],[-72.85397,-5.09251],[-72.84901,-5.09209],[-72.83113,-5.09664],[-72.79031,-5.08878],[-72.77294,-5.08114],[-72.76018,-5.0647],[-72.74757,-5.05509],[-72.72881,-5.05726],[-72.70799,-5.06315],[-72.65419,-5.06315],[-72.64479,-5.06057],[-72.63507,-5.05178],[-72.63161,-5.03318],[-72.62727,-5.02243],[-72.61435,-5.00972],[-72.5866,-4.9967],[-72.56221,-4.97024],[-72.54645,-4.95825],[-72.52851,-4.95019],[-72.49513,-4.94698],[-72.48893,-4.9412],[-72.48066,-4.92337],[-72.47947,-4.90807],[-72.47648,-4.90249],[-72.47177,-4.90073],[-72.4526,-4.89918],[-72.4311,-4.88781],[-72.41467,-4.87634],[-72.40413,-4.86022],[-72.39684,-4.80565],[-72.38609,-4.79397],[-72.3447,-4.7826],[-72.33943,-4.77733],[-72.33685,-4.76989],[-72.33194,-4.76327],[-72.31979,-4.76017],[-72.28238,-4.76544],[-72.26931,-4.76493],[-72.25106,-4.75883],[-72.23313,-4.74839],[-72.18244,-4.71067],[-72.12709,-4.68008],[-72.10802,-4.66426],[-72.0966,-4.64979],[-72.07872,-4.61341],[-72.07113,-4.60514],[-72.0627,-4.60566],[-72.04358,-4.61383],[-72.03552,-4.61186],[-72.00984,-4.59161],[-71.98028,-4.5823],[-71.93315,-4.53672],[-71.90721,-4.51843],[-71.89015,-4.51368],[-71.80763,-4.50448],[-71.80065,-4.50241],[-71.79698,-4.49797],[-71.79305,-4.48463],[-71.78484,-4.4805],[-71.77435,-4.48153],[-71.75146,-4.49208],[-71.74019,-4.49559],[-71.72107,-4.4928],[-71.70965,-4.48474],[-71.69931,-4.48164],[-71.68335,-4.49352],[-71.67306,-4.50365],[-71.66521,-4.50758],[-71.65653,-4.50675],[-71.64381,-4.50231],[-71.6235,-4.48226],[-71.61343,-4.47926],[-71.61715,-4.50034],[-71.57157,-4.48071],[-71.55756,-4.47936],[-71.5246,-4.48515],[-71.51907,-4.47916],[-71.51287,-4.45714],[-71.50615,-4.44857],[-71.49235,-4.44278],[-71.47741,-4.44061],[-71.44698,-4.4403],[-71.40078,-4.43337],[-71.38698,-4.43492],[-71.37763,-4.44267],[-71.37117,-4.45322],[-71.36326,-4.45921],[-71.34957,-4.45352],[-71.33701,-4.43833],[-71.33076,-4.43513],[-71.31515,-4.43999],[-71.30538,-4.42707],[-71.30513,-4.41663],[-71.30724,-4.40681],[-71.30461,-4.39492],[-71.28849,-4.38077],[-71.26482,-4.37549],[-71.24167,-4.38004],[-71.21407,-4.41084],[-71.20069,-4.39565],[-71.18617,-4.37219],[-71.16968,-4.36278],[-71.16312,-4.36909],[-71.15247,-4.39172],[-71.1441,-4.39926],[-71.1285,-4.40185],[-71.11956,-4.39637],[-71.10604,-4.37384],[-71.08157,-4.36412],[-71.02933,-4.38583],[-71.00998,-4.36981],[-71.00545,-4.34759],[-70.98972,-4.36619],[-70.96869,-4.38531],[-70.94809,-4.36423],[-70.93884,-4.34511],[-70.92634,-4.32899],[-70.89639,-4.29984],[-70.88657,-4.28351],[-70.88112,-4.26563],[-70.87371,-4.25075],[-70.85825,-4.24331],[-70.84275,-4.23814],[-70.83981,-4.22873],[-70.84831,-4.20444],[-70.84518,-4.19101],[-70.83223,-4.17943],[-70.78456,-4.15628],[-70.77425,-4.15504],[-70.71211,-4.17189],[-70.69405,-4.1723],[-70.68307,-4.16383],[-70.67204,-4.13344],[-70.66289,-4.12218],[-70.64677,-4.11566],[-70.63106,-4.11897],[-70.62959,-4.13344],[-70.63318,-4.15184],[-70.63253,-4.16683],[-70.58527,-4.19452],[-70.57657,-4.18388],[-70.57233,-4.16589],[-70.56564,-4.14884],[-70.54969,-4.14068],[-70.53411,-4.14677],[-70.52639,-4.17602],[-70.51597,-4.18233],[-70.50089,-4.17737],[-70.46001,-4.1446],[-70.44422,-4.13737],[-70.42993,-4.13417],[-70.41533,-4.13561],[-70.39867,-4.14233],[-70.37368,-4.16455],[-70.36144,-4.16817],[-70.34307,-4.13944],[-70.33061,-4.14316],[-70.3187,-4.15628],[-70.3111,-4.17086],[-70.30935,-4.19122],[-70.31839,-4.22894],[-70.31671,-4.24703],[-70.307,-4.26026],[-70.25759,-4.29922],[-70.24798,-4.30211],[-70.23917,-4.3018],[-70.23132,-4.30366],[-70.21674,-4.32888],[-70.20563,-4.34294],[-70.18656,-4.3263],[-70.17026,-4.28847],[-70.15726,-4.27018],[-70.13889,-4.26046],[-70.11652,-4.25829],[-70.09662,-4.26573],[-70.08574,-4.28392],[-70.08109,-4.30883],[-70.07561,-4.31617],[-70.06334,-4.32847],[-70.05097,-4.33725],[-70.03704,-4.34087],[-70.0229,-4.33891],[-69.98939,-4.31462],[-69.97182,-4.29095],[-69.96257,-4.26429],[-69.96495,-4.23648],[-69.9472,-4.20114],[-69.46643,-1.56109],[-69.45193,-1.51086],[-69.45227,-1.4905],[-69.43395,-1.42219],[-69.4347,-1.3764],[-69.41832,-1.28411],[-69.42111,-1.23863],[-69.39945,-1.18272],[-69.41046,-1.15274],[-69.44816,-1.09208],[-69.44829,-1.0804],[-69.43976,-1.04867],[-69.44503,-1.01074],[-69.44286,-1.00836],[-69.44997,-0.99679],[-69.46514,-0.99306],[-69.47123,-0.988],[-69.49314,-0.95617],[-69.50247,-0.95028],[-69.52428,-0.94098],[-69.5326,-0.93405],[-69.53924,-0.92061],[-69.53622,-0.90118],[-69.53733,-0.8895],[-69.5433,-0.87865],[-69.5642,-0.86346],[-69.57324,-0.8492],[-69.57567,-0.83917],[-69.57273,-0.81354],[-69.58068,-0.79938],[-69.61836,-0.7569],[-69.62838,-0.73344],[-69.62197,-0.71536],[-69.59076,-0.66823],[-69.58422,-0.64456],[-69.58696,-0.63247],[-69.59926,-0.61645],[-69.60453,-0.60632],[-69.60657,-0.5965],[-69.60706,-0.56684],[-69.61172,-0.54462],[-69.61975,-0.52457],[-69.63208,-0.50689],[-69.64952,-0.49201],[-69.66649,-0.48291],[-69.74646,-0.45305],[-69.76158,-0.44085],[-69.79145,-0.40819],[-69.80175,-0.40096],[-69.82478,-0.39021],[-69.83478,-0.38318],[-69.84229,-0.37315],[-69.85168,-0.35083],[-69.85811,-0.34142],[-69.87524,-0.33057],[-69.91498,-0.32168],[-69.93363,-0.31435],[-69.94436,-0.30546],[-69.96666,-0.27228],[-70.01756,-0.22567],[-70.05636,-0.18102],[-70.06804,-0.16014],[-70.07381,-0.1249],[-70.05425,0.58813],[-70.03942,0.57459],[-70.02066,0.57986],[-69.99924,0.58978],[-69.9765,0.5904],[-69.95286,0.58575],[-69.93389,0.58896],[-69.91446,0.59454],[-69.84591,0.59867],[-69.80532,0.60694],[-69.76755,0.62069],[-69.73287,0.63898],[-69.69468,0.66875],[-69.67949,0.67004],[-69.65127,0.65738],[-69.61916,0.65066],[-69.60458,0.6674],[-69.59412,0.68931],[-69.57422,0.69794],[-69.55565,0.70017],[-69.52343,0.72094],[-69.50371,0.72962],[-69.47808,0.73282],[-69.45788,0.72807],[-69.43971,0.71577],[-69.36894,0.64441],[-69.36256,0.64094],[-69.34233,0.65025],[-69.32026,0.65634],[-69.30215,0.65655],[-69.29282,0.6456],[-69.29706,0.6181],[-69.279,0.61924],[-69.24238,0.61376],[-69.22618,0.6148],[-69.21905,0.61955],[-69.20835,0.63464],[-69.2006,0.6395],[-69.19014,0.6397],[-69.17141,0.63278],[-69.16234,0.63143],[-69.14366,0.63753],[-69.13746,0.65014],[-69.1412,0.66818],[-69.15208,0.69055],[-69.1595,0.69732],[-69.1812,0.7075],[-69.18926,0.71515],[-69.19226,0.72895],[-69.18502,0.73768],[-69.17456,0.74543],[-69.16776,0.75603],[-69.16776,0.77897],[-69.17761,0.82357],[-69.17539,0.84445],[-69.16931,0.84806],[-69.15975,0.84961],[-69.15234,0.85426],[-69.15239,0.8678],[-69.15893,0.87618],[-69.17073,0.88315],[-69.19388,0.89209],[-69.20998,0.90754],[-69.20432,0.94366],[-69.22618,0.9572],[-69.23285,0.98837],[-69.24024,0.99565],[-69.25719,1.00692],[-69.27427,1.02821],[-69.28881,1.03844],[-69.33879,1.06412],[-69.35496,1.06707],[-69.37085,1.06299],[-69.41816,1.02862],[-69.42842,1.03048],[-69.44728,1.0417],[-69.45976,1.05518],[-69.46873,1.05942],[-69.47826,1.06066],[-69.51009,1.05611],[-69.54296,1.0556],[-69.5533,1.05684],[-69.59676,1.07193],[-69.61991,1.07275],[-69.71602,1.05859],[-69.72651,1.06102],[-69.72807,1.08298],[-69.73682,1.08836],[-69.76256,1.0911],[-69.78767,1.08422],[-69.82935,1.05725],[-69.85219,1.05942],[-69.84881,1.66889],[-69.85617,1.70768],[-69.80754,1.70737],[-69.7892,1.71279],[-69.74636,1.73517],[-69.72915,1.73899],[-69.71145,1.73853],[-69.69008,1.73548],[-69.64905,1.73894],[-69.5803,1.77023],[-69.54195,1.77271],[-69.46919,1.75739],[-69.39338,1.72527],[-69.3524,1.72021],[-68.1633,1.72129],[-68.18041,1.72969],[-68.18878,1.73584],[-68.19172,1.74243],[-68.19074,1.75501],[-68.19353,1.76374],[-68.20154,1.76868],[-68.23896,1.77028],[-68.24113,1.78834],[-68.23896,1.81025],[-68.24831,1.82211],[-68.27368,1.82526],[-68.28025,1.8294],[-68.26082,1.85821],[-68.20082,2.00784],[-68.19219,2.01489],[-68.18743,2.00825],[-68.18728,1.9882],[-68.18516,1.98076],[-68.1771,1.97319],[-68.16976,1.96973],[-68.14914,1.96554],[-68.12615,1.95621],[-68.11111,1.94242],[-68.10124,1.92412],[-68.07922,1.85997],[-68.05866,1.8164],[-68.03179,1.77751],[-67.99825,1.74997],[-67.96487,1.74015],[-67.92885,1.74129],[-67.89319,1.74971],[-67.86053,1.76152],[-67.82084,1.784],[-67.79046,1.81258],[-67.66974,1.97334],[-67.59295,2.05481],[-67.5544,2.07313],[-67.52732,2.09659],[-67.51027,2.10742],[-67.47533,2.11186],[-67.46608,2.11636],[-67.44913,2.13413],[-67.43973,2.13956],[-67.42464,2.13811],[-67.38175,2.12274],[-67.36578,2.11496],[-67.34061,2.09011],[-67.32041,2.05308],[-67.28863,1.97489],[-67.26475,1.93254],[-67.15572,1.78808],[-67.11716,1.70979],[-67.08295,1.60463],[-67.0736,1.5412],[-67.0982,1.25336],[-67.09448,1.20122],[-67.08611,1.176],[-67.06523,1.17269],[-66.9134,1.21486],[-66.87506,1.22251],[-66.40708,0.80207],[-66.3462,0.75939],[-66.28507,0.74585],[-66.22828,0.7628],[-66.20874,0.76311],[-66.18903,0.75494],[-66.15635,0.73303],[-66.13438,0.73112],[-66.11113,0.74182],[-66.07919,0.77758],[-66.05746,0.78698],[-66.01385,0.78967],[-65.99418,0.79473],[-65.97408,0.80698],[-65.95266,0.82796],[-65.91424,0.87462],[-65.89176,0.8956],[-65.87197,0.90899],[-65.78541,0.94914],[-65.74544,0.97415],[-65.72097,0.98191],[-65.70105,0.98438],[-65.62873,0.98201],[-65.60811,0.98526],[-65.59604,0.98361],[-65.58294,0.97767],[-65.57085,0.96857],[-65.55984,0.95798],[-65.53581,0.92847],[-65.52512,0.90832],[-65.5185,0.88651],[-65.517,0.86279],[-65.53318,0.81633],[-65.56328,0.77794],[-65.58734,0.73913],[-65.58522,0.69148],[-65.57431,0.67024],[-65.56049,0.65603],[-65.54266,0.64931],[-65.51969,0.65087],[-65.49783,0.65872],[-65.47287,0.67252],[-65.45122,0.69014],[-65.43275,0.72094],[-65.41388,0.74161],[-65.40944,0.75525],[-65.41084,0.78388],[-65.40962,0.79215],[-65.40001,0.81654],[-65.38903,0.83566],[-65.3272,0.91028],[-65.31027,0.91865],[-65.28438,0.91938],[-65.24338,0.91312],[-65.22315,0.91436],[-65.20304,0.92382],[-65.17899,0.95539],[-65.16845,0.99648],[-65.16018,1.08019],[-65.13677,1.12691],[-65.10052,1.13611],[-65.05962,1.13239],[-65.02249,1.13998],[-65.0207,1.14401],[-65.0197,1.15771],[-65.01745,1.16298],[-64.99936,1.17197],[-64.96647,1.2006],[-64.95606,1.2068],[-64.93293,1.213],[-64.91466,1.21476],[-64.8974,1.21967],[-64.87771,1.23491],[-64.85531,1.25868],[-64.83929,1.27083],[-64.82144,1.27057],[-64.77131,1.24675],[-64.75121,1.24334],[-64.73088,1.24757],[-64.60422,1.33129],[-64.59117,1.3501],[-64.57027,1.3955],[-64.5512,1.41953],[-64.52792,1.43573],[-64.47505,1.46301],[-64.43309,1.49404],[-64.40901,1.50751],[-64.38643,1.51025],[-64.36459,1.49709],[-64.36382,1.47735],[-64.38503,1.4364],[-64.39136,1.41772],[-64.39477,1.39219],[-64.38958,1.3693],[-64.3701,1.35873],[-64.35294,1.36583],[-64.34074,1.38421],[-64.32188,1.42444],[-64.30152,1.44666],[-64.23215,1.49714],[-64.17709,1.55115],[-64.12972,1.57807],[-64.10954,1.59846],[-64.09296,1.62261],[-64.08086,1.64739],[-64.07541,1.66543],[-64.07254,1.68457],[-64.07595,1.74537],[-64.0603,1.80746],[-64.05361,1.89371],[-64.03663,1.92727],[-63.99503,1.95802],[-63.95834,1.97071],[-63.92082,1.97433],[-63.80228,1.97231],[-63.78321,1.975],[-63.76264,1.98567],[-63.61753,2.10116],[-63.56198,2.12636],[-63.54896,2.12837],[-63.52054,2.1245],[-63.51067,2.1246],[-63.44344,2.13718],[-63.41176,2.14938],[-63.4022,2.17051],[-63.4039,2.1885],[-63.4006,2.20462],[-63.37264,2.26684],[-63.37052,2.28115],[-63.37279,2.34911],[-63.37124,2.36513],[-63.36111,2.40001],[-63.36489,2.41308],[-63.38483,2.42058],[-63.51067,2.42466],[-63.57382,2.43437],[-63.70409,2.43758],[-63.76703,2.42931],[-63.83132,2.42864],[-63.95183,2.4615],[-64.01079,2.46817],[-64.03249,2.463],[-64.04797,2.47132],[-64.05663,2.48853],[-64.05782,2.51044],[-64.05053,2.53468],[-64.01219,2.60377],[-64.00769,2.62279],[-64.00444,2.67953],[-63.99787,2.70599],[-63.99756,2.71493],[-64.00087,2.72536],[-64.01224,2.74402],[-64.02908,2.79797],[-64.10595,2.94721],[-64.1375,2.98726],[-64.17347,3.05191],[-64.2053,3.08917],[-64.22292,3.124],[-64.22538,3.1656],[-64.21631,3.25143],[-64.21987,3.29287],[-64.24561,3.41894],[-64.24215,3.44297],[-64.23212,3.46113],[-64.20507,3.49707],[-64.19786,3.51508],[-64.19564,3.53291],[-64.19574,3.57007],[-64.20298,3.59472],[-64.2221,3.61621],[-64.26556,3.65221],[-64.32416,3.72411],[-64.34736,3.7383],[-64.39449,3.75608],[-64.43454,3.77848],[-64.53143,3.85351],[-64.57497,3.91421],[-64.5961,3.93588],[-64.6429,3.97296],[-64.6629,3.99699],[-64.70744,4.08296],[-64.71953,4.12324],[-64.7271,4.14078],[-64.74191,4.15719],[-64.76294,4.169],[-64.78366,4.17708],[-64.80126,4.18853],[-64.81304,4.21057],[-64.81555,4.23104],[-64.81291,4.25279],[-64.80506,4.27189],[-64.79162,4.28442],[-64.74594,4.28762],[-64.69987,4.26416],[-64.66098,4.22747],[-64.6369,4.19111],[-64.62106,4.14688],[-64.60822,4.12649],[-64.58967,4.11887],[-64.36498,4.15187],[-64.2406,4.14202],[-64.17269,4.12339],[-64.1467,4.11055],[-64.1251,4.08849],[-64.10815,4.0581],[-64.09577,4.02438],[-64.07903,3.95309],[-64.06381,3.9116],[-64.03766,3.8825],[-63.99643,3.8808],[-63.95694,3.90188],[-63.91684,3.92937],[-63.87514,3.94981],[-63.83111,3.94945],[-63.7906,3.93304],[-63.77101,3.92881],[-63.7459,3.93028],[-63.69076,3.944],[-63.67159,3.94625],[-63.6228,3.93521],[-63.55423,3.87537],[-63.51067,3.85455],[-63.46886,3.86723],[-63.45537,3.90059],[-63.44824,3.93937],[-63.4254,3.96836],[-63.39145,3.97157],[-63.35171,3.95873],[-63.28598,3.92082],[-63.2512,3.88656],[-63.19322,3.80675],[-63.13085,3.76212],[-63.02496,3.63776],[-63.0107,3.61497],[-62.99705,3.59913],[-62.97514,3.58306],[-62.95106,3.57017],[-62.93101,3.56376],[-62.90771,3.56097],[-62.88941,3.56082],[-62.872,3.56547],[-62.85128,3.57722],[-62.83159,3.59487],[-62.82234,3.59883],[-62.80776,3.59668],[-62.79645,3.5973],[-62.78632,3.60441],[-62.77102,3.62335],[-62.74958,3.66037],[-62.73991,3.70045],[-62.74043,3.74194],[-62.74958,3.78357],[-62.76684,3.82204],[-62.7702,3.84783],[-62.77981,3.86129],[-62.78513,3.8723],[-62.7888,3.8994],[-62.7828,3.92005],[-62.77319,3.93994],[-62.76627,3.96469],[-62.7674,3.9871],[-62.77066,4.00539],[-62.76622,4.02071],[-62.74436,4.03402],[-62.72746,4.03851],[-62.67067,4.04366],[-62.58866,4.03071],[-62.56096,4.03779],[-62.54881,4.07745],[-62.54861,4.09807],[-62.54644,4.11391],[-62.53698,4.12541],[-62.51491,4.13311],[-62.4837,4.13918],[-62.47517,4.14388],[-62.46985,4.15161],[-62.46654,4.16874],[-62.46298,4.17471],[-62.4281,4.18318],[-62.38417,4.17347],[-62.19266,4.09474],[-62.15359,4.09029],[-62.11111,4.10484],[-62.03505,4.15988],[-61.99019,4.16641],[-61.93149,4.14642],[-61.90823,4.14616],[-61.88813,4.15016],[-61.86689,4.15703],[-61.84705,4.16605],[-61.83103,4.17693],[-61.7792,4.23269],[-61.75635,4.24636],[-61.7378,4.25207],[-61.71889,4.25465],[-61.68055,4.25248],[-61.64052,4.24191],[-61.62822,4.24346],[-61.61019,4.25163],[-61.59908,4.25439],[-61.58541,4.25341],[-61.57657,4.24972],[-61.56727,4.24853],[-61.55216,4.25496],[-61.5421,4.26302],[-61.5335,4.27359],[-61.52673,4.2855],[-61.52236,4.29777],[-61.51642,4.37477],[-61.50187,4.40185],[-61.45818,4.41914],[-61.43862,4.42115],[-61.38108,4.41774],[-61.36002,4.41893],[-61.33323,4.42387],[-61.30824,4.43332],[-61.29305,4.44805],[-61.29584,4.46901],[-61.32294,4.50885],[-61.31558,4.52079],[-61.29726,4.52373],[-61.23807,4.51588],[-61.22011,4.51068],[-61.18592,4.49412],[-61.16859,4.49024],[-61.1512,4.49205],[-61.09546,4.50769],[-61.01196,4.5183],[-60.97728,4.53497],[-60.9478,4.5736],[-60.94041,4.59406],[-60.93106,4.63739],[-60.90344,4.69958],[-60.89581,4.70852],[-60.88796,4.71113],[-60.86003,4.71243],[-60.76368,4.75509],[-60.71815,4.78428],[-60.68006,4.81795],[-60.61263,4.90058],[-60.59193,4.94972],[-60.59867,4.99688],[-60.6643,5.17025],[-60.68487,5.18832],[-60.71102,5.19816],[-60.73985,5.20214],[-60.69518,5.21193],[-60.67296,5.21302],[-60.61356,5.20893],[-60.60177,5.20658],[-60.56829,5.18971],[-60.55384,5.18806],[-60.49741,5.19594],[-60.47749,5.19193],[-60.45636,5.1747],[-60.44897,5.17423],[-60.43912,5.18139],[-60.42742,5.20077],[-60.4198,5.20723],[-60.39894,5.20831],[-60.35499,5.19317],[-60.33308,5.19377],[-60.31407,5.20692],[-60.27373,5.24735],[-60.25521,5.25645],[-60.21343,5.26722],[-60.2003,5.26345],[-60.19095,5.23994],[-60.17656,5.22715],[-60.13173,5.2434],[-60.12302,5.23185],[-60.09124,5.15824],[-60.07573,5.14082],[-60.05512,5.12509],[-59.9831,5.08594],[-59.9815,5.05742],[-59.99928,4.99688],[-60.00021,4.95833],[-60.00359,4.93983],[-60.01101,4.92172],[-60.01796,4.89224],[-60.02047,4.83229],[-60.03452,4.7878],[-60.03008,4.74436],[-60.03245,4.72542],[-60.03847,4.70801],[-60.04705,4.69176],[-60.07563,4.65029],[-60.08067,4.63832],[-60.08429,4.61693],[-60.0877,4.60752],[-60.09708,4.59856],[-60.10615,4.59535],[-60.13483,4.59354],[-60.16154,4.5652],[-60.16485,4.54621],[-60.15999,4.52779],[-60.14878,4.51301],[-60.13286,4.50487],[-60.12092,4.50236],[-60.11201,4.50216],[-60.1062,4.5066],[-60.10385,4.51799],[-60.0986,4.526],[-60.08778,4.52554],[-60.07687,4.51996],[-60.07155,4.51254],[-60.06625,4.49433],[-60.05561,4.49159],[-60.04018,4.49593],[-60.0207,4.49887],[-59.99698,4.49076],[-59.98455,4.4888],[-59.97889,4.49541],[-59.97455,4.50371],[-59.96468,4.5065],[-59.95313,4.50588],[-59.94331,4.50391],[-59.9343,4.49825],[-59.91993,4.47921],[-59.91456,4.47435],[-59.90528,4.47528],[-59.88582,4.48474],[-59.87293,4.48469],[-59.86885,4.48092],[-59.87169,4.46823],[-59.86763,4.46198],[-59.86324,4.46066],[-59.84763,4.46025],[-59.82624,4.45461],[-59.81769,4.45683],[-59.80963,4.46575],[-59.79627,4.4482],[-59.73795,4.41557],[-59.71351,4.38937],[-59.70196,4.38565],[-59.69046,4.38446],[-59.68674,4.38118],[-59.68739,4.36446],[-59.69361,4.34069],[-59.7278,4.30529],[-59.73847,4.28659],[-59.73669,4.28209],[-59.72656,4.2707],[-59.72449,4.26406],[-59.72661,4.2577],[-59.73552,4.24584],[-59.73795,4.24],[-59.74054,4.22233],[-59.73847,4.20277],[-59.72674,4.17647],[-59.71033,4.16445],[-59.66736,4.15057],[-59.64617,4.13404],[-59.64899,4.1198],[-59.6601,4.10319],[-59.66325,4.07973],[-59.65369,4.0642],[-59.61982,4.03273],[-59.60574,4.00715],[-59.59538,3.99637],[-59.59628,3.97064],[-59.59,3.96671],[-59.58039,3.96712],[-59.54869,3.96193],[-59.53683,3.95769],[-59.52959,3.94945],[-59.52765,3.93953],[-59.52923,3.93191],[-59.53471,3.9271],[-59.54458,3.9257],[-59.56316,3.91819],[-59.58179,3.8992],[-59.59633,3.87589],[-59.60251,3.85568],[-59.59972,3.83313],[-59.5954,3.81654],[-59.59861,3.8024],[-59.61829,3.78719],[-59.65912,3.76892],[-59.6718,3.75623],[-59.68015,3.73112],[-59.68012,3.70169],[-59.68622,3.69021],[-59.69506,3.68306],[-59.71764,3.67321],[-59.75555,3.63813],[-59.83766,3.60929],[-59.86288,3.58172],[-59.86303,3.55237],[-59.84763,3.53046],[-59.82955,3.50976],[-59.82136,3.48439],[-59.83854,3.44302],[-59.84136,3.4254],[-59.82404,3.43168],[-59.82849,3.38341],[-59.82709,3.37669],[-59.821,3.36349],[-59.82177,3.35659],[-59.82681,3.35194],[-59.84319,3.34902],[-59.85373,3.31538],[-59.87962,3.27257],[-59.88401,3.26254],[-59.89763,3.21738],[-59.91667,3.19417],[-59.91685,3.18115],[-59.91394,3.17464],[-59.90543,3.16523],[-59.90321,3.15867],[-59.90572,3.1548],[-59.91838,3.15283],[-59.92156,3.15009],[-59.92019,3.14399],[-59.91269,3.1334],[-59.91161,3.12642],[-59.91486,3.11997],[-59.92737,3.11433],[-59.93267,3.11004],[-59.95938,3.06648],[-59.96923,3.04271],[-59.97398,3.01765],[-59.97042,2.96044],[-59.97297,2.93931],[-59.99372,2.85729],[-60.00008,2.69405],[-59.99646,2.67477],[-59.96504,2.61343],[-59.96533,2.60806],[-59.97099,2.59256],[-59.96603,2.58868],[-59.95313,2.58393],[-59.94902,2.57984],[-59.94073,2.563],[-59.93923,2.55545],[-59.93952,2.543],[-59.93585,2.52388],[-59.90678,2.45877],[-59.90151,2.40451],[-59.91182,2.38781],[-59.91344,2.37872],[-59.90313,2.3596],[-59.88407,2.34601],[-59.84425,2.32544],[-59.81363,2.29919],[-59.8012,2.29273],[-59.79185,2.29087],[-59.77226,2.29035],[-59.76325,2.28797],[-59.7417,2.26379],[-59.74023,2.22948],[-59.74575,2.19082],[-59.74498,2.15351],[-59.73586,2.12372],[-59.73539,2.11352],[-59.73857,2.10362],[-59.74984,2.08597],[-59.75296,2.07546],[-59.75146,2.06225],[-59.74041,2.0414],[-59.7371,2.03042],[-59.7378,2.02223],[-59.74534,1.99717],[-59.74281,1.97097],[-59.74382,1.96185],[-59.74836,1.95125],[-59.76087,1.93192],[-59.76454,1.92053],[-59.76513,1.90464],[-59.76356,1.88257],[-59.75875,1.86214],[-59.74968,1.85131],[-59.73751,1.85079],[-59.71723,1.85805],[-59.70558,1.85741],[-59.66798,1.84271],[-59.65548,1.83971],[-59.64912,1.84136],[-59.64646,1.83997],[-59.64548,1.82769],[-59.66648,1.7871],[-59.68248,1.7656],[-59.68085,1.75739],[-59.65896,1.73408],[-59.64982,1.727],[-59.63966,1.72176],[-59.62816,1.71881],[-59.60793,1.72],[-59.59057,1.72491],[-59.57272,1.72716],[-59.55148,1.72052],[-59.53073,1.70307],[-59.50282,1.65765],[-59.486,1.63608],[-59.45476,1.61132],[-59.44551,1.60102],[-59.42588,1.56595],[-59.41683,1.55528],[-59.4121,1.55326],[-59.39973,1.55202],[-59.39464,1.54944],[-59.38386,1.52789],[-59.38017,1.52334],[-59.36803,1.5204],[-59.34769,1.52603],[-59.33857,1.52464],[-59.32694,1.50952],[-59.32472,1.49076],[-59.32033,1.47353],[-59.30219,1.46296],[-59.29382,1.45211],[-59.27242,1.40415],[-59.25992,1.38744],[-59.24214,1.3778],[-59.17796,1.35713],[-59.0111,1.32757],[-58.9665,1.31015],[-58.94598,1.29899],[-58.92748,1.28421],[-58.91172,1.26023],[-58.90645,1.23853],[-58.89787,1.21781],[-58.87214,1.19724],[-58.85204,1.18871],[-58.834,1.18582],[-58.81597,1.18727],[-58.79597,1.19182],[-58.77194,1.20127],[-58.75282,1.21497],[-58.7369,1.23233],[-58.7092,1.27228],[-58.69773,1.28106],[-58.68259,1.28245],[-58.58053,1.27274],[-58.57417,1.27537],[-58.56141,1.28514],[-58.55696,1.2869],[-58.54673,1.28044],[-58.54275,1.27636],[-58.54306,1.27439],[-58.52715,1.26685],[-58.51893,1.26726],[-58.48761,1.31646],[-58.4811,1.33387],[-58.48172,1.35806],[-58.48808,1.37888],[-58.50699,1.41818],[-58.51366,1.43888],[-58.49888,1.45738],[-58.41346,1.47203],[-58.38638,1.49019],[-58.38591,1.49973],[-58.3917,1.52084],[-58.39026,1.53076],[-58.38312,1.53722],[-58.36028,1.54737],[-58.35139,1.55332],[-58.34426,1.56549],[-58.33191,1.59339],[-58.32049,1.60122],[-58.31615,1.5989],[-58.30633,1.58277],[-58.2992,1.57518],[-58.28199,1.56657],[-58.26055,1.56032],[-58.23859,1.5567],[-58.21967,1.55606],[-58.20696,1.55996],[-58.19776,1.5659],[-58.18727,1.56761],[-58.17063,1.55882],[-58.16288,1.54918],[-58.15554,1.52738],[-58.14862,1.51908],[-58.11642,1.51056],[-58.06914,1.509],[-58.02723,1.51686],[-58.01116,1.53619],[-57.99359,1.56848],[-57.98697,1.58683],[-57.98392,1.60411],[-57.98976,1.6346],[-57.991,1.65042],[-57.98501,1.6577],[-57.96914,1.65548],[-57.93902,1.64331],[-57.92222,1.64248],[-57.90538,1.64856],[-57.87148,1.66925],[-57.79076,1.70494],[-57.75882,1.71346],[-57.72311,1.71165],[-57.63857,1.69618],[-57.60787,1.69711],[-57.56116,1.70897],[-57.53129,1.73155],[-57.46478,1.81573],[-57.45429,1.83382],[-57.42949,1.9003],[-57.41951,1.90919],[-57.40556,1.91428],[-57.38453,1.92521],[-57.36877,1.93965],[-57.35616,1.95528],[-57.34148,1.96885],[-57.31942,1.97714],[-57.29482,1.97484],[-57.25865,1.95223],[-57.23844,1.94854],[-57.15292,2.0022],[-57.10449,2.02145],[-57.07406,1.99717],[-57.0678,1.96869],[-57.05597,1.94807],[-57.03747,1.93239],[-57.01117,1.91857],[-56.99323,1.91484],[-56.97685,1.91459],[-56.94352,1.91826],[-56.92192,1.9181],[-56.91345,1.91283],[-56.90683,1.90324],[-56.89071,1.8902],[-56.87763,1.88565],[-56.80648,1.87358],[-56.79273,1.87353],[-56.78064,1.87906],[-56.73764,1.91298],[-56.72416,1.91614],[-56.7041,1.91283],[-56.68395,1.91211],[-56.66966,1.91986],[-56.65641,1.93006],[-56.63956,1.93686],[-56.62023,1.93456],[-56.60442,1.92459],[-56.59011,1.91298],[-56.57486,1.90547],[-56.55892,1.90665],[-56.52851,1.92402],[-56.48182,1.94161],[-56.42981,1.9227],[-56.41518,1.9197],[-56.39653,1.92167],[-56.36718,1.92888],[-56.34795,1.9266],[-56.32862,1.91846],[-56.29271,1.89547],[-56.2738,1.88751],[-56.25793,1.88565],[-56.20977,1.88854],[-56.14528,1.87177],[-56.08264,1.84655],[-56.01965,1.83351],[-55.95381,1.85327],[-55.92203,1.88622],[-55.91676,1.92223],[-55.92234,1.96216],[-55.92358,2.0066],[-55.91513,2.03765],[-55.91826,2.05039],[-55.92581,2.06168],[-55.95996,2.09098],[-55.99578,2.13739],[-56.00441,2.14499],[-56.03133,2.16349],[-56.04484,2.18473],[-56.05402,2.22405],[-56.07293,2.24152],[-56.09146,2.24591],[-56.13525,2.24855],[-56.14677,2.25619],[-56.14388,2.27475],[-56.132,2.30436],[-56.1168,2.33309],[-56.10378,2.34906],[-56.09146,2.3519],[-56.07342,2.34239],[-56.06215,2.34156],[-56.05024,2.34704],[-56.04257,2.3551],[-56.01335,2.39882],[-56.00818,2.41629],[-56.00751,2.46068],[-55.99691,2.50326],[-55.98924,2.52083],[-55.98301,2.52646],[-55.97102,2.53034],[-55.9472,2.52817],[-55.92503,2.51566],[-55.87067,2.47091],[-55.85377,2.46264],[-55.78313,2.44517],[-55.77357,2.44006],[-55.76613,2.43127],[-55.7546,2.40942],[-55.74411,2.40104],[-55.72429,2.39691],[-55.64538,2.41665],[-55.60831,2.43396],[-55.58733,2.43386],[-55.56821,2.43127],[-55.51131,2.43639],[-55.47431,2.43582],[-55.43555,2.43086],[-55.39959,2.43019],[-55.37106,2.44254],[-55.36277,2.45794],[-55.36008,2.47623],[-55.35452,2.49489],[-55.33775,2.51127],[-55.32052,2.5183],[-55.3028,2.51969],[-55.28698,2.5139],[-55.27525,2.49933],[-55.25192,2.49789],[-55.17195,2.55933],[-55.13779,2.56217],[-55.13309,2.55287],[-55.1366,2.5338],[-55.12885,2.52569],[-55.12089,2.52481],[-55.0763,2.54522],[-55.03775,2.57793],[-55.01775,2.59059],[-54.97687,2.60692],[-54.95909,2.60899],[-54.95367,2.59907],[-54.96023,2.58568],[-54.97956,2.5661],[-54.98282,2.55235],[-54.97858,2.54305],[-54.88029,2.44734],[-54.84192,2.4335],[-54.79249,2.44817],[-54.75981,2.46579],[-54.74304,2.46652],[-54.72118,2.45799],[-54.70766,2.45034],[-54.70319,2.44585],[-54.70255,2.42575],[-54.6956,2.40352],[-54.69725,2.39732],[-54.70996,2.39479],[-54.7157,2.37593],[-54.70673,2.35319],[-54.70544,2.34254],[-54.70655,2.33288],[-54.70412,2.32482],[-54.6925,2.31898],[-54.67286,2.31598],[-54.65338,2.3165],[-54.63413,2.32012],[-54.61529,2.32627],[-54.58816,2.32436],[-54.56465,2.31485],[-54.54429,2.30022],[-54.52641,2.28265],[-54.54915,2.27945],[-54.54579,2.2686],[-54.51142,2.24343],[-54.49266,2.22271],[-54.47664,2.21413],[-54.43396,2.20932],[-54.40254,2.19713],[-54.38781,2.1963],[-54.38053,2.1977],[-54.37391,2.19651],[-54.36094,2.18819],[-54.33505,2.1639],[-54.32285,2.15734],[-54.31402,2.15486],[-54.26379,2.14819],[-54.21005,2.16158],[-54.19449,2.16307],[-54.18855,2.16132],[-54.15739,2.12166],[-54.14814,2.11439],[-54.13491,2.11067],[-54.1114,2.11429],[-54.09842,2.12796],[-54.08421,2.16933],[-54.07667,2.18369],[-54.06928,2.18834],[-54.04845,2.18881],[-54.04334,2.18772],[-54.03326,2.18033],[-54.02799,2.17858],[-54.02137,2.18059],[-54.01171,2.19056],[-54.00597,2.19434],[-53.96391,2.20932],[-53.94613,2.22198],[-53.93874,2.24012],[-53.93776,2.26462],[-53.9329,2.26963],[-53.92164,2.26596],[-53.90123,2.26451],[-53.88846,2.27382],[-53.87937,2.29061],[-53.86681,2.30492],[-53.84345,2.30663],[-53.8309,2.31014],[-53.82108,2.32363],[-53.81183,2.34043],[-53.80098,2.35381],[-53.78346,2.36409],[-53.7648,2.36869],[-53.74827,2.36466],[-53.73736,2.34906],[-53.73803,2.33882],[-53.74816,2.31934],[-53.74873,2.31268],[-53.74217,2.30854],[-53.71318,2.30735],[-53.646,2.27847],[-53.62946,2.27531],[-53.5953,2.27387],[-53.57903,2.2704],[-53.54735,2.25175],[-53.53179,2.24705],[-53.51154,2.25227],[-53.47324,2.25413],[-53.46213,2.25899],[-53.42544,2.28601],[-53.39041,2.29903],[-53.37852,2.30756],[-53.35108,2.34172],[-53.34881,2.34766],[-53.3441,2.34963],[-53.33093,2.3457],[-53.32255,2.33857],[-53.29744,2.30369],[-53.23419,2.25097],[-53.23465,2.24126],[-53.25434,2.23418],[-53.27222,2.21997],[-53.27972,2.20498],[-53.2685,2.19573],[-53.25284,2.19651],[-53.13228,2.2193],[-53.11337,2.21935],[-53.09223,2.21191],[-53.06123,2.18628],[-53.01911,2.18199],[-52.98092,2.17325],[-52.95968,2.17522],[-52.95322,2.17904],[-52.93906,2.19573],[-52.9341,2.1964],[-52.92315,2.19367],[-52.91715,2.19573],[-52.90671,2.20498],[-52.90031,2.21413],[-52.8924,2.23687],[-52.88015,2.26038],[-52.86274,2.27423],[-52.81969,2.29154],[-52.70771,2.35893],[-52.6906,2.37298],[-52.67722,2.3904],[-52.65608,2.43091],[-52.61919,2.46347],[-52.5904,2.50471],[-52.56906,2.55039],[-52.55345,2.57338],[-52.5519,2.58656],[-52.55578,2.59814],[-52.57206,2.62299],[-52.57578,2.63374],[-52.57159,2.6386],[-52.55103,2.64599],[-52.54296,2.65152],[-52.53961,2.65943],[-52.5333,2.68986],[-52.45527,2.86505],[-52.44163,2.88132],[-52.43346,2.88659],[-52.40928,2.89734],[-52.41067,2.90556],[-52.41786,2.91548],[-52.4222,2.92747],[-52.41656,2.94251],[-52.35321,3.05842],[-52.35155,3.06596],[-52.36111,3.10932],[-52.36184,3.13196],[-52.35533,3.15159],[-52.31936,3.17764],[-52.2991,3.22533],[-52.27947,3.24249],[-52.26701,3.24492],[-52.2512,3.24306],[-52.23807,3.24973],[-52.22792,3.26011],[-52.09276,3.48139],[-52.09204,3.4902],[-52.09359,3.50687],[-52.07418,3.51663],[-52.06599,3.52886],[-52.05449,3.55671],[-52.01276,3.61911],[-52.0031,3.64231],[-51.99538,3.68533],[-51.98842,3.70456],[-51.97284,3.72169],[-51.96331,3.72546],[-51.94871,3.7251],[-51.94008,3.73396],[-51.9382,3.74251],[-51.94098,3.76357],[-51.93866,3.77357],[-51.93093,3.7814],[-51.89972,3.79667],[-51.83541,3.86754],[-51.81862,3.89108],[-51.80624,3.91751],[-51.79753,3.94997],[-51.78319,3.98095],[-51.75795,4.00252],[-51.68322,4.03937],[-51.6516,4.04767],[-51.63174,4.06782],[-51.59582,4.15786],[-51.59691,4.2155],[-51.58535,4.23382],[-51.5716,4.23542],[-51.55968,4.2237],[-51.55215,4.20718],[-51.53921,4.14924],[-51.51187,4.08031],[-51.451,3.97053],[-51.43684,3.92951],[-51.42821,3.95775],[-51.43541,3.98591],[-51.46349,4.03193],[-51.49816,4.10541],[-51.5467,4.25503],[-51.56103,4.35712],[-51.56005,4.36937],[-51.54768,4.42178],[-51.53784,4.43206],[-51.5165,4.44112],[-51.49067,4.42774],[-51.38923,4.3589],[-51.29829,4.25854],[-51.22443,4.16504],[-51.18693,4.07885],[-51.17943,4.02521],[-51.18023,3.80444],[-51.19749,3.69952],[-51.17614,3.64834],[-51.17345,3.67133],[-51.15563,3.73774],[-51.14883,3.82709],[-51.13638,3.86774],[-51.11636,3.90619],[-51.09315,3.90723],[-51.0799,3.88227],[-51.09,3.72495],[-51.07939,3.49209],[-51.09648,3.44902],[-51.09274,3.37633],[-51.036,3.22921],[-51.02782,3.18161],[-51.04063,3.15094],[-51.03371,3.1271],[-51.0184,3.092],[-51.01398,3.07239],[-51.01922,3.057],[-51.01678,3.03557],[-51.00402,3.02265],[-50.98888,2.98062],[-50.98645,2.95836],[-50.97973,2.93865],[-50.96447,2.91633],[-50.9442,2.87518],[-50.94951,2.84786],[-50.94873,2.83675],[-50.94454,2.8222],[-50.93433,2.81445],[-50.92292,2.80891],[-50.91735,2.80073],[-50.9028,2.79375],[-50.8936,2.76294],[-50.88256,2.74835],[-50.87499,2.72866],[-50.87341,2.70387],[-50.86583,2.68417],[-50.85225,2.66613],[-50.84637,2.64729],[-50.84392,2.62676],[-50.83469,2.59336],[-50.81896,2.5524],[-50.82193,2.52839],[-50.83007,2.51801],[-50.83682,2.51459],[-50.84024,2.50654],[-50.83947,2.49746],[-50.83349,2.49071],[-50.82364,2.48969],[-50.81286,2.5021],[-50.80553,2.50438],[-50.79162,2.49457],[-50.76299,2.44356],[-50.76107,2.41875],[-50.74242,2.37848],[-50.74413,2.36726],[-50.73957,2.35147],[-50.73382,2.31328],[-50.72053,2.29256],[-50.71764,2.2585],[-50.71262,2.2368],[-50.68603,2.19848],[-50.67927,2.1717],[-50.69555,2.14728],[-50.7032,2.1413],[-50.71325,2.13849],[-50.72997,2.13964],[-50.73729,2.13447],[-50.76586,2.14326],[-50.77823,2.14997],[-50.78572,2.16181],[-50.79255,2.16181],[-50.79113,2.15054],[-50.78572,2.1413],[-50.78043,2.13638],[-50.76724,2.13068],[-50.76456,2.12397],[-50.76574,2.11762],[-50.77086,2.10814],[-50.77807,2.08316],[-50.77969,2.07095],[-50.77196,2.06094],[-50.76789,2.05142],[-50.76154,2.04385],[-50.75158,2.04511],[-50.74596,2.05305],[-50.74413,2.08601],[-50.73473,2.10383],[-50.72061,2.11937],[-50.70206,2.13032],[-50.67927,2.13447],[-50.65998,2.13068],[-50.61955,2.10524],[-50.60014,2.0752],[-50.59411,2.02871],[-50.58991,2.01716],[-50.55972,1.96312],[-50.53344,1.93037],[-50.52221,1.9125],[-50.51525,1.87287],[-50.50919,1.85716],[-50.50072,1.84394],[-50.49088,1.83283],[-50.46654,1.81542],[-50.43261,1.80248],[-50.39338,1.7978],[-50.3531,1.80488],[-50.33056,1.81806],[-50.29076,1.81196],[-50.26838,1.81171],[-50.25788,1.80781],[-50.22242,1.81398],[-50.20693,1.81387],[-50.18316,1.81886],[-50.1646,1.81563],[-50.13788,1.79893],[-50.00405,1.7516],[-49.9506,1.72133],[-49.92296,1.69019],[-49.91016,1.66426],[-49.90079,1.61165],[-49.89908,1.558],[-49.88756,1.46914],[-49.87634,1.43344],[-49.87355,1.3923],[-49.87305,1.35985],[-49.88303,1.30771],[-49.89524,1.28978],[-49.91292,1.27233],[-49.94043,1.25867],[-49.97533,1.24503],[-50.02502,1.23038],[-50.0673,1.22521],[-50.10219,1.21474],[-50.11805,1.21584],[-50.14127,1.22541],[-50.14974,1.22121],[-50.14767,1.20536],[-50.13819,1.19371],[-50.12024,1.18521],[-50.09802,1.19466],[-50.0674,1.18719],[-50.02616,1.19764],[-49.99869,1.19968],[-49.97546,1.1975],[-49.94476,1.21854],[-49.92152,1.21848],[-49.90486,1.20677],[-49.89074,1.18602],[-49.88756,1.17487],[-49.89005,1.16523],[-49.90807,1.13329],[-49.93887,1.09723],[-49.97883,1.07221],[-50.01427,1.07087],[-50.03157,1.10594],[-50.04117,1.08796],[-50.04674,1.05292],[-50.0609,1.01887],[-50.09643,1.00361],[-50.10611,0.99531],[-50.14143,0.94147],[-50.15583,0.92731],[-50.1704,0.91649],[-50.24865,0.88007],[-50.26159,0.86982],[-50.3028,0.82543],[-50.31249,0.81721],[-50.34557,0.73627],[-50.35342,0.72671],[-50.36669,0.71556],[-50.43322,0.67866],[-50.45336,0.66405],[-50.46589,0.64643],[-50.49966,0.55598],[-50.56066,0.44798],[-50.60896,0.37393],[-50.69396,0.28644],[-50.79064,0.1695],[-50.80167,0.16901],[-50.8192,0.17365],[-50.85399,0.17365],[-50.92894,0.15542],[-50.97985,0.12043],[-51.0174,0.07144],[-51.06916,-0.01934],[-51.08141,-0.03252],[-51.09728,-0.0379],[-51.16015,-0.03932],[-51.20157,-0.04909],[-51.20788,-0.05316],[-51.21028,-0.06182],[-51.2152,-0.06866],[-51.23933,-0.07256],[-51.26545,-0.08343],[-51.30895,-0.07676],[-51.32697,-0.07952],[-51.32697,-0.08571],[-51.3177,-0.09067],[-51.29393,-0.0958],[-51.28222,-0.10312],[-51.27575,-0.11321],[-51.27253,-0.12184],[-51.26635,-0.12713],[-51.25121,-0.12737],[-51.3225,-0.21527],[-51.33755,-0.261],[-51.35668,-0.29046],[-51.36384,-0.3261],[-51.37072,-0.34295],[-51.38842,-0.37371],[-51.40099,-0.38958],[-51.43078,-0.41432],[-51.44302,-0.4284],[-51.44555,-0.44036],[-51.44518,-0.47145],[-51.4536,-0.48675],[-51.48624,-0.51719],[-51.50609,-0.53192],[-51.52184,-0.53826],[-51.53653,-0.53558],[-51.56249,-0.52549],[-51.58019,-0.52516],[-51.58019,-0.532],[-51.57079,-0.53167],[-51.55285,-0.53826],[-51.55285,-0.54559],[-51.56908,-0.55006],[-51.58764,-0.55185],[-51.58764,-0.55869],[-51.5736,-0.55975],[-51.56111,-0.55869],[-51.55163,-0.55438],[-51.5467,-0.54559],[-51.53238,-0.55185],[-51.57901,-0.60426],[-51.62857,-0.67604],[-51.65648,-0.6959],[-51.6975,-0.74717],[-51.70051,-0.7597],[-51.71373,-0.79323],[-51.72419,-0.8777],[-51.71085,-0.97861],[-51.71117,-1.01116],[-51.71548,-1.02752],[-51.72419,-1.03916],[-51.73274,-1.04559],[-51.75178,-1.05527],[-51.78482,-1.08359],[-51.80065,-1.09271],[-51.82209,-1.12363],[-51.8341,-1.1347],[-51.90832,-1.15797],[-51.92935,-1.17832],[-51.93025,-1.2234],[-51.916,-1.30918],[-51.92146,-1.32578],[-51.93456,-1.33953],[-51.96443,-1.36061],[-51.99535,-1.39642],[-52.00845,-1.40162],[-52.06578,-1.40504],[-52.08727,-1.40162],[-52.15136,-1.38095],[-52.16613,-1.37086],[-52.17943,-1.35687],[-52.19538,-1.34499],[-52.21459,-1.34002],[-52.23811,-1.34637],[-52.24918,-1.35377],[-52.27599,-1.38445],[-52.28547,-1.39007],[-52.30834,-1.39365],[-52.33324,-1.40781],[-52.40197,-1.42205],[-52.42199,-1.43035],[-52.44221,-1.44313],[-52.45783,-1.45827],[-52.46402,-1.47357],[-52.47509,-1.48406],[-52.5581,-1.51873],[-52.57535,-1.52313],[-52.61828,-1.52565],[-52.68212,-1.54485],[-52.69742,-1.55242],[-52.70604,-1.56064],[-52.71003,-1.5678],[-52.71105,-1.59027],[-52.70812,-1.60003],[-52.70055,-1.60027],[-52.68004,-1.59401],[-52.65827,-1.59149],[-52.59504,-1.5735],[-52.42309,-1.5661],[-52.3439,-1.55242],[-52.32677,-1.54705],[-52.29125,-1.52361],[-52.27912,-1.51824],[-52.2635,-1.52549],[-52.2504,-1.54225],[-52.24144,-1.5617],[-52.23656,-1.58538],[-52.23107,-1.60272],[-52.23192,-1.61444],[-52.23681,-1.62558],[-52.25231,-1.64495],[-52.25862,-1.65545],[-52.26334,-1.67685],[-52.26024,-1.69524],[-52.24877,-1.70306],[-52.22232,-1.69118],[-52.20889,-1.69183],[-52.20397,-1.6902],[-52.20035,-1.68475],[-52.19713,-1.66969],[-52.16299,-1.63494],[-52.14196,-1.62274],[-52.12377,-1.61907],[-52.07738,-1.62127],[-52.05663,-1.61094],[-52.0463,-1.6076],[-52.01578,-1.60866],[-52.00475,-1.6076],[-51.95865,-1.59336],[-51.91462,-1.57098],[-51.66954,-1.40162],[-51.59504,-1.38689],[-51.57677,-1.3777],[-51.55797,-1.36541],[-51.484,-1.3401],[-51.46203,-1.32936],[-51.43749,-1.31268],[-51.41771,-1.29168],[-51.40949,-1.26816],[-51.39965,-1.25107],[-51.37633,-1.24],[-51.32697,-1.23089],[-51.32697,-1.23707],[-51.33991,-1.24489],[-51.3474,-1.25758],[-51.32848,-1.25384],[-51.30533,-1.24383],[-51.28344,-1.23138],[-51.2683,-1.22039],[-51.25219,-1.20192],[-51.22785,-1.16269],[-51.21369,-1.14495],[-51.18749,-1.12168],[-51.16149,-1.10361],[-51.03295,-1.03802],[-51.00341,-1.01377],[-50.99112,-0.98724],[-50.99657,-0.9708],[-51.00609,-0.95281],[-51.00975,-0.93597],[-50.9973,-0.92246],[-50.97667,-0.92018],[-50.95743,-0.94988],[-50.9359,-0.95664],[-50.9359,-0.94915],[-50.94738,-0.94248],[-50.95328,-0.93133],[-50.95222,-0.91912],[-50.94274,-0.90879],[-50.92862,-0.90569],[-50.88134,-0.91497],[-50.85424,-0.91139],[-50.83959,-0.91277],[-50.82665,-0.92246],[-50.82169,-0.93532],[-50.82193,-0.95062],[-50.82665,-0.98382],[-50.82445,-1.03094],[-50.82665,-1.04534],[-50.83389,-1.05869],[-50.86767,-1.07952],[-50.8924,-1.11224],[-50.90176,-1.12103],[-50.91234,-1.12558],[-50.92528,-1.1277],[-50.95641,-1.12851],[-50.84748,-1.19785],[-50.83007,-1.2138],[-50.81994,-1.2317],[-50.81859,-1.25237],[-50.82925,-1.31211],[-50.82665,-1.37086],[-50.82348,-1.3764],[-50.80932,-1.39023],[-50.80553,-1.40162],[-50.81334,-1.41375],[-50.81811,-1.4249],[-50.8192,-1.43629],[-50.80968,-1.4577],[-50.77868,-1.49863],[-50.76671,-1.54079],[-50.75333,-1.55706],[-50.68928,-1.61207],[-50.67956,-1.629],[-50.67048,-1.69647],[-50.66381,-1.71941],[-50.65469,-1.73797],[-50.67394,-1.76474],[-50.69103,-1.7654],[-50.73729,-1.73797],[-50.72643,-1.76116],[-50.71798,-1.76876],[-50.70951,-1.79095],[-50.71728,-1.82247],[-50.73951,-1.83265],[-50.75833,-1.8454],[-50.76694,-1.86329],[-50.76701,-1.88206],[-50.78757,-1.89737],[-50.81491,-1.89646],[-50.8798,-1.85195],[-50.89273,-1.87923],[-50.87989,-1.88267],[-50.87052,-1.90146],[-50.85342,-1.90832],[-50.85439,-1.93308],[-50.84421,-1.9553],[-50.81861,-1.96901],[-50.82195,-1.94595],[-50.82616,-1.93058],[-50.81844,-1.92462],[-50.79196,-1.92723],[-50.73721,-1.92135],[-50.71326,-1.91457],[-50.70214,-1.90947],[-50.69782,-1.88817],[-50.70034,-1.87196],[-50.69859,-1.85406],[-50.69002,-1.843],[-50.67633,-1.83024],[-50.66774,-1.8081],[-50.66004,-1.803],[-50.63361,-1.81159],[-50.61058,-1.8142],[-50.5917,-1.84319],[-50.56534,-1.89072],[-50.54723,-1.90691],[-50.52481,-1.92148],[-50.50451,-1.92913],[-50.47623,-1.92604],[-50.46666,-1.92783],[-50.46296,-1.93971],[-50.46593,-1.9472],[-50.47997,-1.96705],[-50.48404,-1.97763],[-50.47008,-1.9699],[-50.45665,-1.94394],[-50.44302,-1.93597],[-50.44188,-1.94695],[-50.44323,-1.95664],[-50.45751,-1.98382],[-50.45425,-1.99358],[-50.44302,-2.01165],[-50.4359,-2.0451],[-50.42858,-2.06292],[-50.41576,-2.07317],[-50.40978,-2.04746],[-50.40388,-2.03582],[-50.39464,-2.02549],[-50.38248,-2.01719],[-50.3737,-1.98708],[-50.37284,-1.97373],[-50.36446,-1.96123],[-50.31254,-1.90877],[-50.28077,-1.89383],[-50.25133,-1.90179],[-50.23156,-1.89577],[-50.20735,-1.89715],[-50.18273,-1.90423],[-50.16194,-1.91562],[-50.15478,-1.88274],[-50.13659,-1.86199],[-50.11042,-1.84922],[-50.02489,-1.8261],[-50.0006,-1.82366],[-49.97692,-1.8261],[-49.95271,-1.83343],[-49.93224,-1.84295],[-49.87536,-1.87957],[-49.86929,-1.88877],[-49.86706,-1.90553],[-49.87047,-1.91904],[-49.8944,-1.96331],[-49.87483,-1.94297],[-49.86026,-1.92246],[-49.85424,-1.94297],[-49.85066,-1.96258],[-49.85017,-1.98268],[-49.85342,-2.00498],[-49.8612,-2.02654],[-49.88195,-2.06658],[-49.88756,-2.0875],[-49.88073,-2.0875],[-49.86026,-2.04583],[-49.85342,-2.04583],[-49.84797,-2.06243],[-49.83751,-2.08115],[-49.82494,-2.09775],[-49.81249,-2.108],[-49.82893,-2.05779],[-49.83918,-2.00498],[-49.83788,-1.92669],[-49.84659,-1.90936],[-49.84659,-1.90179],[-49.83471,-1.90594],[-49.83088,-1.91806],[-49.83235,-1.94964],[-49.82335,-1.92816],[-49.81981,-1.9118],[-49.81045,-1.90057],[-49.78453,-1.89512],[-49.76049,-1.89674],[-49.74718,-1.90472],[-49.7237,-1.92913],[-49.72789,-1.91082],[-49.7213,-1.90407],[-49.71068,-1.9083],[-49.70263,-1.92246],[-49.694,-1.90732],[-49.6761,-1.90862],[-49.6542,-1.92018],[-49.61946,-1.95029],[-49.60464,-1.96787],[-49.59435,-1.98838],[-49.59276,-2.01165],[-49.57942,-1.99432],[-49.59293,-1.96404],[-49.63435,-1.90936],[-49.64737,-1.91562],[-49.65478,-1.89512],[-49.6317,-1.86785],[-49.59801,-1.84271],[-49.56334,-1.83522],[-49.53746,-1.86094],[-49.52237,-1.79599],[-49.51081,-1.77899],[-49.48522,-1.76393],[-49.46646,-1.76434],[-49.458,-1.77874],[-49.463,-1.80576],[-49.45287,-1.79998],[-49.4359,-1.78493],[-49.42203,-1.77899],[-49.42821,-1.79876],[-49.45116,-1.82464],[-49.45617,-1.83668],[-49.45421,-1.85613],[-49.44758,-1.86989],[-49.4348,-1.87998],[-49.41466,-1.88828],[-49.37922,-1.89642],[-49.37043,-1.90504],[-49.36742,-1.92571],[-49.36974,-1.9402],[-49.3758,-1.95721],[-49.38435,-1.97283],[-49.39411,-1.98382],[-49.39411,-1.99131],[-49.38109,-1.99131],[-49.38907,-2.00563],[-49.41291,-2.02744],[-49.42203,-2.03899],[-49.42553,-2.05088],[-49.42821,-2.13152],[-49.43049,-2.14121],[-49.4403,-2.1609],[-49.44555,-2.18377],[-49.46984,-2.20355],[-49.503,-2.2584],[-49.50398,-2.31024],[-49.50646,-2.31959],[-49.5244,-2.34124],[-49.52721,-2.35084],[-49.52892,-2.37078],[-49.53132,-2.38047],[-49.54894,-2.40309],[-49.55175,-2.41277],[-49.55069,-2.42376],[-49.54601,-2.44256],[-49.5421,-2.49717],[-49.54577,-2.51653],[-49.60782,-2.60491],[-49.61726,-2.615],[-49.64053,-2.61972],[-49.66063,-2.63177],[-49.67691,-2.6491],[-49.68895,-2.66904],[-49.66369,-2.67767],[-49.61986,-2.67018],[-49.54491,-2.64235],[-49.52741,-2.62835],[-49.52355,-2.61565],[-49.52379,-2.60076],[-49.5183,-2.58026],[-49.51195,-2.5735],[-49.48656,-2.56032],[-49.48253,-2.55682],[-49.47728,-2.53248],[-49.45275,-2.5075],[-49.44262,-2.49236],[-49.4357,-2.47039],[-49.43444,-2.45184],[-49.43676,-2.41399],[-49.4357,-2.39528],[-49.42683,-2.36728],[-49.33161,-2.20477],[-49.31395,-2.16041],[-49.30602,-2.12444],[-49.30476,-2.10459],[-49.30053,-2.09092],[-49.232,-1.94817],[-49.20409,-1.90732],[-49.17565,-1.88144],[-49.16002,-1.87575],[-49.14557,-1.85676],[-49.14276,-1.83995],[-49.12866,-1.80071],[-49.12301,-1.76801],[-49.08673,-1.74889],[-49.04965,-1.72179],[-49.00886,-1.68112],[-48.99154,-1.63548],[-48.96559,-1.59972],[-48.92608,-1.5936],[-48.90312,-1.58423],[-48.87787,-1.57117],[-48.86478,-1.55996],[-48.85637,-1.55903],[-48.85732,-1.56652],[-48.87508,-1.58614],[-48.89285,-1.59825],[-48.89568,-1.62254],[-48.90317,-1.63842],[-48.91161,-1.67298],[-48.9303,-1.68604],[-48.9462,-1.7047],[-48.94248,-1.71965],[-48.94343,-1.743],[-48.9556,-1.76633],[-48.9687,-1.78592],[-48.99582,-1.79337],[-49.01172,-1.80736],[-49.01829,-1.8279],[-49.03233,-1.8391],[-49.03327,-1.84657],[-49.01732,-1.84726],[-49.00242,-1.84286],[-48.99212,-1.8326],[-48.98275,-1.81393],[-48.95658,-1.80368],[-48.92947,-1.78783],[-48.91729,-1.76263],[-48.91073,-1.7421],[-48.90026,-1.73455],[-48.89306,-1.72283],[-48.8839,-1.71746],[-48.88142,-1.71347],[-48.89025,-1.69378],[-48.89074,-1.68646],[-48.8824,-1.67962],[-48.864,-1.67156],[-48.85631,-1.66595],[-48.84777,-1.64967],[-48.84508,-1.64137],[-48.83678,-1.64275],[-48.82966,-1.64056],[-48.81969,-1.6404],[-48.81534,-1.63836],[-48.81282,-1.63405],[-48.81322,-1.62542],[-48.81188,-1.62127],[-48.73681,-1.51141],[-48.73542,-1.50742],[-48.73583,-1.49879],[-48.73306,-1.49432],[-48.71569,-1.49098],[-48.69933,-1.47291],[-48.67637,-1.41757],[-48.65695,-1.38338],[-48.64212,-1.38567],[-48.61821,-1.42789],[-48.60643,-1.45623],[-48.57592,-1.51263],[-48.56176,-1.5289],[-48.55232,-1.54437],[-48.54385,-1.56561],[-48.53502,-1.58148],[-48.52392,-1.58034],[-48.50231,-1.61207],[-48.49022,-1.61907],[-48.46593,-1.62127],[-48.45263,-1.62566],[-48.44205,-1.63641],[-48.42833,-1.66229],[-48.42146,-1.64512],[-48.42447,-1.62615],[-48.43098,-1.60719],[-48.43456,-1.59027],[-48.44302,-1.57],[-48.47838,-1.53509],[-48.4829,-1.51141],[-48.46483,-1.52207],[-48.44791,-1.52597],[-48.42805,-1.52418],[-48.3758,-1.51051],[-48.35582,-1.50042],[-48.33959,-1.48724],[-48.32531,-1.47047],[-48.33414,-1.46868],[-48.36628,-1.47047],[-48.37755,-1.46917],[-48.39794,-1.46185],[-48.40722,-1.45623],[-48.41763,-1.4651],[-48.43493,-1.47096],[-48.45556,-1.47291],[-48.47615,-1.47047],[-48.49657,-1.46136],[-48.50328,-1.4485],[-48.50158,-1.43125],[-48.49657,-1.40838],[-48.48982,-1.32692],[-48.48275,-1.2813],[-48.4359,-1.21869],[-48.42317,-1.23252],[-48.42853,-1.26544],[-48.42539,-1.29731],[-48.40982,-1.30283],[-48.33971,-1.31601],[-48.33458,-1.31365],[-48.33161,-1.2942],[-48.32649,-1.27947],[-48.32006,-1.22959],[-48.30504,-1.18825],[-48.28136,-1.16709],[-48.25015,-1.18939],[-48.25731,-1.17352],[-48.2694,-1.16172],[-48.27701,-1.15],[-48.27066,-1.1347],[-48.27815,-1.12851],[-48.27066,-1.12103],[-48.25894,-1.12615],[-48.24816,-1.12282],[-48.23668,-1.11688],[-48.22289,-1.11354],[-48.23461,-1.10882],[-48.2744,-1.11354],[-48.29113,-1.07952],[-48.29601,-1.0556],[-48.29174,-1.04363],[-48.2777,-1.03965],[-48.23095,-1.03875],[-48.21251,-1.03655],[-48.19811,-1.03045],[-48.18749,-1.01865],[-48.18293,-0.98821],[-48.17785,-0.98382],[-48.17618,-0.97975],[-48.1608,-0.96006],[-48.15868,-0.93646],[-48.15396,-0.91497],[-48.14306,-0.90586],[-48.14029,-0.9013],[-48.14655,-0.88079],[-48.1411,-0.85475],[-48.14029,-0.84295],[-48.14354,-0.83327],[-48.15758,-0.82138],[-48.1608,-0.81601],[-48.15917,-0.79665],[-48.15404,-0.78183],[-48.11156,-0.72454],[-48.03791,-0.66172],[-48.02526,-0.67571],[-48.02111,-0.68353],[-48.01745,-0.6959],[-48.01781,-0.70273],[-48.02355,-0.71543],[-48.02359,-0.72324],[-48.01207,-0.73105],[-48.00255,-0.74652],[-47.96963,-0.77947],[-47.96215,-0.78183],[-47.94612,-0.74049],[-47.87792,-0.69687],[-47.86624,-0.67351],[-47.85009,-0.67099],[-47.82128,-0.67978],[-47.80244,-0.69033],[-47.80738,-0.67731],[-47.82223,-0.66489],[-47.82529,-0.63948],[-47.82462,-0.60665],[-47.81592,-0.5887],[-47.8128,-0.57384],[-47.80907,-0.56517],[-47.78989,-0.58254],[-47.77504,-0.59929],[-47.7695,-0.61974],[-47.77025,-0.63714],[-47.74682,-0.63388],[-47.72517,-0.64414],[-47.71642,-0.66774],[-47.71573,-0.71299],[-47.7224,-0.72438],[-47.73522,-0.73545],[-47.7434,-0.74627],[-47.73632,-0.75726],[-47.72867,-0.75652],[-47.65282,-0.72389],[-47.62662,-0.70721],[-47.61059,-0.69394],[-47.59728,-0.67734],[-47.58829,-0.6417],[-47.5781,-0.63541],[-47.58716,-0.61396],[-47.58451,-0.57825],[-47.5592,-0.59127],[-47.53844,-0.61078],[-47.54301,-0.62701],[-47.52941,-0.64609],[-47.524,-0.66912],[-47.50914,-0.68727],[-47.49328,-0.71209],[-47.48738,-0.72828],[-47.48766,-0.7457],[-47.49669,-0.76474],[-47.42406,-0.76474],[-47.4086,-0.77109],[-47.40636,-0.80145],[-47.39306,-0.81259],[-47.39306,-0.80071],[-47.39086,-0.78973],[-47.38634,-0.77996],[-47.37938,-0.77093],[-47.38927,-0.76263],[-47.392,-0.75628],[-47.39306,-0.74717],[-47.41413,-0.73691],[-47.43879,-0.7033],[-47.44831,-0.6959],[-47.4547,-0.71657],[-47.46019,-0.72454],[-47.46874,-0.73064],[-47.47004,-0.62184],[-47.46443,-0.60906],[-47.44831,-0.60711],[-47.4619,-0.59287],[-47.4464,-0.58514],[-47.43017,-0.58001],[-47.41438,-0.58123],[-47.39981,-0.59287],[-47.40966,-0.6098],[-47.41413,-0.61395],[-47.41002,-0.62835],[-47.4147,-0.66131],[-47.40734,-0.68157],[-47.4088,-0.6701],[-47.4073,-0.66025],[-47.40217,-0.65252],[-47.39306,-0.64813],[-47.39029,-0.66155],[-47.38573,-0.67278],[-47.37804,-0.67986],[-47.36571,-0.68157],[-47.36571,-0.67604],[-47.37401,-0.67034],[-47.38024,-0.65887],[-47.38109,-0.64544],[-47.37316,-0.63388],[-47.35945,-0.63096],[-47.34643,-0.6373],[-47.3247,-0.65488],[-47.32628,-0.63909],[-47.3402,-0.62021],[-47.3452,-0.60711],[-47.32885,-0.61346],[-47.31664,-0.6076],[-47.3059,-0.59791],[-47.29402,-0.59287],[-47.27912,-0.59922],[-47.27709,-0.61419],[-47.27904,-0.6325],[-47.27636,-0.64813],[-47.26952,-0.64813],[-47.25788,-0.64088],[-47.2508,-0.64707],[-47.24958,-0.66058],[-47.25585,-0.67604],[-47.23876,-0.66473],[-47.23449,-0.65106],[-47.24279,-0.62021],[-47.19811,-0.65154],[-47.19457,-0.66383],[-47.19994,-0.67693],[-47.20861,-0.68182],[-47.21548,-0.66912],[-47.22232,-0.66912],[-47.22533,-0.67962],[-47.23062,-0.68727],[-47.23851,-0.69264],[-47.24901,-0.6959],[-47.24901,-0.70273],[-47.23595,-0.7164],[-47.22912,-0.7164],[-47.22224,-0.70232],[-47.20824,-0.69915],[-47.19091,-0.70281],[-47.17394,-0.70957],[-47.17406,-0.69883],[-47.17199,-0.69215],[-47.16088,-0.68157],[-47.1549,-0.69752],[-47.1542,-0.71331],[-47.15844,-0.72877],[-47.1671,-0.74375],[-47.17365,-0.74847],[-47.19091,-0.75628],[-47.19441,-0.761],[-47.19083,-0.7702],[-47.18273,-0.76971],[-47.17357,-0.76409],[-47.1671,-0.75726],[-47.15575,-0.76409],[-47.14802,-0.7741],[-47.13976,-0.79892],[-47.13467,-0.78053],[-47.13854,-0.7597],[-47.13956,-0.74139],[-47.12609,-0.73064],[-47.12474,-0.73797],[-47.11929,-0.75058],[-47.11522,-0.74188],[-47.11929,-0.71982],[-47.11783,-0.71315],[-47.10562,-0.6959],[-47.10289,-0.67498],[-47.09899,-0.66562],[-47.08825,-0.66172],[-47.07755,-0.6657],[-47.07307,-0.67523],[-47.0736,-0.68646],[-47.07836,-0.6959],[-47.07258,-0.69793],[-47.07152,-0.70273],[-47.0797,-0.70965],[-47.07966,-0.73594],[-47.08454,-0.75058],[-47.07836,-0.75726],[-47.07152,-0.74375],[-47.06599,-0.7597],[-47.06469,-0.77703],[-47.05989,-0.78965],[-47.04357,-0.79144],[-47.05427,-0.80283],[-47.07348,-0.81536],[-47.07836,-0.82627],[-47.07657,-0.8366],[-47.06261,-0.85589],[-47.0572,-0.86712],[-47.05419,-0.85654],[-47.05101,-0.81943],[-47.04776,-0.81072],[-47.04235,-0.80071],[-47.0299,-0.78525],[-47.01622,-0.79144],[-47.01659,-0.77011],[-47.01525,-0.76002],[-47.00841,-0.75726],[-46.99267,-0.75726],[-46.98461,-0.7492],[-46.97737,-0.73056],[-46.96911,-0.6959],[-46.95686,-0.71014],[-46.95702,-0.73545],[-46.96911,-0.78525],[-46.96166,-0.78525],[-46.95482,-0.77093],[-46.94628,-0.77606],[-46.94249,-0.7824],[-46.94286,-0.79013],[-46.94738,-0.79892],[-46.92809,-0.79892],[-46.94115,-0.82627],[-46.92809,-0.81943],[-46.92223,-0.83457],[-46.93033,-0.84287],[-46.95482,-0.85361],[-46.963,-0.865],[-46.96837,-0.87965],[-46.965,-0.89332],[-46.94738,-0.9013],[-46.94864,-0.8847],[-46.95165,-0.87168],[-46.94913,-0.8615],[-46.93432,-0.85361],[-46.91177,-0.86004],[-46.90079,-0.85735],[-46.90022,-0.83929],[-46.89273,-0.84678],[-46.89135,-0.83416],[-46.89273,-0.78525],[-46.88402,-0.78997],[-46.87768,-0.79567],[-46.87393,-0.80291],[-46.87287,-0.81259],[-46.86539,-0.81259],[-46.859,-0.8025],[-46.84557,-0.79892],[-46.84984,-0.79127],[-46.85595,-0.78558],[-46.87287,-0.77842],[-46.85863,-0.76572],[-46.83292,-0.73008],[-46.81823,-0.72324],[-46.81823,-0.7164],[-46.83129,-0.70957],[-46.8192,-0.71168],[-46.80919,-0.71722],[-46.8015,-0.72576],[-46.79654,-0.73691],[-46.8081,-0.74],[-46.81086,-0.74668],[-46.80639,-0.75547],[-46.79654,-0.76474],[-46.81143,-0.77068],[-46.81823,-0.77093],[-46.81823,-0.77842],[-46.81192,-0.78485],[-46.81334,-0.79078],[-46.82046,-0.79567],[-46.83129,-0.79892],[-46.83129,-0.80511],[-46.82128,-0.80779],[-46.81786,-0.81414],[-46.81945,-0.82293],[-46.82445,-0.8331],[-46.81298,-0.82985],[-46.80443,-0.82513],[-46.79894,-0.81715],[-46.79654,-0.80511],[-46.79035,-0.80511],[-46.7976,-0.86053],[-46.79967,-0.86517],[-46.79654,-0.87461],[-46.78287,-0.9013],[-46.77864,-0.88584],[-46.78637,-0.86273],[-46.77668,-0.84678],[-46.76989,-0.84678],[-46.76989,-0.86712],[-46.75963,-0.8615],[-46.75561,-0.85019],[-46.75552,-0.81943],[-46.74511,-0.82928],[-46.71963,-0.86484],[-46.71459,-0.8777],[-46.71874,-0.89463],[-46.74938,-0.94297],[-46.73327,-0.93092],[-46.7093,-0.88982],[-46.69787,-0.88079],[-46.69904,-0.86842],[-46.69762,-0.84384],[-46.68871,-0.82578],[-46.66739,-0.8331],[-46.66063,-0.8449],[-46.6599,-0.85589],[-46.65697,-0.86395],[-46.64322,-0.86712],[-46.63268,-0.86321],[-46.63516,-0.85328],[-46.65673,-0.81397],[-46.65591,-0.80182],[-46.63809,-0.80185],[-46.6138,-0.81324],[-46.59854,-0.86712],[-46.62247,-0.89804],[-46.62645,-0.90879],[-46.61901,-0.90879],[-46.6114,-0.9039],[-46.60875,-0.91107],[-46.61132,-0.924],[-46.61901,-0.93548],[-46.63264,-0.94346],[-46.64623,-0.94541],[-46.65657,-0.93914],[-46.66002,-0.92246],[-46.66739,-0.92246],[-46.67309,-0.93662],[-46.68228,-0.94671],[-46.72354,-0.97283],[-46.73746,-0.98431],[-46.74706,-0.99912],[-46.74938,-1.01865],[-46.73815,-1.00156],[-46.72069,-0.98398],[-46.70043,-0.9699],[-46.68106,-0.96347],[-46.67724,-0.96559],[-46.65366,-0.96703],[-46.62612,-0.9622],[-46.60506,-0.95656],[-46.58159,-0.97036],[-46.56456,-0.95095],[-46.5613,-0.92829],[-46.54589,-0.91374],[-46.51835,-0.90082],[-46.50295,-0.88384],[-46.48756,-0.87901],[-46.47542,-0.88388],[-46.4657,-0.8766],[-46.42763,-0.86855],[-46.41631,-0.88071],[-46.42119,-0.89447],[-46.4382,-0.90254],[-46.46088,-0.90656],[-46.48033,-0.91949],[-46.47306,-0.9365],[-46.47713,-0.95268],[-46.48929,-0.96481],[-46.4885,-0.97614],[-46.47151,-0.98588],[-46.48009,-1.02223],[-46.46679,-1.02313],[-46.46272,-1.03167],[-46.47501,-1.04534],[-46.46459,-1.04583],[-46.4532,-1.04355],[-46.44408,-1.03777],[-46.4403,-1.02825],[-46.43566,-1.02386],[-46.40673,-1.03916],[-46.39269,-1.02711],[-46.38451,-1.00986],[-46.3649,-1.0084],[-46.36706,-1.02549],[-46.36579,-1.04534],[-46.3612,-1.06732],[-46.35652,-1.07529],[-46.35294,-1.06911],[-46.35147,-1.049],[-46.34618,-1.03395],[-46.33446,-1.02215],[-46.32266,-1.02028],[-46.31737,-1.03533],[-46.31737,-1.07334],[-46.32433,-1.09735],[-46.32482,-1.10735],[-46.30956,-1.09588],[-46.30126,-1.0792],[-46.29768,-1.05771],[-46.29686,-1.03167],[-46.29003,-1.03167],[-46.28063,-1.04892],[-46.25626,-1.07708],[-46.24844,-1.09368],[-46.25402,-1.07741],[-46.27111,-1.05364],[-46.27636,-1.03916],[-46.28332,-1.02939],[-46.28332,-1.02207],[-46.26415,-1.0167],[-46.28148,-0.99745],[-46.27898,-0.98626],[-46.26777,-0.97135],[-46.26215,-0.95022],[-46.25031,-0.93095],[-46.23424,-0.91709],[-46.20031,-0.90765],[-46.17178,-0.92099],[-46.17394,-0.95664],[-46.19001,-0.95916],[-46.20348,-0.97633],[-46.21557,-0.99733],[-46.22118,-1.01116],[-46.20572,-1.00661],[-46.1986,-1.01051],[-46.20124,-1.01824],[-46.21496,-1.02483],[-46.21081,-1.03509],[-46.20751,-1.03916],[-46.22118,-1.05902],[-46.2115,-1.0748],[-46.26212,-1.1832],[-46.23054,-1.14772],[-46.22118,-1.14153],[-46.20885,-1.14316],[-46.19603,-1.14935],[-46.18212,-1.15325],[-46.16649,-1.14837],[-46.15543,-1.12615],[-46.14708,-1.11419],[-46.13923,-1.11354],[-46.1363,-1.12607],[-46.14452,-1.16139],[-46.14607,-1.17637],[-46.1328,-1.16399],[-46.12682,-1.14609],[-46.1256,-1.10394],[-46.12263,-1.09531],[-46.11571,-1.08506],[-46.10774,-1.07675],[-46.10167,-1.07334],[-46.0939,-1.07586],[-46.09048,-1.08245],[-46.08458,-1.10052],[-46.06847,-1.13047],[-46.06469,-1.14764],[-46.08556,-1.16204],[-46.09411,-1.17832],[-46.09533,-1.19655],[-46.08458,-1.21038],[-46.07238,-1.20159],[-46.06359,-1.18963],[-46.05045,-1.16269],[-46.0406,-1.17523],[-46.0397,-1.18711],[-46.05045,-1.21038],[-46.03222,-1.20078],[-46.0301,-1.18467],[-46.03453,-1.16579],[-46.0362,-1.14837],[-46.03132,-1.13844],[-46.02331,-1.12754],[-46.01667,-1.11321],[-46.01574,-1.09368],[-46.0089,-1.09368],[-46.00886,-1.09824],[-46.00268,-1.10735],[-45.99083,-1.10426],[-45.99313,-1.07909],[-45.99258,-1.06762],[-45.97945,-1.05508],[-45.96415,-1.06386],[-45.9647,-1.0726],[-45.96109,-1.0862],[-45.96963,-1.08679],[-45.97444,-1.09124],[-45.96109,-1.10735],[-45.97191,-1.1111],[-45.97671,-1.1194],[-45.9816,-1.14153],[-45.97191,-1.13698],[-45.96276,-1.13543],[-45.9547,-1.13689],[-45.94807,-1.14153],[-45.96081,-1.14609],[-45.99889,-1.15179],[-46.00268,-1.1928],[-45.99795,-1.20143],[-45.97297,-1.20525],[-45.96109,-1.21038],[-45.95572,-1.21999],[-45.95596,-1.24041],[-45.94807,-1.2514],[-45.93904,-1.24627],[-45.93448,-1.24],[-45.93493,-1.23252],[-45.94066,-1.2234],[-45.93611,-1.22275],[-45.92638,-1.21722],[-45.93053,-1.20094],[-45.92333,-1.17303],[-45.88989,-1.09075],[-45.86749,-1.06347],[-45.85384,-1.06786],[-45.85387,-1.10117],[-45.88524,-1.14088],[-45.89,-1.15439],[-45.90587,-1.17254],[-45.90722,-1.19752],[-45.90587,-1.21038],[-45.89802,-1.18304],[-45.89184,-1.17205],[-45.87922,-1.16269],[-45.8828,-1.17881],[-45.88537,-1.1832],[-45.87279,-1.20224],[-45.88061,-1.21941],[-45.89428,-1.23707],[-45.89965,-1.25758],[-45.87385,-1.23545],[-45.86486,-1.23089],[-45.86486,-1.23707],[-45.86848,-1.24424],[-45.86486,-1.2514],[-45.86486,-1.25758],[-45.87092,-1.26336],[-45.88537,-1.28485],[-45.86254,-1.27313],[-45.84667,-1.25701],[-45.83837,-1.23431],[-45.83821,-1.2029],[-45.82738,-1.21852],[-45.82095,-1.24179],[-45.82055,-1.26279],[-45.82763,-1.27191],[-45.84057,-1.27955],[-45.83458,-1.29713],[-45.82095,-1.31569],[-45.8109,-1.32643],[-45.81949,-1.29616],[-45.8098,-1.27508],[-45.79369,-1.26767],[-45.78295,-1.27801],[-45.77432,-1.26425],[-45.76842,-1.22877],[-45.76244,-1.21038],[-45.74791,-1.20403],[-45.72159,-1.13494],[-45.70104,-1.1347],[-45.69603,-1.16058],[-45.72737,-1.22568],[-45.73453,-1.2514],[-45.72834,-1.2514],[-45.72151,-1.23707],[-45.70295,-1.22236],[-45.68857,-1.20219],[-45.67965,-1.20995],[-45.6727,-1.2441],[-45.67505,-1.25923],[-45.66459,-1.26855],[-45.65412,-1.27438],[-45.65957,-1.29299],[-45.65181,-1.29999],[-45.65105,-1.31744],[-45.65611,-1.33335],[-45.66348,-1.34654],[-45.67009,-1.35391],[-45.67554,-1.36632],[-45.64074,-1.37054],[-45.63231,-1.36736],[-45.62157,-1.35719],[-45.61636,-1.34832],[-45.61172,-1.33457],[-45.61046,-1.32008],[-45.62295,-1.29599],[-45.61998,-1.28428],[-45.61026,-1.27565],[-45.59801,-1.27191],[-45.58324,-1.27435],[-45.57921,-1.28151],[-45.58463,-1.28916],[-45.59801,-1.29241],[-45.58373,-1.29852],[-45.588,-1.30706],[-45.58947,-1.31422],[-45.58812,-1.32073],[-45.58373,-1.32643],[-45.5598,-1.28314],[-45.54385,-1.27028],[-45.52969,-1.28485],[-45.54214,-1.28476],[-45.54939,-1.28973],[-45.55187,-1.29941],[-45.5502,-1.31219],[-45.52969,-1.30592],[-45.53673,-1.31862],[-45.54516,-1.32741],[-45.55101,-1.3375],[-45.5502,-1.35377],[-45.53653,-1.34637],[-45.53572,-1.33685],[-45.52522,-1.32488],[-45.52286,-1.31219],[-45.51545,-1.31219],[-45.51232,-1.36061],[-45.52343,-1.38567],[-45.52929,-1.40447],[-45.52969,-1.41579],[-45.51399,-1.4035],[-45.47134,-1.35019],[-45.46898,-1.34319],[-45.46679,-1.32301],[-45.46081,-1.31219],[-45.45328,-1.30706],[-45.41983,-1.29241],[-45.44713,-1.29241],[-45.42838,-1.2868],[-45.41568,-1.28769],[-45.40852,-1.29681],[-45.40616,-1.31601],[-45.41299,-1.35019],[-45.41731,-1.35418],[-45.43603,-1.35329],[-45.4403,-1.35719],[-45.46825,-1.36745],[-45.47305,-1.37566],[-45.47448,-1.40162],[-45.48453,-1.43011],[-45.48672,-1.4472],[-45.48131,-1.46364],[-45.50422,-1.45867],[-45.5183,-1.46453],[-45.54271,-1.49098],[-45.53108,-1.48968],[-45.52221,-1.48415],[-45.51684,-1.47527],[-45.51545,-1.46364],[-45.50178,-1.46999],[-45.49616,-1.48089],[-45.49865,-1.49334],[-45.50927,-1.50457],[-45.4984,-1.50514],[-45.49132,-1.50335],[-45.4862,-1.49871],[-45.48131,-1.49098],[-45.46451,-1.50058],[-45.46142,-1.51629],[-45.46312,-1.53314],[-45.46081,-1.54616],[-45.44913,-1.52809],[-45.44823,-1.50506],[-45.45458,-1.46006],[-45.45104,-1.45371],[-45.43212,-1.43328],[-45.42333,-1.42889],[-45.41808,-1.43385],[-45.42032,-1.445],[-45.42642,-1.4568],[-45.43293,-1.46364],[-45.42349,-1.45908],[-45.40852,-1.44549],[-45.40274,-1.44256],[-45.38573,-1.4122],[-45.37955,-1.39373],[-45.35558,-1.34954],[-45.35464,-1.33636],[-45.36022,-1.32024],[-45.34683,-1.3117],[-45.32616,-1.31292],[-45.30997,-1.32643],[-45.30728,-1.33603],[-45.2963,-1.41579],[-45.30997,-1.40838],[-45.32238,-1.43678],[-45.34187,-1.45306],[-45.36588,-1.46592],[-45.39196,-1.48415],[-45.38573,-1.49098],[-45.37784,-1.47942],[-45.36925,-1.47283],[-45.36018,-1.47178],[-45.35094,-1.47674],[-45.3651,-1.50384],[-45.3697,-1.51963],[-45.37145,-1.53533],[-45.39257,-1.54803],[-45.40095,-1.56015],[-45.39196,-1.58034],[-45.38622,-1.56439],[-45.38573,-1.54616],[-45.35106,-1.55999],[-45.3402,-1.58319],[-45.34337,-1.61159],[-45.36559,-1.68475],[-45.36461,-1.70387],[-45.35888,-1.71941],[-45.35017,-1.73008],[-45.33837,-1.73789],[-45.32364,-1.74481],[-45.28441,-1.73219],[-45.27123,-1.72161],[-45.27648,-1.70387],[-45.26207,-1.6959],[-45.22789,-1.68304],[-45.22126,-1.67278],[-45.22631,-1.65651],[-45.24942,-1.62469],[-45.25536,-1.6076],[-45.24747,-1.57928],[-45.22728,-1.54746],[-45.20417,-1.52516],[-45.17968,-1.52565],[-45.17585,-1.50042],[-45.1632,-1.48284],[-45.14867,-1.48154],[-45.13866,-1.50457],[-45.13182,-1.50457],[-45.12768,-1.48699],[-45.11583,-1.4778],[-45.10342,-1.47259],[-45.09773,-1.46705],[-45.09138,-1.46412],[-45.08141,-1.47161],[-45.08121,-1.48113],[-45.10456,-1.48415],[-45.07893,-1.48358],[-45.07185,-1.47039],[-45.07067,-1.45029],[-45.06298,-1.42889],[-45.06151,-1.4664],[-45.05675,-1.47674],[-45.04971,-1.48219],[-45.03869,-1.48756],[-45.02721,-1.49017],[-45.01891,-1.48756],[-45.00674,-1.49066],[-44.99645,-1.50872],[-44.99804,-1.52402],[-45.02196,-1.51824],[-45.00967,-1.5333],[-44.98046,-1.53607],[-44.96736,-1.54616],[-44.96736,-1.55242],[-44.98497,-1.56121],[-45.00536,-1.56756],[-45.02038,-1.57871],[-45.02196,-1.60084],[-45.01574,-1.60084],[-45.00894,-1.5827],[-44.99584,-1.58196],[-44.96736,-1.59401],[-44.97175,-1.57936],[-44.96728,-1.56463],[-44.95946,-1.54909],[-44.95372,-1.53191],[-44.95385,-1.50172],[-44.94713,-1.49277],[-44.92638,-1.49098],[-44.92638,-1.48415],[-44.93383,-1.48415],[-44.93383,-1.47674],[-44.91564,-1.46868],[-44.89509,-1.45623],[-44.87824,-1.44118],[-44.86803,-1.42132],[-44.8612,-1.42694],[-44.85436,-1.43711],[-44.85131,-1.44622],[-44.84952,-1.47625],[-44.85131,-1.48415],[-44.85668,-1.48935],[-44.88537,-1.50457],[-44.89147,-1.51214],[-44.89704,-1.52801],[-44.91307,-1.54795],[-44.9195,-1.56276],[-44.91979,-1.58034],[-44.9121,-1.60084],[-44.92626,-1.60117],[-44.94392,-1.59735],[-44.95372,-1.60084],[-44.93932,-1.61102],[-44.92174,-1.62957],[-44.91527,-1.64723],[-44.93383,-1.65545],[-44.91812,-1.65749],[-44.91194,-1.65358],[-44.90307,-1.62469],[-44.90372,-1.61712],[-44.9003,-1.6098],[-44.88537,-1.60084],[-44.87316,-1.61289],[-44.86115,-1.63014],[-44.8474,-1.64129],[-44.83019,-1.63494],[-44.8474,-1.629],[-44.8507,-1.61614],[-44.84545,-1.60068],[-44.83703,-1.5866],[-44.84447,-1.5866],[-44.83804,-1.57285],[-44.83703,-1.5661],[-44.82291,-1.57586],[-44.81408,-1.59124],[-44.80997,-1.60947],[-44.81037,-1.62811],[-44.80362,-1.60931],[-44.80289,-1.60084],[-44.79182,-1.61842],[-44.79572,-1.63006],[-44.80508,-1.63974],[-44.81037,-1.65203],[-44.80639,-1.65944],[-44.78795,-1.67303],[-44.78238,-1.68279],[-44.78539,-1.68418],[-44.80289,-1.70387],[-44.77318,-1.7243],[-44.78637,-1.73773],[-44.79499,-1.74277],[-44.80289,-1.75164],[-44.81078,-1.74774],[-44.82404,-1.75164],[-44.82193,-1.75921],[-44.81652,-1.76531],[-44.774,-1.74066],[-44.76781,-1.72698],[-44.77554,-1.70387],[-44.74206,-1.7195],[-44.72496,-1.7234],[-44.70788,-1.71746],[-44.72061,-1.74961],[-44.75084,-1.77313],[-44.81037,-1.80576],[-44.81037,-1.81316],[-44.79516,-1.80755],[-44.75682,-1.80185],[-44.7445,-1.79608],[-44.73046,-1.78582],[-44.72305,-1.79127],[-44.71736,-1.80348],[-44.70788,-1.81316],[-44.67935,-1.81113],[-44.66259,-1.78541],[-44.65465,-1.74977],[-44.6527,-1.71746],[-44.59801,-1.74481],[-44.61425,-1.75368],[-44.62523,-1.76336],[-44.63288,-1.77565],[-44.63903,-1.79266],[-44.64061,-1.82187],[-44.64476,-1.83115],[-44.65953,-1.83359],[-44.65953,-1.83978],[-44.649,-1.83701],[-44.63268,-1.82806],[-44.621,-1.8261],[-44.61238,-1.82977],[-44.60265,-1.84482],[-44.59801,-1.84726],[-44.59187,-1.84043],[-44.58483,-1.81797],[-44.57323,-1.81316],[-44.56501,-1.81845],[-44.56444,-1.83074],[-44.569,-1.84441],[-44.57632,-1.8541],[-44.57014,-1.86094],[-44.56237,-1.85068],[-44.54654,-1.83782],[-44.54284,-1.8261],[-44.53018,-1.83375],[-44.52172,-1.84726],[-44.53767,-1.86492],[-44.57824,-1.88681],[-44.59065,-1.90179],[-44.57116,-1.90057],[-44.53661,-1.89186],[-44.52172,-1.89512],[-44.51309,-1.90455],[-44.50666,-1.9201],[-44.49914,-1.96152],[-44.49022,-1.97796],[-44.48815,-1.98748],[-44.49022,-1.99537],[-44.49914,-2.00384],[-44.50121,-2.0084],[-44.50959,-2.01556],[-44.52855,-2.01776],[-44.54939,-2.01605],[-44.5633,-2.01165],[-44.57457,-2.02402],[-44.58812,-2.03069],[-44.6173,-2.03899],[-44.60265,-2.04119],[-44.59801,-2.04583],[-44.58096,-2.03476],[-44.56135,-2.02956],[-44.541,-2.02923],[-44.52172,-2.03232],[-44.50451,-2.032],[-44.49625,-2.03558],[-44.49437,-2.04583],[-44.50056,-2.05446],[-44.53539,-2.08001],[-44.55407,-2.08717],[-44.57885,-2.12233],[-44.6079,-2.15374],[-44.63903,-2.14886],[-44.64525,-2.15569],[-44.63219,-2.15976],[-44.61644,-2.15936],[-44.59801,-2.15569],[-44.58861,-2.16546],[-44.59431,-2.17425],[-44.6173,-2.18987],[-44.65543,-2.23113],[-44.67626,-2.23984],[-44.70788,-2.23756],[-44.70104,-2.2444],[-44.6975,-2.25042],[-44.69359,-2.26556],[-44.73327,-2.25335],[-44.75137,-2.25205],[-44.76968,-2.2597],[-44.78474,-2.27516],[-44.80118,-2.28574],[-44.82404,-2.27923],[-44.80431,-2.29144],[-44.75943,-2.27483],[-44.71784,-2.26556],[-44.70788,-2.29974],[-44.70051,-2.29974],[-44.69323,-2.28541],[-44.67927,-2.27386],[-44.66564,-2.27093],[-44.65953,-2.28265],[-44.66186,-2.29648],[-44.68,-2.3209],[-44.6881,-2.34344],[-44.70421,-2.35809],[-44.71085,-2.36834],[-44.7152,-2.39284],[-44.72094,-2.40211],[-44.7141,-2.40895],[-44.71129,-2.3969],[-44.70718,-2.38844],[-44.70141,-2.38177],[-44.67431,-2.36012],[-44.66397,-2.3567],[-44.65953,-2.36435],[-44.6647,-2.40399],[-44.66348,-2.42059],[-44.6527,-2.42946],[-44.65559,-2.42018],[-44.65624,-2.40748],[-44.65416,-2.39446],[-44.64403,-2.37477],[-44.64599,-2.36647],[-44.6527,-2.35125],[-44.65225,-2.32789],[-44.64977,-2.30877],[-44.64354,-2.29079],[-44.63158,-2.27174],[-44.58483,-2.23016],[-44.57323,-2.22405],[-44.56224,-2.22178],[-44.55403,-2.2164],[-44.54284,-2.20355],[-44.54516,-2.20403],[-44.54284,-2.18987],[-44.53978,-2.18572],[-44.4973,-2.14788],[-44.46166,-2.14463],[-44.42711,-2.16237],[-44.39879,-2.19736],[-44.38976,-2.21836],[-44.38561,-2.23797],[-44.38451,-2.27557],[-44.36897,-2.29274],[-44.36465,-2.29974],[-44.36246,-2.31032],[-44.3636,-2.33392],[-44.3734,-2.37737],[-44.38231,-2.39479],[-44.39538,-2.40211],[-44.43073,-2.40692],[-44.45344,-2.40748],[-44.47395,-2.40211],[-44.48021,-2.39658],[-44.49071,-2.38307],[-44.50381,-2.3764],[-44.51065,-2.36712],[-44.53807,-2.37965],[-44.55142,-2.39105],[-44.56298,-2.40472],[-44.57014,-2.41644],[-44.52335,-2.38714],[-44.50744,-2.38983],[-44.50121,-2.41953],[-44.51085,-2.46998],[-44.5216,-2.50009],[-44.53539,-2.51824],[-44.54711,-2.52142],[-44.55626,-2.51995],[-44.56518,-2.52117],[-44.57632,-2.53248],[-44.58804,-2.56219],[-44.59435,-2.56658],[-44.61295,-2.57024],[-44.63707,-2.57985],[-44.65599,-2.59319],[-44.65953,-2.60817],[-44.64476,-2.59303],[-44.59903,-2.57391],[-44.58007,-2.56357],[-44.57128,-2.55234],[-44.56745,-2.54225],[-44.56143,-2.53525],[-44.54625,-2.53248],[-44.54039,-2.53826],[-44.54503,-2.55055],[-44.55651,-2.56658],[-44.60753,-2.66969],[-44.63158,-2.69695],[-44.62523,-2.70664],[-44.62694,-2.71884],[-44.63903,-2.74481],[-44.64623,-2.76824],[-44.64769,-2.78729],[-44.64525,-2.83074],[-44.65014,-2.85467],[-44.68615,-2.91668],[-44.68733,-2.92441],[-44.68615,-2.95387],[-44.69359,-2.99489],[-44.68432,-3.01263],[-44.66295,-3.01767],[-44.63976,-3.01898],[-44.62474,-3.02597],[-44.62222,-3.05104],[-44.63976,-3.06902],[-44.66173,-3.08327],[-44.67251,-3.09791],[-44.67675,-3.11175],[-44.70788,-3.13584],[-44.71182,-3.14512],[-44.71715,-3.16888],[-44.72094,-3.17685],[-44.74059,-3.18694],[-44.76305,-3.19069],[-44.78157,-3.19695],[-44.78921,-3.21461],[-44.7871,-3.23333],[-44.78116,-3.25172],[-44.77233,-3.26946],[-44.7613,-3.28606],[-44.79601,-3.30023],[-44.76159,-3.3056],[-44.75373,-3.28981],[-44.7613,-3.23821],[-44.7552,-3.22015],[-44.74279,-3.20745],[-44.72541,-3.1998],[-44.67956,-3.19402],[-44.65998,-3.18467],[-44.64436,-3.16969],[-44.63158,-3.14951],[-44.6136,-3.11199],[-44.60009,-3.1041],[-44.57323,-3.10166],[-44.52916,-3.03216],[-44.48192,-3.00742],[-44.47395,-3.00172],[-44.46862,-2.98659],[-44.43297,-2.95029],[-44.42418,-2.9345],[-44.41544,-2.91399],[-44.40884,-2.89219],[-44.40624,-2.872],[-44.40807,-2.82635],[-44.40429,-2.80486],[-44.39196,-2.79314],[-44.39997,-2.78192],[-44.40624,-2.7789],[-44.37096,-2.66758],[-44.36465,-2.62868],[-44.35855,-2.64463],[-44.35782,-2.66277],[-44.35098,-2.66277],[-44.36807,-2.54957],[-44.35265,-2.52907],[-44.3452,-2.52581],[-44.32649,-2.52508],[-44.31224,-2.53192],[-44.30187,-2.54803],[-44.28893,-2.58026],[-44.28824,-2.55145],[-44.29198,-2.53981],[-44.3026,-2.53248],[-44.29979,-2.52125],[-44.30065,-2.49481],[-44.29263,-2.48105],[-44.27896,-2.47552],[-44.22008,-2.47039],[-44.11148,-2.41579],[-44.08288,-2.41644],[-44.07299,-2.39951],[-44.05305,-2.4],[-44.03441,-2.41522],[-44.02892,-2.44305],[-44.04638,-2.43865],[-44.0714,-2.43808],[-44.09215,-2.44346],[-44.09716,-2.45672],[-44.06363,-2.46299],[-44.06062,-2.47161],[-44.06013,-2.49489],[-44.05622,-2.50514],[-44.05435,-2.48659],[-44.04939,-2.47039],[-44.0419,-2.47039],[-44.03433,-2.49334],[-44.0327,-2.51328],[-44.03746,-2.5324],[-44.04939,-2.55291],[-44.06554,-2.55137],[-44.08288,-2.56032],[-44.09716,-2.58026],[-44.11758,-2.5875],[-44.12442,-2.5945],[-44.10656,-2.60231],[-44.11107,-2.622],[-44.1372,-2.67018],[-44.15103,-2.68011],[-44.16714,-2.68727],[-44.17968,-2.69012],[-44.19107,-2.6889],[-44.19783,-2.68515],[-44.21386,-2.66904],[-44.21032,-2.68646],[-44.2067,-2.69231],[-44.20018,-2.69695],[-44.21223,-2.7077],[-44.23986,-2.71453],[-44.2517,-2.72112],[-44.28551,-2.75221],[-44.3131,-2.76214],[-44.33849,-2.78493],[-44.3485,-2.81024],[-44.32995,-2.82733],[-44.32836,-2.80413],[-44.32274,-2.78509],[-44.31249,-2.77874],[-44.29638,-2.79314],[-44.30553,-2.81024],[-44.31005,-2.81422],[-44.31005,-2.82049],[-44.29638,-2.83416],[-44.28893,-2.80682],[-44.28405,-2.8056],[-44.27107,-2.80731],[-44.26846,-2.8034],[-44.26781,-2.79022],[-44.26549,-2.78053],[-44.25544,-2.76531],[-44.24616,-2.77402],[-44.22008,-2.79314],[-44.22615,-2.77695],[-44.21837,-2.76776],[-44.18651,-2.75905],[-44.18855,-2.77809],[-44.17471,-2.80706],[-44.1831,-2.82391],[-44.19115,-2.82969],[-44.20702,-2.83587],[-44.21386,-2.841],[-44.21886,-2.84824],[-44.21849,-2.85174],[-44.2141,-2.85174],[-44.20702,-2.8484],[-44.20055,-2.86207],[-44.20018,-2.86891],[-44.16666,-2.83807],[-44.15925,-2.82733],[-44.15396,-2.8305],[-44.15176,-2.83416],[-44.14147,-2.82041],[-44.13272,-2.80364],[-44.1267,-2.7859],[-44.12442,-2.76898],[-44.11807,-2.75774],[-44.10603,-2.74961],[-44.09813,-2.74871],[-44.1046,-2.75905],[-44.1046,-2.76531],[-44.09264,-2.76165],[-44.08288,-2.75221],[-44.07665,-2.75905],[-44.07966,-2.7693],[-44.07665,-2.7789],[-44.06981,-2.76531],[-44.06867,-2.77907],[-44.07193,-2.78948],[-44.08288,-2.80682],[-44.06811,-2.79518],[-44.06286,-2.77703],[-44.06363,-2.7348],[-44.06037,-2.71771],[-44.05248,-2.70192],[-44.03572,-2.67645],[-44.02294,-2.64886],[-44.01415,-2.6347],[-43.984,-2.61549],[-43.98046,-2.61159],[-43.9759,-2.61028],[-43.94636,-2.62868],[-43.94636,-2.62127],[-43.95775,-2.6124],[-43.95836,-2.60068],[-43.94636,-2.57399],[-43.93261,-2.55584],[-43.92325,-2.54681],[-43.91906,-2.54957],[-43.89175,-2.60052],[-43.87804,-2.63494],[-43.87438,-2.62282],[-43.88223,-2.59856],[-43.88488,-2.58367],[-43.87947,-2.57122],[-43.84632,-2.55634],[-43.83853,-2.55625],[-43.82762,-2.55105],[-43.81574,-2.55153],[-43.80492,-2.54925],[-43.78185,-2.53248],[-43.76696,-2.5263],[-43.7528,-2.52402],[-43.74641,-2.52923],[-43.73856,-2.51721],[-43.7401,-2.48691],[-43.72411,-2.47723],[-43.71251,-2.48854],[-43.70653,-2.51385],[-43.70857,-2.53973],[-43.72106,-2.55291],[-43.72106,-2.56032],[-43.71361,-2.56032],[-43.71361,-2.55291],[-43.7067,-2.55291],[-43.7067,-2.56032],[-43.69929,-2.56032],[-43.69913,-2.55364],[-43.69311,-2.53932],[-43.67675,-2.54559],[-43.65832,-2.54616],[-43.68098,-2.52956],[-43.68244,-2.50465],[-43.66845,-2.48333],[-43.64464,-2.47723],[-43.65734,-2.49391],[-43.66576,-2.51198],[-43.65241,-2.50164],[-43.63573,-2.49831],[-43.62198,-2.5053],[-43.61734,-2.52508],[-43.59748,-2.51621],[-43.55818,-2.53086],[-43.54223,-2.52508],[-43.54845,-2.51824],[-43.56045,-2.5193],[-43.56306,-2.50954],[-43.55826,-2.49578],[-43.54845,-2.48463],[-43.54845,-2.50514],[-43.53913,-2.49114],[-43.53673,-2.4782],[-43.5421,-2.46657],[-43.5559,-2.45672],[-43.53734,-2.43597],[-43.52367,-2.44264],[-43.51749,-2.46494],[-43.52184,-2.49147],[-43.50841,-2.49163],[-43.49983,-2.52483],[-43.48705,-2.53248],[-43.4945,-2.54616],[-43.4842,-2.54372],[-43.47696,-2.53769],[-43.46654,-2.51824],[-43.45836,-2.53509],[-43.45287,-2.55291],[-43.44563,-2.54485],[-43.4442,-2.53086],[-43.44807,-2.51483],[-43.4654,-2.48602],[-43.4525,-2.48382],[-43.41877,-2.49147],[-43.41877,-2.48463],[-43.43505,-2.4826],[-43.44725,-2.47161],[-43.45547,-2.4568],[-43.45979,-2.44305],[-43.45287,-2.44305],[-43.44811,-2.45192],[-43.43863,-2.45672],[-43.4261,-2.45818],[-43.41194,-2.45672],[-43.42809,-2.44166],[-43.47403,-2.41774],[-43.48705,-2.39528],[-43.48274,-2.37908],[-43.46737,-2.35369],[-43.46737,-2.34577],[-43.4544,-2.34145],[-43.4263,-2.33785],[-43.40756,-2.33713],[-43.36362,-2.34288],[-43.31177,-2.34647],[-43.25126,-2.36731],[-43.1994,-2.37951],[-43.11866,-2.41689],[-43.01403,-2.45721],[-42.94311,-2.48163],[-42.91631,-2.49244],[-42.85791,-2.52217],[-42.81916,-2.54616],[-42.77505,-2.56032],[-42.70995,-2.56032],[-42.70002,-2.56357],[-42.68782,-2.57724],[-42.68228,-2.58026],[-42.67284,-2.58913],[-42.63048,-2.64235],[-42.58088,-2.67205],[-42.5393,-2.68328],[-42.52746,-2.68328],[-42.51635,-2.68108],[-42.48713,-2.66904],[-42.48624,-2.68678],[-42.48949,-2.69964],[-42.49828,-2.7042],[-42.51439,-2.69695],[-42.50764,-2.72186],[-42.49352,-2.73122],[-42.47444,-2.7374],[-42.45299,-2.75221],[-42.44603,-2.747],[-42.4274,-2.73805],[-42.41812,-2.73113],[-42.41198,-2.73854],[-42.40734,-2.75018],[-42.37841,-2.75628],[-42.26427,-2.75905],[-42.25451,-2.76653],[-42.25398,-2.78346],[-42.25935,-2.80202],[-42.2674,-2.81422],[-42.23864,-2.80478],[-42.2342,-2.81072],[-42.23941,-2.83416],[-42.23327,-2.83416],[-42.22936,-2.8222],[-42.22224,-2.81243],[-42.20592,-2.79998],[-42.19311,-2.80918],[-42.17614,-2.81178],[-42.15953,-2.8095],[-42.14757,-2.8034],[-42.08239,-2.79998],[-42.08446,-2.80397],[-42.08983,-2.80682],[-42.08239,-2.82733],[-42.06774,-2.82],[-42.04719,-2.82147],[-42.02888,-2.82497],[-42.0209,-2.82391],[-42.01594,-2.81129],[-42.00402,-2.81259],[-41.96898,-2.83367],[-41.95543,-2.83904],[-41.94392,-2.83766],[-41.93904,-2.82391],[-41.93676,-2.78802],[-41.94042,-2.7737],[-41.95271,-2.7789],[-41.95889,-2.7789],[-41.97061,-2.76824],[-42.01531,-2.74113],[-42.0104,-2.72719],[-41.99562,-2.72144],[-41.83857,-2.72948],[-41.82126,-2.73357],[-41.84284,-2.76531],[-41.8321,-2.76247],[-41.80871,-2.74481],[-41.77868,-2.78216],[-41.69406,-2.83288],[-41.66506,-2.85591],[-41.65783,-2.86891],[-41.68517,-2.85467],[-41.67833,-2.86891],[-41.69884,-2.86207],[-41.69884,-2.86891],[-41.68615,-2.87591],[-41.67504,-2.87957],[-41.66393,-2.87786],[-41.65099,-2.86891],[-41.63988,-2.88494],[-41.62328,-2.8956],[-41.60155,-2.9013],[-41.51696,-2.907],[-41.48961,-2.90358],[-41.46544,-2.88877],[-41.45495,-2.89715],[-41.44856,-2.90594],[-41.44888,-2.91644],[-41.45861,-2.92978],[-41.44555,-2.92978],[-41.45092,-2.9389],[-41.45177,-2.94346],[-41.44005,-2.94166],[-41.43187,-2.93662],[-41.44005,-2.91424],[-41.42211,-2.90879],[-41.34309,-2.92034],[-41.33568,-2.92295],[-41.32901,-2.93222],[-41.32787,-2.94101],[-41.3321,-2.94744],[-41.34191,-2.95029],[-41.33751,-2.95452],[-41.32201,-2.9638],[-41.31648,-2.96087],[-41.31066,-2.96347],[-41.30529,-2.9695],[-41.30093,-2.97763],[-41.29475,-2.97763],[-41.29475,-2.9638],[-41.27392,-2.98008],[-41.25646,-3.00481],[-41.24454,-3.01523],[-41.2401,-2.98805],[-41.24328,-2.97275],[-41.25691,-2.9498],[-41.26403,-2.9284],[-41.28238,-2.9157],[-41.28726,-2.90301],[-41.2963,-2.90716],[-41.30289,-2.90789],[-41.31526,-2.90301],[-41.29971,-2.89674],[-41.27343,-2.87884],[-41.25691,-2.87518],[-41.19856,-2.87518],[-41.16796,-2.87884],[-41.13777,-2.88584],[-41.11071,-2.89772],[-41.08926,-2.91668],[-41.08251,-2.91668],[-41.08463,-2.90521],[-41.08996,-2.89446],[-41.10302,-2.87518],[-41.08926,-2.8825],[-40.93847,-2.86891],[-40.90001,-2.87518],[-40.89196,-2.87314],[-40.88793,-2.86403],[-40.84899,-2.85931],[-40.84138,-2.86468],[-40.83544,-2.8825],[-40.8286,-2.8825],[-40.81835,-2.87168],[-40.7692,-2.84678],[-40.75292,-2.841],[-40.58161,-2.82733],[-40.52741,-2.8034],[-40.50988,-2.79998],[-40.50674,-2.79795],[-40.49962,-2.78631],[-40.49315,-2.78672],[-40.47912,-2.79314],[-40.40307,-2.80592],[-40.27375,-2.80682],[-40.18806,-2.82049],[-40.17504,-2.82464],[-40.15478,-2.84352],[-40.14342,-2.8484],[-40.13244,-2.84401],[-40.12686,-2.83457],[-40.12092,-2.82838],[-40.10863,-2.83416],[-40.09634,-2.83074],[-40.06676,-2.84442],[-40.05061,-2.8484],[-40.00105,-2.84564],[-39.98571,-2.8484],[-39.90307,-2.90179],[-39.87243,-2.90984],[-39.86091,-2.9157],[-39.80748,-2.96754],[-39.79589,-2.97471],[-39.78336,-2.97763],[-39.76732,-2.98561],[-39.74303,-3.00368],[-39.72594,-3.02239],[-39.73184,-3.03216],[-39.71911,-3.03753],[-39.70458,-3.03965],[-39.71203,-3.02597],[-39.69791,-3.01719],[-39.68155,-3.02044],[-39.64314,-3.03965],[-39.61889,-3.03965],[-39.6149,-3.04225],[-39.60831,-3.06015],[-39.57112,-3.09092],[-39.49714,-3.13112],[-39.48546,-3.14577],[-39.39672,-3.18353],[-39.38394,-3.18629],[-39.35827,-3.18353],[-39.35277,-3.18678],[-39.34089,-3.20086],[-39.32046,-3.20762],[-39.28686,-3.23203],[-39.27794,-3.2304],[-39.27257,-3.23203],[-39.2674,-3.23642],[-39.2589,-3.25189],[-39.19371,-3.29681],[-39.16527,-3.32285],[-39.15648,-3.32757],[-39.14566,-3.32977],[-39.1258,-3.3305],[-39.11555,-3.3344],[-39.10131,-3.34856],[-39.09244,-3.36419],[-39.08056,-3.37705],[-39.0572,-3.38226],[-39.01549,-3.38405],[-38.99966,-3.38828],[-38.98518,-3.39593],[-38.96036,-3.41814],[-38.94274,-3.44459],[-38.91633,-3.50506],[-38.89721,-3.50026],[-38.88329,-3.50758],[-38.8706,-3.52068],[-38.85546,-3.53297],[-38.80748,-3.5473],[-38.78954,-3.57383],[-38.76305,-3.59824],[-38.732,-3.61989],[-38.7071,-3.62916],[-38.69441,-3.63665],[-38.67113,-3.66904],[-38.65966,-3.67645],[-38.59472,-3.69069],[-38.52619,-3.71803],[-38.49437,-3.72129],[-38.47741,-3.69744],[-38.46654,-3.7055],[-38.45735,-3.71844],[-38.43594,-3.7584],[-38.40978,-3.79314],[-38.40331,-3.80934],[-38.39582,-3.84059],[-38.38927,-3.85516],[-38.37804,-3.86972],[-38.32079,-3.92278],[-38.31021,-3.92962],[-38.2635,-3.95159],[-38.25133,-3.96185],[-38.18855,-4.05202],[-38.10668,-4.15789],[-38.02961,-4.2374],[-37.93456,-4.30779],[-37.91942,-4.31455],[-37.85424,-4.37591],[-37.83507,-4.38494],[-37.81371,-4.39129],[-37.79125,-4.3952],[-37.76863,-4.39642],[-37.71081,-4.51539],[-37.68375,-4.54843],[-37.6494,-4.57879],[-37.60725,-4.60809],[-37.56436,-4.62949],[-37.53734,-4.63812],[-37.5253,-4.63258],[-37.51382,-4.62379],[-37.48803,-4.62998],[-37.42711,-4.66106],[-37.32482,-4.69647],[-37.29255,-4.71795],[-37.2744,-4.74236],[-37.23111,-4.84206],[-37.18293,-4.9109],[-37.13492,-4.93141],[-37.11514,-4.92197],[-37.09813,-4.92059],[-37.08243,-4.92449],[-37.04939,-4.93792],[-37.03746,-4.93874],[-37.01138,-4.93141],[-36.98298,-4.92978],[-36.89875,-4.93825],[-36.88101,-4.9485],[-36.84765,-4.98593],[-36.84349,-4.99285],[-36.83312,-4.99733],[-36.82071,-5.00774],[-36.81029,-5.02011],[-36.80598,-5.03004],[-36.79088,-5.0512],[-36.75658,-5.06683],[-36.71955,-5.07537],[-36.69612,-5.07545],[-36.69571,-5.08961],[-36.68224,-5.09222],[-36.64147,-5.08904],[-36.60692,-5.09637],[-36.59,-5.10296],[-36.56115,-5.12322],[-36.54442,-5.12762],[-36.53091,-5.12273],[-36.52538,-5.10556],[-36.53368,-5.10101],[-36.57055,-5.09173],[-36.57999,-5.08099],[-36.54507,-5.08961],[-36.42235,-5.08099],[-36.33975,-5.08904],[-36.30004,-5.10117],[-36.28136,-5.10459],[-36.25723,-5.10215],[-36.25723,-5.09588],[-36.29198,-5.09588],[-36.29198,-5.08904],[-36.13121,-5.09588],[-36.1136,-5.09157],[-36.07909,-5.07236],[-36.04284,-5.06487],[-36.01598,-5.05104],[-35.99718,-5.04754],[-35.91759,-5.05828],[-35.76842,-5.08685],[-35.65941,-5.11126],[-35.58194,-5.11891],[-35.54882,-5.12835],[-35.51057,-5.14373],[-35.49291,-5.1574],[-35.4549,-5.19695],[-35.43859,-5.20517],[-35.42052,-5.21152],[-35.4038,-5.22649],[-35.39005,-5.24456],[-35.37121,-5.27907],[-35.36242,-5.30088],[-35.35603,-5.3235],[-35.3535,-5.3458],[-35.34862,-5.35564],[-35.31876,-5.38323],[-35.26228,-5.48333],[-35.2539,-5.5241],[-35.24527,-5.54616],[-35.23412,-5.56658],[-35.22313,-5.58261],[-35.23062,-5.5888],[-35.22606,-5.59856],[-35.20678,-5.66814],[-35.2058,-5.67881],[-35.19567,-5.68955],[-35.19522,-5.76002],[-35.18773,-5.77353],[-35.1787,-5.78346],[-35.17113,-5.79632],[-35.16796,-5.81846],[-35.17121,-5.83392],[-35.17154,-5.84433],[-35.16796,-5.85621],[-35.14745,-5.87672],[-35.14582,-5.88681],[-35.14745,-5.92108],[-35.14533,-5.93206],[-35.13598,-5.94573],[-35.13378,-5.95526],[-35.11221,-5.97666],[-35.10652,-5.98602],[-35.10505,-5.99554],[-35.10652,-6.0276],[-35.11168,-6.04852],[-35.1112,-6.05779],[-35.10277,-6.0617],[-35.09936,-6.06658],[-35.09284,-6.18581],[-35.12072,-6.16473],[-35.12499,-6.18279],[-35.14977,-6.2068],[-35.15087,-6.216],[-35.13427,-6.2243],[-35.12011,-6.21461],[-35.10757,-6.19988],[-35.09594,-6.19207],[-35.08707,-6.19744],[-35.07787,-6.22088],[-35.06896,-6.22617],[-35.04894,-6.22723],[-35.04125,-6.23024],[-35.0382,-6.23651],[-35.036,-6.25856],[-35.02619,-6.29892],[-35.02392,-6.31805],[-35.02595,-6.33392],[-35.02424,-6.34287],[-35.01708,-6.35589],[-35.01061,-6.36289],[-34.99633,-6.37103],[-34.98917,-6.37762],[-34.98229,-6.39137],[-34.97228,-6.43336],[-34.95897,-6.53688],[-34.95849,-6.58261],[-34.96996,-6.61728],[-34.95714,-6.6513],[-34.95328,-6.67474],[-34.93517,-6.70599],[-34.93493,-6.72422],[-34.94005,-6.74456],[-34.94274,-6.76621],[-34.93517,-6.78786],[-34.93517,-6.78167],[-34.91674,-6.86419],[-34.90416,-6.8873],[-34.89363,-6.8943],[-34.86571,-6.90716],[-34.8601,-6.91465],[-34.8601,-6.96266],[-34.86286,-6.97601],[-34.86925,-6.98268],[-34.87621,-6.98699],[-34.88061,-6.99334],[-34.88109,-7.00457],[-34.87816,-7.02801],[-34.88061,-7.04119],[-34.89635,-7.08131],[-34.8942,-7.08278],[-34.90185,-7.09059],[-34.90758,-7.09319],[-34.91348,-7.09051],[-34.9215,-7.08278],[-34.91222,-7.09271],[-34.90783,-7.10418],[-34.90852,-7.11688],[-34.91466,-7.13055],[-34.89607,-7.11745],[-34.87564,-7.09564],[-34.85936,-7.07147],[-34.85265,-7.05169],[-34.84878,-7.03021],[-34.83617,-6.99179],[-34.83959,-6.97291],[-34.82579,-6.98447],[-34.82421,-7.00335],[-34.83275,-7.04119],[-34.83275,-7.09979],[-34.82795,-7.13006],[-34.82531,-7.13738],[-34.81876,-7.14422],[-34.80211,-7.15407],[-34.79735,-7.15846],[-34.79361,-7.1762],[-34.8048,-7.22332],[-34.8048,-7.37078],[-34.81444,-7.44451],[-34.81461,-7.48382],[-34.8048,-7.51409],[-34.8155,-7.54258],[-34.81916,-7.54827],[-34.82429,-7.54852],[-34.83397,-7.54306],[-34.84162,-7.54176],[-34.88061,-7.5416],[-34.89733,-7.54323],[-34.91267,-7.54778],[-34.92894,-7.55576],[-34.86547,-7.5534],[-34.83539,-7.56273],[-34.8314,-7.58244],[-34.82049,-7.59969],[-34.80895,-7.6137],[-34.8053,-7.62272],[-34.81993,-7.65355],[-34.8303,-7.68089],[-34.83729,-7.67976],[-34.83959,-7.64381],[-34.84374,-7.65057],[-34.84545,-7.657],[-34.84582,-7.67181],[-34.86783,-7.63242],[-34.87377,-7.61777],[-34.87605,-7.6373],[-34.86017,-7.68599],[-34.86437,-7.70523],[-34.8768,-7.70296],[-34.88726,-7.70838],[-34.9,-7.71805],[-34.90722,-7.73382],[-34.88793,-7.72356],[-34.87753,-7.7145],[-34.86938,-7.71448],[-34.86588,-7.71754],[-34.86933,-7.72755],[-34.8844,-7.74529],[-34.8921,-7.76262],[-34.89352,-7.80493],[-34.88494,-7.81566],[-34.84804,-7.82284],[-34.84408,-7.84822],[-34.84582,-7.8847],[-34.83275,-7.85735],[-34.82649,-7.86924],[-34.81778,-7.89381],[-34.81164,-7.90586],[-34.81701,-7.91334],[-34.81884,-7.91904],[-34.81697,-7.92474],[-34.81164,-7.93255],[-34.82144,-7.95224],[-34.84577,-8.04168],[-34.84582,-8.05918],[-34.85119,-8.06862],[-34.86368,-8.07041],[-34.88061,-8.06276],[-34.90087,-8.04266],[-34.91267,-8.03541],[-34.92894,-8.03493],[-34.91344,-8.04551],[-34.90685,-8.05267],[-34.90103,-8.06276],[-34.89769,-8.07497],[-34.89574,-8.09384],[-34.88736,-8.10377],[-34.88061,-8.08953],[-34.88134,-8.1054],[-34.8942,-8.14137],[-34.90038,-8.17962],[-34.90416,-8.18939],[-34.92077,-8.21445],[-34.93212,-8.24212],[-34.93887,-8.27207],[-34.94262,-8.31024],[-34.94225,-8.33733],[-34.93859,-8.3471],[-34.93993,-8.35076],[-34.9525,-8.36468],[-34.95735,-8.3825],[-35.02623,-8.57586],[-35.06969,-8.66237],[-35.06896,-8.6723],[-35.08023,-8.68108],[-35.08422,-8.70127],[-35.08601,-8.74066],[-35.09651,-8.76149],[-35.12735,-8.80625],[-35.13378,-8.82692],[-35.13805,-8.87135],[-35.14745,-8.91188],[-35.18887,-8.99066],[-35.23225,-9.04778],[-35.26049,-9.11403],[-35.28942,-9.15358],[-35.30508,-9.19305],[-35.39216,-9.30576],[-35.41495,-9.32342],[-35.41495,-9.31658],[-35.43782,-9.32838],[-35.46231,-9.34661],[-35.48204,-9.36785],[-35.4901,-9.38893],[-35.49323,-9.40407],[-35.57364,-9.52272],[-35.58259,-9.53289],[-35.63036,-9.56365],[-35.65754,-9.57708],[-35.67512,-9.60866],[-35.69616,-9.67295],[-35.70934,-9.67457],[-35.71911,-9.67783],[-35.74332,-9.67978],[-35.75231,-9.68271],[-35.76085,-9.68711],[-35.77807,-9.70013],[-35.76305,-9.67571],[-35.74909,-9.65985],[-35.74625,-9.64178],[-35.76505,-9.61077],[-35.77343,-9.60036],[-35.78604,-9.58856],[-35.79992,-9.58473],[-35.81216,-9.59783],[-35.80989,-9.60459],[-35.79524,-9.62916],[-35.79174,-9.64218],[-35.79174,-9.66912],[-35.79491,-9.67913],[-35.80199,-9.68426],[-35.80899,-9.68694],[-35.85318,-9.73122],[-35.85814,-9.73455],[-35.8684,-9.71803],[-35.87711,-9.69695],[-35.87735,-9.68662],[-35.90844,-9.63877],[-35.90543,-9.62477],[-35.91959,-9.60809],[-35.94188,-9.59979],[-35.96304,-9.61077],[-35.95157,-9.62762],[-35.92321,-9.64577],[-35.90844,-9.65927],[-35.90217,-9.67116],[-35.87898,-9.7492],[-35.87365,-9.75547],[-35.86091,-9.76002],[-35.85741,-9.7553],[-35.85692,-9.747],[-35.85318,-9.74114],[-35.81957,-9.73553],[-35.80557,-9.73105],[-35.79857,-9.72064],[-35.81062,-9.74481],[-35.86205,-9.79404],[-35.88268,-9.85565],[-35.90392,-9.87819],[-35.94937,-9.91318],[-35.9733,-9.96575],[-35.98038,-9.97454],[-35.99201,-9.98073],[-36.00219,-9.99554],[-36.03628,-10.06414],[-36.05012,-10.07855],[-36.09032,-10.09344],[-36.14118,-10.15944],[-36.25105,-10.24822],[-36.28051,-10.27996],[-36.28897,-10.29705],[-36.29198,-10.32024],[-36.28881,-10.34401],[-36.29198,-10.35198],[-36.40807,-10.50213],[-36.42077,-10.50872],[-36.45792,-10.52044],[-36.48607,-10.52337],[-36.50499,-10.52777],[-36.52013,-10.53379],[-36.53844,-10.54363],[-36.57657,-10.55047],[-36.58194,-10.55381],[-36.59179,-10.5678],[-36.59675,-10.57098],[-36.61091,-10.57513],[-36.76838,-10.67262],[-36.90307,-10.77288],[-36.95271,-10.83636],[-36.96337,-10.86541],[-36.97887,-10.88649],[-37.02937,-10.93564],[-37.03966,-10.94915],[-37.04442,-10.96445],[-37.04552,-10.98528],[-37.05045,-10.99961],[-37.12401,-11.11533],[-37.13829,-11.12591],[-37.14761,-11.12176],[-37.14704,-11.11199],[-37.14281,-11.10068],[-37.14171,-11.09173],[-37.14664,-11.08522],[-37.15758,-11.08099],[-37.16222,-11.07138],[-37.16967,-11.07138],[-37.17569,-11.08571],[-37.18521,-11.07415],[-37.20006,-11.04339],[-37.20686,-11.03916],[-37.24853,-11.02166],[-37.25841,-11.01979],[-37.26154,-11.01523],[-37.26838,-11.01637],[-37.27514,-11.02272],[-37.27823,-11.03338],[-37.27611,-11.04176],[-37.26431,-11.06439],[-37.25841,-11.07138],[-37.25158,-11.07301],[-37.23689,-11.06959],[-37.21129,-11.08587],[-37.19636,-11.09173],[-37.19636,-11.09857],[-37.21422,-11.09173],[-37.22069,-11.09677],[-37.21679,-11.10613],[-37.20376,-11.11224],[-37.19445,-11.11053],[-37.18782,-11.09954],[-37.18269,-11.09857],[-37.17268,-11.10312],[-37.16564,-11.10882],[-37.16393,-11.11639],[-37.16967,-11.12591],[-37.16332,-11.13616],[-37.16405,-11.17034],[-37.15539,-11.18743],[-37.15539,-11.18125],[-37.14916,-11.18743],[-37.17247,-11.20355],[-37.19945,-11.21527],[-37.22179,-11.22959],[-37.23542,-11.26084],[-37.26464,-11.27744],[-37.26976,-11.28485],[-37.28576,-11.31707],[-37.31603,-11.40643],[-37.33007,-11.42067],[-37.37487,-11.42986],[-37.38809,-11.42694],[-37.38988,-11.41904],[-37.38443,-11.40944],[-37.38443,-11.40195],[-37.40246,-11.39967],[-37.37438,-11.3624],[-37.36828,-11.35125],[-37.36217,-11.3248],[-37.35831,-11.31585],[-37.34716,-11.3034],[-37.30557,-11.26995],[-37.29052,-11.25433],[-37.27208,-11.24944],[-37.28588,-11.23699],[-37.28844,-11.20819],[-37.29939,-11.19476],[-37.30333,-11.21982],[-37.30309,-11.23122],[-37.29939,-11.24261],[-37.30557,-11.24261],[-37.32413,-11.20859],[-37.33678,-11.19052],[-37.34411,-11.18426],[-37.34789,-11.2042],[-37.31998,-11.24977],[-37.3192,-11.26995],[-37.32559,-11.26312],[-37.34716,-11.24944],[-37.34618,-11.261],[-37.33605,-11.27288],[-37.33349,-11.28045],[-37.33629,-11.29013],[-37.36083,-11.29656],[-37.37145,-11.30633],[-37.37975,-11.31715],[-37.39558,-11.34498],[-37.40819,-11.39569],[-37.41539,-11.40643],[-37.42956,-11.40504],[-37.43627,-11.38877],[-37.44335,-11.35125],[-37.44567,-11.36444],[-37.45177,-11.37054],[-37.46044,-11.36891],[-37.47008,-11.35866],[-37.46036,-11.39178],[-37.45372,-11.40358],[-37.44335,-11.41326],[-37.40172,-11.42889],[-37.39558,-11.43743],[-37.40599,-11.47047],[-37.43139,-11.49285],[-37.46296,-11.50742],[-37.49185,-11.51629],[-37.47484,-11.52012],[-37.45385,-11.51767],[-37.43277,-11.51116],[-37.41539,-11.50319],[-37.40197,-11.49098],[-37.38976,-11.47438],[-37.37678,-11.46022],[-37.36083,-11.45485],[-37.36823,-11.47381],[-37.43472,-11.56927],[-37.50919,-11.72381],[-37.51342,-11.76068],[-37.52282,-11.77614],[-37.54577,-11.80438],[-37.60424,-11.94997],[-37.63174,-11.99529],[-37.65465,-12.04974],[-37.71764,-12.13641],[-37.78671,-12.26463],[-37.87118,-12.38226],[-37.93339,-12.47538],[-37.99853,-12.56219],[-38.05089,-12.64105],[-38.07396,-12.6539],[-38.1455,-12.73504],[-38.21325,-12.82],[-38.29137,-12.89495],[-38.32042,-12.93524],[-38.34,-12.95029],[-38.3614,-12.96185],[-38.37194,-12.96527],[-38.40612,-12.96884],[-38.41625,-12.97308],[-38.437,-12.99236],[-38.46496,-13.00237],[-38.48644,-13.01377],[-38.50967,-13.02142],[-38.5327,-13.01653],[-38.53832,-13.004],[-38.51838,-12.96689],[-38.50792,-12.93182],[-38.49779,-12.91839],[-38.4862,-12.91595],[-38.47741,-12.93524],[-38.47908,-12.91595],[-38.48705,-12.89886],[-38.4912,-12.88201],[-38.47566,-12.85166],[-38.48009,-12.84222],[-38.49177,-12.82936],[-38.49413,-12.81764],[-38.50227,-12.80828],[-38.50406,-12.80413],[-38.49974,-12.79656],[-38.49914,-12.79119],[-38.5089,-12.72291],[-38.54239,-12.72161],[-38.55748,-12.71551],[-38.57429,-12.70184],[-38.60595,-12.71364],[-38.62621,-12.70241],[-38.6376,-12.68076],[-38.64859,-12.63836],[-38.65616,-12.63372],[-38.66714,-12.63405],[-38.68346,-12.62672],[-38.69457,-12.61403],[-38.69518,-12.6028],[-38.6918,-12.58978],[-38.69099,-12.57147],[-38.69713,-12.57147],[-38.71581,-12.60508],[-38.72208,-12.62249],[-38.72448,-12.64349],[-38.72448,-12.67108],[-38.72631,-12.67889],[-38.73815,-12.68759],[-38.75097,-12.71282],[-38.7504,-12.72454],[-38.73815,-12.73659],[-38.77721,-12.80755],[-38.78995,-12.81854],[-38.79548,-12.82147],[-38.80663,-12.83514],[-38.81383,-12.83904],[-38.82445,-12.83815],[-38.83556,-12.82838],[-38.84488,-12.82594],[-38.85582,-12.81683],[-38.864,-12.7951],[-38.88272,-12.7221],[-38.88117,-12.70534],[-38.86986,-12.69207],[-38.84801,-12.67449],[-38.86168,-12.65407],[-38.86848,-12.65407],[-38.86339,-12.66985],[-38.86986,-12.67783],[-38.88244,-12.68418],[-38.89582,-12.695],[-38.90319,-12.70941],[-38.90583,-12.72177],[-38.91051,-12.73105],[-38.9237,-12.73659],[-38.91466,-12.74847],[-38.90368,-12.77239],[-38.89582,-12.78436],[-38.88801,-12.79046],[-38.87536,-12.79453],[-38.86848,-12.80486],[-38.86913,-12.82057],[-38.86701,-12.83465],[-38.86168,-12.84588],[-38.85399,-12.85125],[-38.8343,-12.86061],[-38.8275,-12.86696],[-38.81212,-12.85369],[-38.80362,-12.84873],[-38.79711,-12.8493],[-38.78881,-12.86663],[-38.78368,-12.87298],[-38.76545,-12.86468],[-38.75231,-12.86444],[-38.72448,-12.87322],[-38.73632,-12.88274],[-38.7508,-12.91277],[-38.75243,-12.92498],[-38.75211,-12.95729],[-38.75585,-12.96543],[-38.76745,-12.97918],[-38.78686,-13.00807],[-38.80089,-13.02402],[-38.81554,-13.03672],[-38.83511,-13.05006],[-38.85709,-13.06064],[-38.87902,-13.06487],[-38.88927,-13.06976],[-38.89501,-13.08099],[-38.89688,-13.09466],[-38.89582,-13.10654],[-38.88976,-13.11842],[-38.87536,-13.1264],[-38.807,-13.14381],[-38.81066,-13.1535],[-38.84179,-13.16123],[-38.8518,-13.16888],[-38.87536,-13.19541],[-38.93175,-13.23301],[-38.94762,-13.24676],[-38.95751,-13.26483],[-38.96349,-13.30584],[-38.97086,-13.32562],[-38.95686,-13.35662],[-38.95458,-13.37249],[-38.96471,-13.3803],[-38.98961,-13.36395],[-38.99885,-13.36045],[-39.00959,-13.36028],[-39.03978,-13.36663],[-39.03698,-13.35019],[-39.03978,-13.33245],[-39.06249,-13.4],[-39.06823,-13.44061],[-39.06029,-13.47031],[-39.07103,-13.48008],[-39.07995,-13.49529],[-39.08601,-13.51409],[-39.08821,-13.53427],[-39.08422,-13.57879],[-39.09142,-13.59368],[-39.11555,-13.59938],[-39.11555,-13.60613],[-39.08666,-13.60394],[-39.07738,-13.59002],[-39.0808,-13.54111],[-39.07502,-13.51727],[-39.05968,-13.49481],[-39.03767,-13.48455],[-39.01183,-13.497],[-39.00707,-13.50482],[-39.00316,-13.52256],[-38.99543,-13.53427],[-38.99299,-13.54111],[-39.00268,-13.55348],[-39.00569,-13.56178],[-39.00194,-13.58807],[-38.97086,-13.64772],[-38.96784,-13.674],[-38.97574,-13.69256],[-38.98656,-13.71022],[-38.99201,-13.73309],[-38.99421,-13.79461],[-38.99201,-13.81227],[-38.98184,-13.82757],[-38.97997,-13.83587],[-38.9886,-13.83953],[-39.0017,-13.83766],[-39.01122,-13.83245],[-39.0299,-13.81536],[-39.03734,-13.80535],[-39.04662,-13.77125],[-39.05358,-13.76092],[-39.07453,-13.74334],[-39.07958,-13.74098],[-39.08703,-13.74114],[-39.09162,-13.71266],[-39.09968,-13.70892],[-39.13256,-13.70924],[-39.1411,-13.71917],[-39.14875,-13.73691],[-39.14403,-13.74432],[-39.11555,-13.72357],[-39.11001,-13.7317],[-39.10827,-13.74041],[-39.1101,-13.74912],[-39.11555,-13.75758],[-39.0716,-13.77956],[-39.06029,-13.79176],[-39.0432,-13.82635],[-39.03213,-13.84059],[-38.99771,-13.85174],[-38.99446,-13.86346],[-38.99999,-13.87518],[-39.00878,-13.88055],[-39.0349,-13.87965],[-39.04894,-13.87591],[-39.06713,-13.86745],[-39.07453,-13.89422],[-39.07116,-13.90309],[-39.06371,-13.93581],[-39.0216,-13.95566],[-39.0074,-13.96966],[-38.99669,-13.98561],[-38.99201,-13.99725],[-38.99283,-14.00905],[-38.9956,-14.01914],[-38.99568,-14.02923],[-38.98282,-14.05071],[-38.97956,-14.06113],[-38.98082,-14.06951],[-38.9886,-14.07293],[-39.0279,-14.0783],[-39.03987,-14.07513],[-39.05407,-14.05926],[-39.07103,-14.07635],[-39.07287,-14.08587],[-39.06029,-14.09971],[-39.0668,-14.10565],[-39.07291,-14.11517],[-39.07624,-14.12737],[-39.07453,-14.14056],[-39.06672,-14.15008],[-39.04564,-14.16139],[-39.03978,-14.17539],[-39.0336,-14.17539],[-39.05704,-14.13356],[-39.06338,-14.10996],[-39.0432,-14.09971],[-39.02428,-14.09686],[-39.00284,-14.08953],[-38.95726,-14.0661],[-38.9591,-14.05731],[-38.95836,-14.04599],[-38.95971,-14.03623],[-38.96784,-14.03191],[-38.97228,-14.02662],[-38.97069,-14.01483],[-38.96471,-13.99725],[-38.96532,-13.99196],[-38.97143,-13.98626],[-38.96784,-13.98056],[-38.96304,-13.97828],[-38.95295,-13.97698],[-38.95104,-13.97357],[-38.95287,-13.96258],[-38.95808,-13.95599],[-38.96666,-13.95208],[-38.97834,-13.9494],[-38.97086,-13.93581],[-38.98754,-13.93987],[-38.98998,-13.93084],[-38.98375,-13.91627],[-38.9746,-13.90447],[-38.96386,-13.89707],[-38.94888,-13.89031],[-38.93566,-13.88893],[-38.92992,-13.89764],[-38.92907,-13.98317],[-38.9237,-14.00408],[-38.94669,-14.10231],[-38.9593,-14.12217],[-38.96471,-14.13372],[-38.97086,-14.18157],[-38.98925,-14.21233],[-38.99201,-14.22666],[-38.99201,-14.26784],[-38.9842,-14.29941],[-38.98518,-14.31259],[-38.9921,-14.32497],[-39.00072,-14.33571],[-39.00499,-14.34686],[-38.99885,-14.36028],[-39.00695,-14.37029],[-39.00764,-14.38323],[-39.00561,-14.39821],[-39.00569,-14.41497],[-39.02611,-14.46331],[-39.0336,-14.53916],[-39.05142,-14.59197],[-39.05626,-14.62225],[-39.06558,-14.65488],[-39.06713,-14.67498],[-39.05407,-14.75408],[-39.05085,-14.7658],[-39.03673,-14.77947],[-39.0336,-14.79225],[-39.04564,-14.79608],[-39.05297,-14.80137],[-39.05407,-14.81219],[-39.04825,-14.81862],[-39.02969,-14.81463],[-39.02269,-14.81585],[-39.02611,-14.85719],[-39.02294,-14.90032],[-39.0089,-14.97088],[-39.00182,-15.23203],[-38.97964,-15.32366],[-38.97326,-15.40936],[-38.94327,-15.56536],[-38.9239,-15.71559],[-38.9049,-15.7575],[-38.8924,-15.775],[-38.88858,-15.78289],[-38.88272,-15.81268],[-38.86437,-15.84336],[-38.86168,-15.85426],[-38.86701,-15.86972],[-38.89049,-15.90439],[-38.89582,-15.91888],[-38.89875,-15.94004],[-38.9237,-16.00514],[-38.92418,-16.02361],[-38.92956,-16.03834],[-38.9442,-16.06658],[-38.94787,-16.08148],[-38.95275,-16.16709],[-38.95726,-16.18328],[-38.99804,-16.25286],[-39.00536,-16.27508],[-39.00768,-16.29925],[-39.00569,-16.32659],[-39.00691,-16.35931],[-39.01838,-16.38307],[-39.05407,-16.43646],[-39.04963,-16.44703],[-39.05065,-16.45672],[-39.06029,-16.47812],[-39.09228,-16.65781],[-39.13598,-16.80023],[-39.13598,-16.84466],[-39.13378,-16.85573],[-39.12169,-16.87851],[-39.12157,-16.89202],[-39.14965,-16.95045],[-39.16881,-17.07594],[-39.18375,-17.11492],[-39.20206,-17.14422],[-39.20861,-17.16221],[-39.21736,-17.2951],[-39.20905,-17.38209],[-39.19001,-17.43027],[-39.18627,-17.45208],[-39.18838,-17.57838],[-39.18375,-17.60084],[-39.16674,-17.63397],[-39.14696,-17.65716],[-39.13712,-17.67962],[-39.14965,-17.71071],[-39.2589,-17.82073],[-39.26822,-17.83652],[-39.27505,-17.86688],[-39.2893,-17.87412],[-39.3142,-17.89031],[-39.3824,-17.90325],[-39.41784,-17.92099],[-39.45018,-17.94801],[-39.49909,-18.00563],[-39.62499,-18.19264],[-39.65941,-18.27361],[-39.72468,-18.51873],[-39.74486,-18.68174],[-39.74108,-18.90211],[-39.71923,-19.09051],[-39.69807,-19.23992],[-39.70141,-19.37615],[-39.70979,-19.41611],[-39.7862,-19.60198],[-39.807,-19.63616],[-39.83487,-19.65716],[-39.951,-19.70517],[-40.00943,-19.747],[-40.02685,-19.76442],[-40.08365,-19.89544],[-40.08812,-19.91448],[-40.0974,-19.9306],[-40.14167,-19.94557],[-40.15705,-19.95892],[-40.13443,-19.95892],[-40.13199,-19.97186],[-40.14647,-20.02304],[-40.15388,-20.0276],[-40.16267,-20.02955],[-40.17003,-20.03395],[-40.17862,-20.04339],[-40.1754,-20.06732],[-40.16609,-20.08652],[-40.16389,-20.09612],[-40.16592,-20.10589],[-40.1754,-20.12526],[-40.19099,-20.18987],[-40.1949,-20.1985],[-40.20255,-20.2077],[-40.22277,-20.25156],[-40.23278,-20.26678],[-40.24437,-20.27752],[-40.25609,-20.26377],[-40.26618,-20.26051],[-40.27355,-20.26751],[-40.27994,-20.27695],[-40.28673,-20.28102],[-40.29809,-20.2737],[-40.2932,-20.24505],[-40.3004,-20.23268],[-40.3164,-20.22796],[-40.33605,-20.22763],[-40.36929,-20.23268],[-40.35619,-20.24334],[-40.3509,-20.25652],[-40.35656,-20.26637],[-40.37613,-20.26678],[-40.37613,-20.27418],[-40.36189,-20.28102],[-40.37047,-20.30104],[-40.36597,-20.32323],[-40.34788,-20.32621],[-40.32395,-20.32484],[-40.32539,-20.33753],[-40.3147,-20.33427],[-40.30065,-20.31943],[-40.28246,-20.31422],[-40.25951,-20.32147],[-40.27505,-20.33392],[-40.29064,-20.35068],[-40.30248,-20.37086],[-40.31265,-20.41725],[-40.33654,-20.45566],[-40.34874,-20.5001],[-40.3966,-20.56902],[-40.41832,-20.61533],[-40.43322,-20.62868],[-40.45128,-20.61688],[-40.47533,-20.63779],[-40.48363,-20.64821],[-40.52448,-20.71575],[-40.53441,-20.72674],[-40.55606,-20.74358],[-40.56518,-20.75303],[-40.58342,-20.80197],[-40.6094,-20.80729],[-40.61957,-20.8339],[-40.62844,-20.83922],[-40.6339,-20.82952],[-40.64159,-20.8082],[-40.65209,-20.80804],[-40.66246,-20.8126],[-40.70138,-20.83596],[-40.73172,-20.84384],[-40.7463,-20.85288],[-40.75846,-20.86419],[-40.76093,-20.88233],[-40.77309,-20.88911],[-40.77919,-20.9027],[-40.80111,-20.931],[-40.80848,-20.96272],[-40.80736,-20.99788],[-40.81461,-21.03661],[-40.83068,-21.04925],[-40.83959,-21.06829],[-40.84655,-21.0945],[-40.92235,-21.19046],[-40.95181,-21.2381],[-40.9652,-21.27483],[-40.96007,-21.28737],[-40.95922,-21.3034],[-40.96129,-21.32024],[-40.9652,-21.33563],[-40.9635,-21.3645],[-41.01816,-21.44172],[-41.04955,-21.46933],[-41.05724,-21.48382],[-41.07187,-21.52334],[-41.05935,-21.56105],[-41.01854,-21.60809],[-41.01354,-21.65154],[-41.02473,-21.71919],[-41.00674,-21.82342],[-40.96728,-21.94752],[-40.97265,-21.98675],[-40.99527,-22.01425],[-41.14126,-22.09678],[-41.2437,-22.14521],[-41.46573,-22.20257],[-41.55517,-22.23235],[-41.66649,-22.28183],[-41.74136,-22.32903],[-41.77082,-22.35418],[-41.77595,-22.36256],[-41.77896,-22.3803],[-41.78449,-22.3886],[-41.8026,-22.40203],[-41.83483,-22.41953],[-41.84968,-22.43304],[-41.86848,-22.46852],[-41.87353,-22.47389],[-41.89269,-22.48024],[-41.90087,-22.48577],[-41.91198,-22.50799],[-41.93004,-22.51971],[-41.9663,-22.53541],[-41.98607,-22.56487],[-41.99621,-22.60931],[-41.99812,-22.65789],[-41.99303,-22.69988],[-41.9829,-22.71624],[-41.94689,-22.7536],[-41.93904,-22.76507],[-41.93456,-22.76873],[-41.92492,-22.76181],[-41.91104,-22.74717],[-41.9016,-22.74358],[-41.88003,-22.73887],[-41.87011,-22.73406],[-41.86978,-22.75213],[-41.87658,-22.76238],[-41.88533,-22.7706],[-41.89061,-22.7824],[-41.90958,-22.77662],[-41.92227,-22.78338],[-41.94522,-22.80975],[-41.98961,-22.82635],[-41.9969,-22.87526],[-42.01993,-22.88128],[-42.02782,-22.89227],[-42.03307,-22.91253],[-42.03026,-22.93377],[-42.02269,-22.94451],[-42.01354,-22.93328],[-42.00731,-22.93328],[-42.00292,-22.94769],[-42.00373,-22.95916],[-42.01354,-22.9817],[-42.02717,-22.97625],[-42.04601,-22.95778],[-42.05822,-22.95379],[-42.17414,-22.95078],[-42.37613,-22.93743],[-42.53173,-22.93418],[-42.62426,-22.93955],[-42.65624,-22.94598],[-42.66861,-22.94695],[-42.67455,-22.94996],[-42.68708,-22.96364],[-42.69567,-22.96689],[-42.76936,-22.96852],[-42.8627,-22.97723],[-42.93224,-22.9721],[-43.0314,-22.9743],[-43.05651,-22.9533],[-43.07396,-22.94492],[-43.08975,-22.95379],[-43.10163,-22.94297],[-43.12145,-22.92995],[-43.13077,-22.91961],[-43.11636,-22.92116],[-43.10342,-22.92645],[-43.09191,-22.91709],[-43.0913,-22.9083],[-43.09936,-22.90162],[-43.12947,-22.89414],[-43.12654,-22.88242],[-43.11026,-22.86061],[-43.10171,-22.83652],[-43.08121,-22.81414],[-43.03453,-22.77557],[-43.05297,-22.77776],[-43.06115,-22.77386],[-43.06143,-22.7658],[-43.05626,-22.75514],[-43.0349,-22.74627],[-43.02839,-22.74147],[-43.02514,-22.73553],[-43.02123,-22.7042],[-43.02514,-22.67897],[-43.02839,-22.67254],[-43.04092,-22.66937],[-43.06578,-22.67165],[-43.07555,-22.6657],[-43.08357,-22.67181],[-43.0948,-22.68727],[-43.10342,-22.69362],[-43.11486,-22.69769],[-43.14135,-22.69362],[-43.15185,-22.69598],[-43.1761,-22.70778],[-43.2167,-22.73406],[-43.2362,-22.73406],[-43.25561,-22.73707],[-43.27017,-22.747],[-43.27538,-22.76816],[-43.27107,-22.78899],[-43.24059,-22.84393],[-43.2338,-22.84393],[-43.23062,-22.83856],[-43.22012,-22.82969],[-43.21923,-22.83953],[-43.21544,-22.84694],[-43.20885,-22.85272],[-43.19962,-22.85703],[-43.20446,-22.8576],[-43.21329,-22.86444],[-43.17333,-22.88698],[-43.1621,-22.89569],[-43.16063,-22.90862],[-43.1632,-22.92742],[-43.16246,-22.93971],[-43.15123,-22.93328],[-43.15221,-22.9511],[-43.17077,-22.96982],[-43.19677,-22.98594],[-43.22012,-22.99529],[-43.44758,-23.01816],[-43.496,-23.03102],[-43.54223,-23.04941],[-43.56037,-23.06748],[-43.56652,-23.06634],[-43.57722,-23.05137],[-43.58007,-23.04941],[-43.62076,-23.04258],[-43.8719,-23.06976],[-43.91405,-23.06976],[-43.93472,-23.07269],[-43.95006,-23.08017],[-43.96898,-23.09271],[-43.98876,-23.09743],[-44.00373,-23.09108],[-44.00841,-23.06976],[-44.00145,-23.04925],[-43.98713,-23.04168],[-43.95006,-23.04258],[-43.94001,-23.04559],[-43.91633,-23.05641],[-43.90539,-23.0556],[-43.90046,-23.05006],[-43.89171,-23.02142],[-43.86901,-23.03965],[-43.83202,-23.04762],[-43.75113,-23.04941],[-43.6693,-23.03721],[-43.62548,-23.02402],[-43.60375,-23.00774],[-43.62361,-23.00563],[-43.64607,-22.99863],[-43.66442,-22.98846],[-43.67199,-22.97796],[-43.67667,-22.97967],[-43.68749,-22.97877],[-43.7067,-22.9743],[-43.71638,-22.96575],[-43.73404,-22.93955],[-43.74889,-22.93434],[-43.79353,-22.92816],[-43.80297,-22.92986],[-43.80899,-22.90976],[-43.82413,-22.90765],[-43.84411,-22.91058],[-43.86437,-22.90594],[-43.85017,-22.8991],[-43.85017,-22.89227],[-43.86437,-22.89617],[-43.89273,-22.90936],[-43.90197,-22.91221],[-43.95376,-22.91961],[-43.96642,-22.92344],[-44.00471,-22.93955],[-44.01244,-22.94573],[-44.01976,-22.95916],[-44.03075,-22.97137],[-44.04939,-22.9743],[-44.04288,-22.95875],[-44.03917,-22.94411],[-44.04231,-22.9358],[-44.05622,-22.93955],[-44.06233,-22.94842],[-44.07974,-22.98724],[-44.0891,-22.99383],[-44.1151,-23.02239],[-44.12792,-23.0289],[-44.15176,-23.0289],[-44.17292,-23.04258],[-44.18639,-23.04901],[-44.19099,-23.04876],[-44.19274,-23.03916],[-44.19693,-23.03362],[-44.20637,-23.03786],[-44.22008,-23.04941],[-44.23729,-23.04697],[-44.24299,-23.04258],[-44.24047,-23.00897],[-44.24181,-22.99993],[-44.25048,-22.99619],[-44.27155,-22.99529],[-44.28962,-23.01092],[-44.29874,-23.01287],[-44.3026,-22.99529],[-44.31713,-23.00286],[-44.32384,-23.00791],[-44.32995,-23.01523],[-44.35265,-22.99928],[-44.35448,-22.98642],[-44.34154,-22.97747],[-44.31998,-22.9743],[-44.31184,-22.97015],[-44.31164,-22.96111],[-44.31688,-22.94695],[-44.32763,-22.94012],[-44.32897,-22.93483],[-44.31688,-22.92645],[-44.32592,-22.92165],[-44.33593,-22.91937],[-44.35782,-22.91961],[-44.35155,-22.93532],[-44.3557,-22.94443],[-44.36433,-22.95143],[-44.37149,-22.9612],[-44.38219,-22.94598],[-44.38451,-22.93955],[-44.39489,-22.94346],[-44.39879,-22.94695],[-44.41137,-22.93743],[-44.42325,-22.94793],[-44.43977,-22.9817],[-44.43566,-22.99676],[-44.45739,-23.00945],[-44.48664,-23.01824],[-44.53405,-23.02532],[-44.60424,-23.0556],[-44.59801,-23.03574],[-44.63036,-23.03509],[-44.6551,-23.04314],[-44.67321,-23.05934],[-44.70051,-23.10768],[-44.69319,-23.12737],[-44.70246,-23.14463],[-44.71215,-23.17498],[-44.7141,-23.18662],[-44.708,-23.21461],[-44.68932,-23.21103],[-44.66576,-23.19524],[-44.64525,-23.18662],[-44.62678,-23.19524],[-44.67321,-23.22959],[-44.68,-23.24863],[-44.67016,-23.23854],[-44.65599,-23.2304],[-44.64,-23.2278],[-44.62474,-23.23496],[-44.63988,-23.25042],[-44.64875,-23.26214],[-44.6527,-23.27215],[-44.65136,-23.28476],[-44.64704,-23.28281],[-44.62816,-23.25823],[-44.61364,-23.24383],[-44.60057,-23.23431],[-44.58336,-23.22918],[-44.55651,-23.22747],[-44.56404,-23.23968],[-44.56847,-23.2444],[-44.57632,-23.24863],[-44.55826,-23.26336],[-44.53303,-23.26702],[-44.51057,-23.27337],[-44.50121,-23.29648],[-44.52379,-23.2907],[-44.54141,-23.30316],[-44.5633,-23.33733],[-44.58381,-23.3532],[-44.60098,-23.35019],[-44.61644,-23.34246],[-44.63158,-23.34482],[-44.64704,-23.33864],[-44.67443,-23.33807],[-44.70425,-23.34246],[-44.72716,-23.35101],[-44.7329,-23.36582],[-44.74779,-23.37086],[-44.76618,-23.37298],[-44.78238,-23.379],[-44.79979,-23.37127],[-44.8133,-23.37713],[-44.82697,-23.38543],[-44.84447,-23.38519],[-44.85045,-23.379],[-44.85855,-23.36151],[-44.86803,-23.35784],[-44.88435,-23.35947],[-44.89851,-23.36468],[-44.892,-23.341],[-44.9193,-23.34881],[-44.95263,-23.3681],[-44.96422,-23.379],[-44.96923,-23.38144],[-44.9757,-23.39422],[-44.98103,-23.39935],[-44.98815,-23.40203],[-45.00837,-23.40553],[-45.02831,-23.41611],[-45.03624,-23.41562],[-45.04308,-23.40553],[-45.05077,-23.42816],[-45.03966,-23.43865],[-45.02164,-23.44647],[-45.00837,-23.46087],[-45.03474,-23.46209],[-45.05016,-23.47332],[-45.07042,-23.5154],[-45.08019,-23.49765],[-45.09179,-23.49188],[-45.09765,-23.49782],[-45.09024,-23.5154],[-45.10192,-23.51279],[-45.11339,-23.50774],[-45.13524,-23.49188],[-45.14778,-23.4874],[-45.15217,-23.49879],[-45.15062,-23.51605],[-45.1455,-23.52907],[-45.16421,-23.53314],[-45.18322,-23.52597],[-45.20035,-23.5237],[-45.21373,-23.54274],[-45.20324,-23.56121],[-45.20067,-23.57203],[-45.21068,-23.57692],[-45.22289,-23.5792],[-45.25194,-23.59059],[-45.26415,-23.5875],[-45.2788,-23.57366],[-45.28954,-23.57008],[-45.30175,-23.57415],[-45.32706,-23.59808],[-45.34838,-23.60442],[-45.36779,-23.61663],[-45.38829,-23.62444],[-45.41299,-23.61785],[-45.41706,-23.62908],[-45.42846,-23.64186],[-45.43293,-23.6526],[-45.4335,-23.66473],[-45.42309,-23.71063],[-45.41491,-23.71478],[-45.40575,-23.71592],[-45.3994,-23.72088],[-45.39831,-23.73415],[-45.40612,-23.75612],[-45.39306,-23.78346],[-45.39485,-23.80316],[-45.40661,-23.82041],[-45.42667,-23.83074],[-45.43887,-23.83172],[-45.46451,-23.82391],[-45.4785,-23.82635],[-45.49877,-23.83636],[-45.50927,-23.83758],[-45.52888,-23.82952],[-45.55199,-23.80242],[-45.57409,-23.79665],[-45.60802,-23.80316],[-45.61848,-23.80291],[-45.62304,-23.80039],[-45.62711,-23.79258],[-45.63215,-23.78981],[-45.65266,-23.78981],[-45.71752,-23.77077],[-45.78295,-23.76873],[-45.82388,-23.75506],[-45.86437,-23.75644],[-45.95564,-23.77711],[-45.989,-23.78981],[-46.00764,-23.80096],[-46.01797,-23.81023],[-46.02693,-23.82855],[-46.03746,-23.82903],[-46.06066,-23.82391],[-46.07974,-23.82781],[-46.09895,-23.83709],[-46.1363,-23.85174],[-46.13923,-23.84442],[-46.14607,-23.84442],[-46.15953,-23.87054],[-46.1796,-23.89031],[-46.20523,-23.90447],[-46.23542,-23.91269],[-46.23542,-23.92018],[-46.21353,-23.91937],[-46.19738,-23.9157],[-46.18301,-23.90716],[-46.1455,-23.87078],[-46.13191,-23.86492],[-46.11193,-23.86492],[-46.14997,-23.90553],[-46.15974,-23.92018],[-46.16832,-23.95469],[-46.16954,-23.97235],[-46.16649,-23.98162],[-46.17504,-23.9909],[-46.18664,-23.99537],[-46.19689,-23.99391],[-46.20128,-23.98504],[-46.20751,-23.97991],[-46.2211,-23.9817],[-46.23412,-23.98602],[-46.25304,-23.99586],[-46.26773,-24.01051],[-46.28767,-24.02117],[-46.31737,-24.01637],[-46.30993,-24.00156],[-46.28482,-23.99285],[-46.27636,-23.98162],[-46.27725,-23.96754],[-46.29296,-23.94606],[-46.29686,-23.93719],[-46.29947,-23.92506],[-46.307,-23.9153],[-46.31884,-23.90887],[-46.34618,-23.90496],[-46.35778,-23.90081],[-46.36376,-23.89422],[-46.35831,-23.886],[-46.35831,-23.8786],[-46.38541,-23.87347],[-46.38927,-23.88641],[-46.38736,-23.90398],[-46.3968,-23.91269],[-46.40929,-23.91595],[-46.41039,-23.92327],[-46.40803,-23.9306],[-46.40982,-23.93385],[-46.43269,-23.93174],[-46.45393,-23.92645],[-46.44957,-23.93841],[-46.44042,-23.94492],[-46.42724,-23.95086],[-46.41698,-23.97617],[-46.41295,-23.98162],[-46.40193,-23.98415],[-46.37682,-23.98512],[-46.37194,-23.99212],[-46.37206,-24.0158],[-46.37605,-24.02451],[-46.3863,-24.03004],[-46.38809,-24.02158],[-46.39175,-24.01621],[-46.40673,-24.00897],[-46.46898,-24.03997],[-46.59341,-24.08953],[-46.74307,-24.17685],[-46.85497,-24.22845],[-46.93664,-24.27337],[-46.96646,-24.29909],[-46.98892,-24.33115],[-46.99991,-24.36679],[-47.01,-24.37689],[-46.9995,-24.40057],[-46.9995,-24.40985],[-47.01537,-24.42295],[-47.03502,-24.43108],[-47.04979,-24.42783],[-47.05101,-24.40618],[-47.07209,-24.4485],[-47.08141,-24.45387],[-47.09691,-24.45941],[-47.12271,-24.48333],[-47.13634,-24.4887],[-47.18139,-24.53338],[-47.44205,-24.68043],[-47.45482,-24.67669],[-47.46907,-24.68092],[-47.49669,-24.69354],[-47.51846,-24.68808],[-47.53132,-24.68817],[-47.54076,-24.70338],[-47.55993,-24.71266],[-47.58471,-24.73162],[-47.63386,-24.75563],[-47.82555,-24.89414],[-47.84179,-24.90985],[-47.86661,-24.94061],[-47.8863,-24.95306],[-47.8933,-24.96111],[-47.93375,-25.03346],[-47.96056,-25.0499],[-48.01,-25.0442],[-48.0017,-25.02793],[-47.98811,-25.02581],[-47.9735,-25.0276],[-47.96215,-25.02313],[-47.96117,-25.01312],[-47.97273,-25.00937],[-48.01692,-25.01084],[-48.02359,-25.01507],[-48.02359,-25.03362],[-48.02701,-25.04518],[-48.0349,-25.04876],[-48.04418,-25.0455],[-48.05158,-25.0368],[-48.05163,-25.05283],[-48.03246,-25.06325],[-48.00646,-25.06911],[-47.98607,-25.07098],[-47.963,-25.07822],[-47.9497,-25.08001],[-47.9383,-25.07464],[-47.92772,-25.06561],[-47.91535,-25.0595],[-47.90168,-25.05657],[-47.88707,-25.05731],[-47.92199,-25.15862],[-47.95177,-25.20135],[-48.00316,-25.21429],[-48.02001,-25.22633],[-48.06835,-25.28004],[-48.07628,-25.29323],[-48.09154,-25.32529],[-48.16828,-25.36924],[-48.17345,-25.38104],[-48.19652,-25.41692],[-48.20905,-25.45762],[-48.22509,-25.45973],[-48.24161,-25.44817],[-48.25015,-25.42783],[-48.2473,-25.4109],[-48.22289,-25.35215],[-48.22216,-25.33912],[-48.20922,-25.32415],[-48.20153,-25.31829],[-48.18126,-25.30682],[-48.13712,-25.28965],[-48.12731,-25.27996],[-48.14029,-25.26963],[-48.15258,-25.282],[-48.17422,-25.29062],[-48.19872,-25.29534],[-48.21915,-25.29681],[-48.2296,-25.30039],[-48.24254,-25.31536],[-48.25015,-25.31805],[-48.25943,-25.31365],[-48.27432,-25.29656],[-48.28433,-25.28997],[-48.28368,-25.31601],[-48.29743,-25.34124],[-48.30675,-25.35101],[-48.31871,-25.35768],[-48.33275,-25.35833],[-48.31908,-25.32415],[-48.32531,-25.32415],[-48.33373,-25.32969],[-48.33552,-25.31862],[-48.33137,-25.2702],[-48.32575,-25.24383],[-48.32531,-25.22861],[-48.338,-25.23675],[-48.35123,-25.25067],[-48.36099,-25.26377],[-48.36315,-25.26963],[-48.37263,-25.27158],[-48.37267,-25.27614],[-48.36628,-25.28387],[-48.35936,-25.28558],[-48.35473,-25.28924],[-48.35261,-25.29339],[-48.35375,-25.29697],[-48.35888,-25.29681],[-48.3601,-25.30023],[-48.36742,-25.30478],[-48.3837,-25.29811],[-48.40722,-25.28387],[-48.41413,-25.27353],[-48.42394,-25.25221],[-48.43456,-25.24228],[-48.43456,-25.26279],[-48.44201,-25.26279],[-48.44506,-25.25661],[-48.45568,-25.24847],[-48.45197,-25.26474],[-48.42833,-25.32415],[-48.4466,-25.32448],[-48.47891,-25.33164],[-48.49657,-25.33164],[-48.49657,-25.33847],[-48.46264,-25.34287],[-48.44567,-25.34743],[-48.43456,-25.35833],[-48.45222,-25.36826],[-48.45743,-25.37965],[-48.45128,-25.38567],[-48.43456,-25.37949],[-48.43029,-25.38942],[-48.41686,-25.40439],[-48.41405,-25.41009],[-48.41784,-25.42832],[-48.42691,-25.43231],[-48.43814,-25.43125],[-48.44815,-25.43401],[-48.45425,-25.4459],[-48.45617,-25.45957],[-48.46019,-25.47088],[-48.47273,-25.47568],[-48.48815,-25.47389],[-48.49791,-25.46868],[-48.51708,-25.44703],[-48.52685,-25.45322],[-48.53742,-25.45452],[-48.54809,-25.45224],[-48.55801,-25.44703],[-48.56273,-25.45957],[-48.57506,-25.46201],[-48.62365,-25.44964],[-48.63537,-25.44459],[-48.68383,-25.41277],[-48.73095,-25.35963],[-48.74303,-25.35215],[-48.74022,-25.36745],[-48.72313,-25.40667],[-48.71882,-25.42262],[-48.71011,-25.43304],[-48.69522,-25.44085],[-48.68358,-25.46266],[-48.68871,-25.47332],[-48.70556,-25.47438],[-48.72936,-25.46819],[-48.71085,-25.49635],[-48.68334,-25.49871],[-48.65144,-25.49277],[-48.62011,-25.49619],[-48.62239,-25.50311],[-48.62694,-25.5097],[-48.63565,-25.50303],[-48.64306,-25.50237],[-48.64928,-25.50701],[-48.65429,-25.51653],[-48.61539,-25.52996],[-48.60643,-25.54388],[-48.59545,-25.52776],[-48.5782,-25.52606],[-48.55866,-25.52728],[-48.52404,-25.51482],[-48.50503,-25.52321],[-48.48607,-25.5359],[-48.46931,-25.54388],[-48.4829,-25.5582],[-48.47615,-25.55071],[-48.49035,-25.56406],[-48.50341,-25.57187],[-48.48249,-25.57985],[-48.47134,-25.57293],[-48.46435,-25.55999],[-48.45568,-25.55071],[-48.44042,-25.55006],[-48.42406,-25.55429],[-48.40632,-25.55511],[-48.38671,-25.54388],[-48.3612,-25.57098],[-48.38891,-25.59547],[-48.43273,-25.62249],[-48.51757,-25.7702],[-48.51708,-25.79713],[-48.53502,-25.83945],[-48.541,-25.84547],[-48.5585,-25.841],[-48.57242,-25.82155],[-48.58601,-25.81756],[-48.57852,-25.79713],[-48.6035,-25.80218],[-48.61315,-25.80804],[-48.62011,-25.81756],[-48.60827,-25.81862],[-48.59936,-25.82285],[-48.59219,-25.82928],[-48.58601,-25.83807],[-48.5799,-25.85117],[-48.58324,-25.85467],[-48.65123,-25.8445],[-48.74303,-25.85174],[-48.76268,-25.8598],[-48.76944,-25.86736],[-48.77033,-25.87965],[-48.76578,-25.88665],[-48.75866,-25.88388],[-48.74303,-25.87282],[-48.57852,-25.87282],[-48.57116,-25.86907],[-48.56701,-25.86444],[-48.56347,-25.86582],[-48.55801,-25.87965],[-48.55651,-25.89121],[-48.55858,-25.90179],[-48.57852,-25.9616],[-48.58601,-25.99578],[-48.60456,-26.02337],[-48.61266,-26.04062],[-48.60985,-26.05438],[-48.60009,-26.07122],[-48.58263,-26.15716],[-48.58292,-26.17262],[-48.59252,-26.18385],[-48.61669,-26.18817],[-48.63492,-26.19451],[-48.64615,-26.20908],[-48.65543,-26.22527],[-48.66788,-26.23602],[-48.68716,-26.23773],[-48.71223,-26.23357],[-48.7338,-26.22471],[-48.74303,-26.21209],[-48.74523,-26.18914],[-48.75064,-26.1736],[-48.76415,-26.14715],[-48.76903,-26.12982],[-48.77033,-26.10931],[-48.77253,-26.10068],[-48.78185,-26.091],[-48.78865,-26.06341],[-48.79646,-26.06846],[-48.798,-26.08807],[-48.78401,-26.11305],[-48.79052,-26.12477],[-48.79113,-26.13535],[-48.78401,-26.15398],[-48.76696,-26.16399],[-48.76415,-26.17107],[-48.7635,-26.18719],[-48.75609,-26.20355],[-48.76415,-26.2282],[-48.75621,-26.24944],[-48.75975,-26.25709],[-48.76793,-26.26198],[-48.77774,-26.26328],[-48.75731,-26.29119],[-48.77038,-26.28973],[-48.78209,-26.29095],[-48.79162,-26.29559],[-48.79825,-26.30486],[-48.75731,-26.31146],[-48.7377,-26.31911],[-48.72936,-26.33522],[-48.72179,-26.34482],[-48.65978,-26.3707],[-48.65079,-26.37656],[-48.64363,-26.38486],[-48.63956,-26.40862],[-48.63585,-26.41855],[-48.62857,-26.42523],[-48.61669,-26.42783],[-48.6079,-26.4367],[-48.61425,-26.4568],[-48.66446,-26.55608],[-48.67545,-26.59466],[-48.68334,-26.66237],[-48.6822,-26.71917],[-48.67894,-26.73105],[-48.67113,-26.73944],[-48.62694,-26.77093],[-48.6149,-26.77044],[-48.59215,-26.76393],[-48.58226,-26.76751],[-48.57795,-26.77654],[-48.57921,-26.78655],[-48.58373,-26.79485],[-48.59773,-26.80446],[-48.60949,-26.81943],[-48.62047,-26.83717],[-48.62694,-26.85231],[-48.62877,-26.86484],[-48.62694,-26.89707],[-48.62483,-26.90276],[-48.61539,-26.91204],[-48.61327,-26.91774],[-48.62011,-26.93792],[-48.62133,-26.97438],[-48.62011,-26.9826],[-48.6112,-26.99391],[-48.60196,-26.99773],[-48.59219,-26.99627],[-48.57518,-27.01621],[-48.57714,-27.03297],[-48.58654,-27.04957],[-48.5963,-27.08611],[-48.60375,-27.09442],[-48.60717,-27.10442],[-48.58804,-27.15065],[-48.5795,-27.15846],[-48.56518,-27.16139],[-48.55138,-27.15814],[-48.54475,-27.15016],[-48.5406,-27.14007],[-48.53441,-27.13047],[-48.51622,-27.12078],[-48.50691,-27.1325],[-48.49682,-27.1491],[-48.47615,-27.15398],[-48.48388,-27.16595],[-48.49657,-27.17506],[-48.48697,-27.1985],[-48.48591,-27.21071],[-48.49291,-27.216],[-48.51598,-27.22235],[-48.52457,-27.22129],[-48.53136,-27.20916],[-48.51622,-27.20631],[-48.5126,-27.19817],[-48.5183,-27.18874],[-48.53136,-27.1819],[-48.54186,-27.18239],[-48.56037,-27.19297],[-48.56892,-27.19549],[-48.60643,-27.2234],[-48.61848,-27.23846],[-48.61998,-27.24668],[-48.62011,-27.26067],[-48.6129,-27.29949],[-48.60985,-27.30535],[-48.57234,-27.31219],[-48.56094,-27.32496],[-48.55484,-27.34246],[-48.55187,-27.3873],[-48.56554,-27.36745],[-48.57551,-27.38494],[-48.58194,-27.41668],[-48.59048,-27.42165],[-48.61327,-27.42832],[-48.62613,-27.43678],[-48.63695,-27.44695],[-48.6446,-27.46063],[-48.64745,-27.47959],[-48.60985,-27.55869],[-48.59016,-27.56365],[-48.57909,-27.57635],[-48.5775,-27.59401],[-48.58601,-27.61321],[-48.59455,-27.60117],[-48.61425,-27.6124],[-48.63512,-27.63258],[-48.64745,-27.64739],[-48.63805,-27.66131],[-48.6317,-27.67978],[-48.62808,-27.70013],[-48.62694,-27.71966],[-48.62389,-27.72527],[-48.6101,-27.74114],[-48.60643,-27.75042],[-48.62247,-27.75994],[-48.62922,-27.76751],[-48.62353,-27.77093],[-48.61803,-27.77801],[-48.58194,-27.81276],[-48.57234,-27.82545],[-48.57409,-27.83343],[-48.58869,-27.83904],[-48.59219,-27.84295],[-48.58825,-27.85361],[-48.5795,-27.8567],[-48.57042,-27.85752],[-48.56554,-27.86028],[-48.56969,-27.87803],[-48.59936,-27.91676],[-48.60643,-27.93231],[-48.61657,-27.99082],[-48.61327,-28.01116],[-48.60074,-28.02842],[-48.59899,-28.0416],[-48.60228,-28.05096],[-48.61681,-28.06292],[-48.62011,-28.06854],[-48.62169,-28.07692],[-48.63317,-28.1067],[-48.64061,-28.14764],[-48.65372,-28.1902],[-48.65526,-28.21282],[-48.63589,-28.23016],[-48.65172,-28.24717],[-48.68838,-28.27801],[-48.69156,-28.28753],[-48.6949,-28.31227],[-48.6964,-28.34205],[-48.72448,-28.37135],[-48.73107,-28.38445],[-48.74303,-28.42205],[-48.7574,-28.44459],[-48.76305,-28.45696],[-48.75666,-28.47763],[-48.76122,-28.4874],[-48.77062,-28.49196],[-48.78087,-28.48748],[-48.79406,-28.4708],[-48.80346,-28.45232],[-48.80752,-28.43174],[-48.80504,-28.40838],[-48.79467,-28.39267],[-48.79088,-28.38152],[-48.79483,-28.37054],[-48.85057,-28.32366],[-48.86461,-28.3209],[-48.87401,-28.34629],[-48.87267,-28.35866],[-48.86229,-28.38047],[-48.85973,-28.39129],[-48.86193,-28.40057],[-48.87173,-28.40976],[-48.87401,-28.41888],[-48.86925,-28.42669],[-48.84683,-28.42604],[-48.83922,-28.42889],[-48.83845,-28.43719],[-48.84911,-28.45452],[-48.85289,-28.46364],[-48.85489,-28.47527],[-48.84301,-28.48748],[-48.80846,-28.50457],[-48.78917,-28.52142],[-48.77774,-28.52508],[-48.76089,-28.51279],[-48.74987,-28.51141],[-48.75609,-28.52842],[-48.76529,-28.54363],[-48.79597,-28.57952],[-48.80712,-28.60019],[-48.81534,-28.61045],[-48.82592,-28.615],[-48.87051,-28.62005],[-48.8841,-28.62322],[-48.91246,-28.63787],[-48.94058,-28.64544],[-48.95539,-28.65569],[-48.97639,-28.67523],[-49.05704,-28.71852],[-49.34276,-28.92352],[-49.55232,-29.12737],[-49.81066,-29.44313],[-49.86026,-29.52858],[-49.93358,-29.63437],[-49.99743,-29.76458],[-50.04532,-29.81455],[-50.2069,-30.2011],[-50.25137,-30.32285],[-50.31566,-30.46152],[-50.58764,-30.85101],[-50.59333,-30.87151],[-50.59952,-30.88144],[-50.72143,-31.04453],[-50.82844,-31.14267],[-50.88366,-31.2199],[-51.03458,-31.37803],[-51.15185,-31.48154],[-51.32396,-31.60394],[-51.56334,-31.77744],[-51.86351,-31.93174],[-51.88927,-31.95379],[-52.03262,-32.10898],[-52.06859,-32.16237],[-52.07738,-32.16725],[-52.08446,-32.1469],[-52.07689,-32.12379],[-52.05313,-32.08782],[-52.0467,-32.07431],[-52.03893,-32.05185],[-52.03576,-32.02793],[-52.04288,-32.00953],[-52.05663,-31.98838],[-52.04503,-31.97682],[-52.02473,-31.96697],[-52.0122,-31.95062],[-52.02587,-31.91969],[-52.08796,-31.85857],[-52.08727,-31.82781],[-52.04845,-31.80828],[-52.00182,-31.82155],[-51.92276,-31.86875],[-51.87999,-31.87127],[-51.83633,-31.85491],[-51.81371,-31.82838],[-51.8341,-31.80047],[-51.78604,-31.79209],[-51.74372,-31.79485],[-51.7045,-31.79274],[-51.66617,-31.76971],[-51.56021,-31.66758],[-51.5454,-31.63974],[-51.51256,-31.61598],[-51.50512,-31.59808],[-51.49869,-31.57488],[-51.48412,-31.58294],[-51.45726,-31.61549],[-51.44762,-31.61273],[-51.451,-31.59531],[-51.46349,-31.55722],[-51.4591,-31.53932],[-51.44835,-31.51686],[-51.43497,-31.49651],[-51.42251,-31.48512],[-51.41348,-31.51784],[-51.3778,-31.52695],[-51.33454,-31.51922],[-51.30305,-31.50221],[-51.28783,-31.49],[-51.2567,-31.47259],[-51.24498,-31.46404],[-51.21028,-31.41619],[-51.1796,-31.35898],[-51.15856,-31.28639],[-51.15478,-31.21209],[-51.17614,-31.14935],[-51.17016,-31.13535],[-51.16283,-31.09295],[-51.16186,-31.07773],[-51.15339,-31.06715],[-51.1339,-31.06959],[-51.09728,-31.08099],[-51.07799,-31.0779],[-51.04784,-31.06406],[-51.03279,-31.06064],[-51.01399,-31.06276],[-51.00642,-31.07049],[-51.00577,-31.1242],[-51.00316,-31.13291],[-50.99425,-31.13633],[-50.98351,-31.13502],[-50.97594,-31.13096],[-50.97151,-31.1233],[-50.97004,-31.11175],[-50.96467,-31.10125],[-50.95287,-31.09547],[-50.94107,-31.09189],[-50.9359,-31.08782],[-50.93993,-31.07643],[-50.94872,-31.0748],[-50.95958,-31.07627],[-50.97004,-31.07431],[-50.98766,-31.04559],[-50.97745,-31.00897],[-50.96011,-30.96697],[-50.95641,-30.92278],[-50.97183,-30.90407],[-50.97842,-30.89332],[-50.97374,-30.8886],[-50.96304,-30.88982],[-50.95006,-30.89495],[-50.93932,-30.89609],[-50.91389,-30.89332],[-50.89542,-30.88584],[-50.81957,-30.83131],[-50.77969,-30.82383],[-50.76012,-30.81512],[-50.74389,-30.80389],[-50.73107,-30.79241],[-50.69262,-30.72649],[-50.67943,-30.6417],[-50.68952,-30.46404],[-50.69469,-30.44606],[-50.71337,-30.40838],[-50.7211,-30.37908],[-50.72663,-30.37037],[-50.72566,-30.36305],[-50.70995,-30.35418],[-50.69717,-30.35076],[-50.68993,-30.3532],[-50.67585,-30.36785],[-50.64513,-30.39219],[-50.64265,-30.39837],[-50.65185,-30.41139],[-50.65469,-30.41937],[-50.64989,-30.43857],[-50.63805,-30.45721],[-50.62263,-30.47373],[-50.60753,-30.48512],[-50.57217,-30.46111],[-50.56501,-30.45013],[-50.56672,-30.43426],[-50.57283,-30.40944],[-50.56867,-30.39764],[-50.55517,-30.37884],[-50.53726,-30.32041],[-50.53677,-30.29404],[-50.53987,-30.26751],[-50.54552,-30.25115],[-50.58336,-30.23203],[-50.58772,-30.22682],[-50.59838,-30.20241],[-50.60387,-30.19378],[-50.61482,-30.18621],[-50.6256,-30.18336],[-50.63663,-30.18499],[-50.64855,-30.19036],[-50.67247,-30.21705],[-50.67585,-30.21771],[-50.67829,-30.2282],[-50.67618,-30.23162],[-50.66959,-30.23398],[-50.65844,-30.24147],[-50.65343,-30.25156],[-50.65526,-30.26165],[-50.66218,-30.27549],[-50.67199,-30.28899],[-50.69518,-30.29437],[-50.76106,-30.29144],[-50.77912,-30.29323],[-50.79353,-30.3025],[-50.79939,-30.3235],[-50.85717,-30.31707],[-50.87442,-30.32008],[-50.89753,-30.31048],[-50.91299,-30.31666],[-50.92292,-30.33319],[-50.92907,-30.35418],[-50.93285,-30.38063],[-50.93029,-30.39861],[-50.91539,-30.43621],[-50.93639,-30.43157],[-50.98436,-30.3952],[-51.02147,-30.38372],[-51.03409,-30.37567],[-51.03893,-30.3576],[-51.04027,-30.34352],[-51.03279,-30.32692],[-51.02627,-30.3178],[-51.01391,-30.30495],[-51.01163,-30.29616],[-51.0148,-30.27858],[-51.0231,-30.26377],[-51.03417,-30.25742],[-51.04577,-30.2654],[-51.0526,-30.2654],[-51.05761,-30.24188],[-51.07946,-30.23789],[-51.10338,-30.24326],[-51.11465,-30.24814],[-51.12255,-30.25604],[-51.14078,-30.24749],[-51.17614,-30.22454],[-51.17146,-30.20941],[-51.18049,-30.20037],[-51.21028,-30.19036],[-51.21923,-30.1889],[-51.23302,-30.18987],[-51.23754,-30.18353],[-51.23559,-30.17816],[-51.22126,-30.16497],[-51.21711,-30.15635],[-51.22037,-30.13641],[-51.2316,-30.12477],[-51.24405,-30.11688],[-51.25121,-30.10784],[-51.25048,-30.09157],[-51.23888,-30.05853],[-51.23754,-30.03965],[-51.25935,-30.04681],[-51.26281,-30.03297],[-51.26207,-30.01377],[-51.27172,-30.00482],[-51.28352,-30.00742],[-51.28527,-30.01263],[-51.2838,-30.02077],[-51.28596,-30.03216],[-51.30647,-30.07024],[-51.30427,-30.07627],[-51.29434,-30.08074],[-51.29214,-30.08392],[-51.29963,-30.10467],[-51.30004,-30.12705],[-51.30309,-30.13633],[-51.31017,-30.14569],[-51.31395,-30.15455],[-51.30647,-30.18694],[-51.30891,-30.19736],[-51.32697,-30.22454],[-51.28905,-30.21771],[-51.28246,-30.22137],[-51.26488,-30.24489],[-51.29214,-30.27166],[-51.28063,-30.28737],[-51.24718,-30.29754],[-51.23754,-30.31325],[-51.22814,-30.30706],[-51.20409,-30.28533],[-51.19717,-30.29469],[-51.1953,-30.30901],[-51.1966,-30.33717],[-51.18773,-30.36012],[-51.16613,-30.36297],[-51.11465,-30.34735],[-51.09341,-30.34499],[-51.09065,-30.35198],[-51.0963,-30.36614],[-51.10041,-30.38535],[-51.10473,-30.39324],[-51.11482,-30.40106],[-51.12637,-30.407],[-51.13512,-30.40944],[-51.1411,-30.40781],[-51.15331,-30.39861],[-51.16186,-30.3952],[-51.20043,-30.39983],[-51.22948,-30.42588],[-51.25048,-30.46233],[-51.27794,-30.54013],[-51.28698,-30.58164],[-51.29019,-30.62444],[-51.28596,-30.66961],[-51.26757,-30.73496],[-51.26488,-30.75555],[-51.26968,-30.78183],[-51.28173,-30.79656],[-51.29768,-30.79534],[-51.31395,-30.77321],[-51.28946,-30.76735],[-51.29117,-30.73992],[-51.31395,-30.68377],[-51.3225,-30.64219],[-51.33283,-30.63641],[-51.35798,-30.63543],[-51.37711,-30.64227],[-51.38329,-30.65887],[-51.38158,-30.7763],[-51.37877,-30.79412],[-51.36547,-30.83229],[-51.36107,-30.85459],[-51.36189,-30.87916],[-51.37072,-30.88649],[-51.41259,-30.8825],[-51.43712,-30.88388],[-51.45543,-30.88942],[-51.46862,-30.90162],[-51.47777,-30.92278],[-51.48571,-30.96705],[-51.4842,-31.01295],[-51.47082,-31.05332],[-51.44302,-31.08099],[-51.56969,-31.11956],[-51.59069,-31.122],[-51.62361,-31.13535],[-51.64297,-31.16709],[-51.65087,-31.2055],[-51.64904,-31.2387],[-51.6376,-31.25026],[-51.63752,-31.25652],[-51.65282,-31.25921],[-51.68472,-31.25213],[-51.71255,-31.26588],[-51.73501,-31.26914],[-51.77941,-31.26605],[-51.79589,-31.26702],[-51.81896,-31.27223],[-51.83947,-31.28216],[-51.85692,-31.31121],[-51.87755,-31.31121],[-51.90209,-31.30674],[-51.92276,-31.3069],[-51.9322,-31.31854],[-51.94001,-31.32513],[-51.95385,-31.32806],[-51.96353,-31.33229],[-51.96369,-31.34173],[-51.95726,-31.35117],[-51.94734,-31.3554],[-51.94286,-31.35931],[-51.95141,-31.3681],[-51.98766,-31.39251],[-51.99352,-31.39821],[-51.99853,-31.40936],[-52.00162,-31.42913],[-51.99853,-31.49537],[-52.00475,-31.52793],[-52.00475,-31.53973],[-52.0008,-31.5512],[-51.98839,-31.56536],[-51.98485,-31.57391],[-52.00154,-31.62428],[-52.00475,-31.63974],[-52.00792,-31.64617],[-52.01488,-31.63746],[-52.02587,-31.61549],[-52.03262,-31.58131],[-52.04015,-31.57024],[-52.0631,-31.55722],[-52.07323,-31.55429],[-52.08332,-31.55869],[-52.09105,-31.56756],[-52.09411,-31.57757],[-52.08996,-31.60613],[-52.07909,-31.61004],[-52.06379,-31.60524],[-52.0463,-31.60809],[-52.04125,-31.62265],[-52.04914,-31.64398],[-52.06334,-31.66546],[-52.07738,-31.6806],[-52.09577,-31.6911],[-52.20372,-31.72731],[-52.21862,-31.74066],[-52.22448,-31.76246],[-52.22224,-31.77435],[-52.21019,-31.80047],[-52.21304,-31.80926],[-52.22419,-31.82822],[-52.22448,-31.8414],[-52.2456,-31.841],[-52.24844,-31.86199],[-52.23571,-31.87965],[-52.21019,-31.86875],[-52.18668,-31.89479],[-52.1835,-31.90008],[-52.17886,-31.90276],[-52.15681,-31.90692],[-52.14932,-31.90976],[-52.1361,-31.92254],[-52.13386,-31.93084],[-52.13907,-31.94053],[-52.14696,-31.94183],[-52.16979,-31.93646],[-52.19725,-31.94996],[-52.21898,-31.95721],[-52.23766,-31.9664],[-52.2456,-31.98203],[-52.24812,-32.01914],[-52.25207,-32.03818],[-52.25862,-32.05364],[-52.22924,-32.05071],[-52.21117,-32.05674],[-52.21166,-32.06797],[-52.23811,-32.08099],[-52.21398,-32.08611],[-52.18212,-32.07903],[-52.15441,-32.06512],[-52.14249,-32.05023],[-52.13712,-32.03777],[-52.12409,-32.02947],[-52.10822,-32.02557],[-52.09411,-32.02646],[-52.08141,-32.032],[-52.08145,-32.03769],[-52.09781,-32.05023],[-52.14745,-32.07789],[-52.16893,-32.10068],[-52.15616,-32.12265],[-52.13972,-32.11907],[-52.10285,-32.07968],[-52.08727,-32.06732],[-52.10057,-32.10621],[-52.10155,-32.12265],[-52.09118,-32.1539],[-52.09118,-32.16611],[-52.12743,-32.1775],[-52.22863,-32.25107],[-52.25341,-32.28249],[-52.37532,-32.49871],[-52.44319,-32.68597],[-52.47086,-32.80096],[-52.62169,-33.10198],[-52.64489,-33.13698],[-52.74405,-33.2492],[-52.81949,-33.32252],[-52.92089,-33.40301],[-53.09166,-33.52728],[-53.19441,-33.61972],[-53.26635,-33.67669],[-53.37909,-33.74068],[-53.41128,-33.74228],[-53.42363,-33.73101],[-53.43082,-33.71345],[-53.44043,-33.69711],[-53.45671,-33.6875],[-53.47319,-33.6874],[-53.49107,-33.69029],[-53.51154,-33.69029],[-53.53965,-33.64926],[-53.53681,-33.55986],[-53.51402,-33.39491],[-53.53613,-33.24464],[-53.53686,-33.17084],[-53.51154,-33.09922],[-53.48332,-33.06728],[-53.44911,-33.04207],[-53.32731,-32.97364],[-53.3163,-32.96269],[-53.30958,-32.9444],[-53.307,-32.90719],[-53.29883,-32.8891],[-53.27083,-32.86378],[-53.20385,-32.82244],[-53.16308,-32.77872],[-53.12686,-32.75485],[-53.11404,-32.74058],[-53.11084,-32.72239],[-53.11978,-32.70741],[-53.18613,-32.64674],[-53.20148,-32.63723],[-53.23372,-32.62462],[-53.2669,-32.60736],[-53.29909,-32.60716],[-53.31604,-32.60271],[-53.35909,-32.58028],[-53.41562,-32.56416],[-53.47464,-32.50825],[-53.53763,-32.47021],[-53.5613,-32.44954],[-53.58197,-32.42577],[-53.59892,-32.39993],[-53.60931,-32.38784],[-53.63478,-32.36872],[-53.64388,-32.3556],[-53.64868,-32.33864],[-53.65184,-32.28831],[-53.65855,-32.25431],[-53.67059,-32.2264],[-53.72145,-32.16243],[-53.75002,-32.10403],[-53.75137,-32.06879],[-53.75731,-32.05504],[-53.77183,-32.04709],[-53.83043,-32.03644],[-53.85808,-32.0212],[-53.8711,-32.01148],[-53.88144,-32.00125],[-53.88728,-31.9905],[-53.89415,-31.97014],[-53.90583,-31.95929],[-53.93435,-31.94254],[-53.94877,-31.93696],[-53.96598,-31.93252],[-53.9989,-31.92973],[-54.00871,-31.92653],[-54.01771,-31.9196],[-54.02665,-31.90482],[-54.03264,-31.8981],[-54.04975,-31.88715],[-54.06881,-31.87991],[-54.08845,-31.87816],[-54.10731,-31.88394],[-54.1255,-31.89852],[-54.13506,-31.90896],[-54.14628,-31.90989],[-54.16958,-31.89593],[-54.21878,-31.85666],[-54.27423,-31.82338],[-54.34296,-31.76933],[-54.3735,-31.73894],[-54.40368,-31.71465],[-54.43649,-31.69429],[-54.46372,-31.67186],[-54.47737,-31.6421],[-54.47897,-31.60148],[-54.48315,-31.58391],[-54.49504,-31.56562],[-54.50966,-31.55229],[-54.56238,-31.51591],[-54.57385,-31.50247],[-54.59152,-31.47105],[-54.60454,-31.45978],[-54.61968,-31.45565],[-54.65413,-31.45575],[-54.81978,-31.43529],[-54.8499,-31.42506],[-54.86337,-31.41762],[-54.90029,-31.38206],[-54.9408,-31.36563],[-54.96964,-31.34082],[-54.99535,-31.31178],[-55.01149,-31.2878],[-55.02938,-31.26879],[-55.04235,-31.27261],[-55.0611,-31.30486],[-55.07426,-31.32057],[-55.08725,-31.32677],[-55.10245,-31.32429],[-55.12224,-31.31354],[-55.16963,-31.27644],[-55.18828,-31.26651],[-55.22755,-31.25349],[-55.24435,-31.2446],[-55.25998,-31.22869],[-55.26874,-31.2106],[-55.28223,-31.16905],[-55.2937,-31.15365],[-55.32693,-31.13495],[-55.33804,-31.12564],[-55.34496,-31.10849],[-55.34843,-31.07273],[-55.35385,-31.05629],[-55.36858,-31.03738],[-55.44258,-30.96555],[-55.48909,-30.92969],[-55.51131,-30.90612],[-55.52748,-30.89455],[-55.56386,-30.87646],[-55.59187,-30.84835],[-55.61291,-30.84339],[-55.63404,-30.84763],[-55.64967,-30.86096],[-55.65458,-30.87873],[-55.65107,-30.91997],[-55.65275,-30.93899],[-55.66582,-30.94932],[-55.6883,-30.94777],[-55.71274,-30.94343],[-55.73189,-30.9454],[-55.74489,-30.95863],[-55.75551,-30.99294],[-55.76359,-31.00844],[-55.77814,-31.02043],[-55.83248,-31.05175],[-55.84659,-31.06932],[-55.8546,-31.07459],[-55.86426,-31.07676],[-55.88819,-31.07697],[-55.91935,-31.08244],[-55.98516,-31.07882],[-56.01136,-31.08213],[-56.02218,-31.06715],[-56.02239,-31.04555],[-56.01634,-30.99986],[-56.01552,-30.93434],[-56.01136,-30.91263],[-55.99386,-30.88545],[-55.98895,-30.85579],[-55.99531,-30.82582],[-56.01136,-30.79822],[-56.07686,-30.75233],[-56.09189,-30.73611],[-56.12505,-30.6803],[-56.13168,-30.67193],[-56.14032,-30.66479],[-56.15964,-30.65394],[-56.1708,-30.64578],[-56.17783,-30.62552],[-56.18352,-30.61456],[-56.21509,-30.5819],[-56.23509,-30.56537],[-56.26796,-30.55111],[-56.32653,-30.50832],[-56.3726,-30.48589],[-56.38598,-30.47576],[-56.40045,-30.45892],[-56.42464,-30.42357],[-56.44128,-30.40879],[-56.49456,-30.37933],[-56.52375,-30.35732],[-56.56078,-30.32052],[-56.57502,-30.30244],[-56.58582,-30.29655],[-56.6052,-30.29562],[-56.6154,-30.29334],[-56.63135,-30.28466],[-56.63243,-30.27815],[-56.62928,-30.26771],[-56.63258,-30.24745],[-56.64178,-30.23392],[-56.65682,-30.22131],[-56.67374,-30.21128],[-56.70478,-30.19836],[-56.767,-30.16136],[-56.77661,-30.15092],[-56.79516,-30.12384],[-56.83128,-30.10204],[-56.86921,-30.10297],[-56.90637,-30.10855],[-56.95453,-30.09687],[-56.97458,-30.09749],[-57.01127,-30.10348],[-57.03788,-30.11465],[-57.04853,-30.11454],[-57.06723,-30.10679],[-57.07711,-30.10607],[-57.10227,-30.12116],[-57.12956,-30.14999],[-57.15085,-30.18234],[-57.15834,-30.20787],[-57.16382,-30.23929],[-57.18371,-30.2675],[-57.2126,-30.28735],[-57.24505,-30.29334],[-57.25007,-30.29045],[-57.26247,-30.27867],[-57.27038,-30.27515],[-57.27622,-30.27774],[-57.28862,-30.29076],[-57.29647,-30.29334],[-57.31099,-30.28828],[-57.32174,-30.2798],[-57.3343,-30.27267],[-57.35383,-30.27195],[-57.3666,-30.27722],[-57.38939,-30.29489],[-57.39926,-30.29913],[-57.41481,-30.29572],[-57.4298,-30.27546],[-57.44313,-30.26947],[-57.46721,-30.26988],[-57.51098,-30.2767],[-57.53599,-30.27443],[-57.56746,-30.25634],[-57.58684,-30.20405],[-57.6117,-30.18296],[-57.56865,-30.17656],[-57.5486,-30.17004],[-57.50617,-30.14431],[-57.41145,-30.03961],[-57.32515,-29.98101],[-57.31874,-29.96551],[-57.30851,-29.84851],[-57.29151,-29.81513],[-57.26257,-29.7926],[-57.21963,-29.77834],[-57.17746,-29.77286],[-57.13338,-29.77213],[-57.11287,-29.76604],[-57.09416,-29.75198],[-57.02093,-29.68335],[-57.0136,-29.67312],[-57.00884,-29.66258],[-56.97939,-29.63499],[-56.96579,-29.60088],[-56.95164,-29.58631],[-56.91241,-29.5584],[-56.90435,-29.54962],[-56.89727,-29.53566],[-56.81903,-29.475],[-56.80756,-29.44471],[-56.79984,-29.43397],[-56.78343,-29.4258],[-56.78082,-29.39531],[-56.76994,-29.37908],[-56.75356,-29.36741],[-56.71813,-29.35149],[-56.7055,-29.34374],[-56.68865,-29.32958],[-56.67703,-29.31335],[-56.66065,-29.27087],[-56.65046,-29.25134],[-56.65729,-29.2379],[-56.6563,-29.22343],[-56.65067,-29.20907],[-56.64367,-29.19615],[-56.61729,-29.16091],[-56.58422,-29.13228],[-56.5483,-29.10995],[-56.51332,-29.09373],[-56.44428,-29.07812],[-56.42797,-29.06985],[-56.41575,-29.05135],[-56.41193,-29.03182],[-56.41092,-28.9913],[-56.39162,-28.95224],[-56.32307,-28.91648],[-56.301,-28.88144],[-56.29483,-28.79576],[-56.28615,-28.78015],[-56.26548,-28.77199],[-56.21845,-28.76413],[-56.18471,-28.74419],[-56.10301,-28.64807],[-56.04081,-28.609],[-56.0219,-28.58575],[-56.0205,-28.54627],[-56.02296,-28.52828],[-56.02143,-28.5104],[-56.01159,-28.49655],[-55.97914,-28.48922],[-55.95159,-28.47671],[-55.91909,-28.4734],[-55.91067,-28.47051],[-55.90203,-28.46514],[-55.89806,-28.46069],[-55.89692,-28.45346],[-55.89666,-28.40684],[-55.90038,-28.39847],[-55.9056,-28.37801],[-55.88736,-28.36333],[-55.84235,-28.34638],[-55.81253,-28.3532],[-55.77119,-28.35754],[-55.7346,-28.36592],[-55.71884,-28.38452],[-55.71497,-28.40447],[-55.70569,-28.40767],[-55.69424,-28.40013],[-55.68406,-28.38803],[-55.67737,-28.37387],[-55.6636,-28.32654],[-55.67722,-28.30184],[-55.68722,-28.29005],[-55.71471,-28.28189],[-55.7546,-28.26566],[-55.76659,-28.2576],[-55.77253,-28.23197],[-55.74794,-28.21574],[-55.68406,-28.19621],[-55.62383,-28.14619],[-55.61665,-28.12955],[-55.60474,-28.11694],[-55.58164,-28.12107],[-55.57854,-28.12748],[-55.57932,-28.13637],[-55.57709,-28.14433],[-55.56487,-28.14774],[-55.55348,-28.14557],[-55.54973,-28.13988],[-55.54828,-28.13224],[-55.54376,-28.12417],[-55.52022,-28.10681],[-55.50991,-28.08397],[-55.50594,-28.0789],[-55.49296,-28.07394],[-55.48653,-28.07715],[-55.48232,-28.08314],[-55.4755,-28.08635],[-55.46485,-28.08511],[-55.44075,-28.0789],[-55.43509,-28.07074],[-55.38984,-28.02423],[-55.38338,-28.01421],[-55.38142,-28.00873],[-55.38243,-27.98733],[-55.38093,-27.97824],[-55.37643,-27.97318],[-55.3691,-27.9708],[-55.35886,-27.97028],[-55.33791,-27.96315],[-55.33303,-27.94661],[-55.32987,-27.92811],[-55.31411,-27.91499],[-55.30176,-27.91395],[-55.27008,-27.92243],[-55.26024,-27.91923],[-55.22404,-27.8938],[-55.21231,-27.87716],[-55.19774,-27.86062],[-55.17756,-27.8536],[-55.16146,-27.85825],[-55.1397,-27.87675],[-55.11924,-27.88088],[-55.1087,-27.84678],[-55.09994,-27.84378],[-55.0779,-27.84336],[-55.06772,-27.83933],[-55.04581,-27.8507],[-55.02963,-27.8507],[-55.02581,-27.84016],[-55.04043,-27.81949],[-55.07126,-27.79437],[-55.08116,-27.77825],[-55.06431,-27.77102],[-55.04465,-27.77505],[-55.02759,-27.78301],[-55.00912,-27.78838],[-54.98519,-27.78528],[-54.933,-27.74384],[-54.91321,-27.73691],[-54.9069,-27.72709],[-54.90158,-27.70446],[-54.89646,-27.66115],[-54.89827,-27.62364],[-54.8898,-27.62064],[-54.86541,-27.62084],[-54.8451,-27.61185],[-54.83701,-27.59046],[-54.83368,-27.56535],[-54.82753,-27.54509],[-54.8189,-27.5362],[-54.80505,-27.52638],[-54.79223,-27.52318],[-54.78655,-27.53424],[-54.79373,-27.54922],[-54.78802,-27.55284],[-54.78035,-27.56214],[-54.77394,-27.56379],[-54.7319,-27.55129],[-54.69968,-27.55305],[-54.69033,-27.55129],[-54.68113,-27.54643],[-54.6772,-27.54178],[-54.67668,-27.52059],[-54.67348,-27.50974],[-54.66645,-27.50385],[-54.65948,-27.50282],[-54.65619,-27.50726],[-54.65123,-27.52586],[-54.63953,-27.52679],[-54.62591,-27.51532],[-54.61524,-27.49672],[-54.60532,-27.46799],[-54.5985,-27.4591],[-54.58945,-27.45259],[-54.58382,-27.45207],[-54.57054,-27.45569],[-54.5538,-27.48297],[-54.54326,-27.487],[-54.53354,-27.48742],[-54.46858,-27.47026],[-54.44838,-27.45889],[-54.44765,-27.44577],[-54.46455,-27.42334],[-54.46083,-27.41259],[-54.44455,-27.40897],[-54.40425,-27.40742],[-54.3889,-27.41114],[-54.37872,-27.42272],[-54.375,-27.44577],[-54.37159,-27.45445],[-54.36347,-27.45352],[-54.35433,-27.44628],[-54.34771,-27.43584],[-54.34611,-27.42654],[-54.34771,-27.3943],[-54.33402,-27.40608],[-54.32151,-27.41951],[-54.30694,-27.42892],[-54.28689,-27.4284],[-54.2749,-27.4161],[-54.26859,-27.40639],[-54.26126,-27.38872],[-54.25071,-27.3852],[-54.23924,-27.38386],[-54.23165,-27.38055],[-54.22958,-27.37197],[-54.2318,-27.35151],[-54.22793,-27.34303],[-54.21816,-27.32929],[-54.18953,-27.26087],[-54.17702,-27.2434],[-54.15594,-27.25766],[-54.15806,-27.27947],[-54.12819,-27.28888],[-54.09176,-27.28515],[-54.01812,-27.21229],[-54.01089,-27.194],[-54.00515,-27.18821],[-53.99729,-27.18728],[-53.98846,-27.19379],[-53.98148,-27.19565],[-53.96179,-27.19141],[-53.96107,-27.18077],[-53.96624,-27.16723],[-53.96412,-27.154],[-53.95089,-27.1478],[-53.92541,-27.16599],[-53.90949,-27.16826],[-53.89942,-27.15845],[-53.89084,-27.12713],[-53.88221,-27.11989],[-53.86877,-27.12589],[-53.85787,-27.14098],[-53.84878,-27.15751],[-53.84201,-27.16351],[-53.83002,-27.15679],[-53.81922,-27.13974],[-53.81875,-27.13147],[-53.82826,-27.12175],[-53.82872,-27.11442],[-53.82433,-27.10935],[-53.80976,-27.10098],[-53.8049,-27.09437],[-53.80325,-27.08062],[-53.80501,-27.0522],[-53.80092,-27.03907],[-53.79581,-27.03587],[-53.78005,-27.0338],[-53.77317,-27.03018],[-53.76847,-27.02409],[-53.7246,-26.94047],[-53.71251,-26.90451],[-53.7107,-26.87381],[-53.72243,-26.81438],[-53.734,-26.77738],[-53.75292,-26.77325],[-53.7539,-26.76312],[-53.74728,-26.74906],[-53.74785,-26.73914],[-53.76108,-26.73284],[-53.76966,-26.72664],[-53.77431,-26.71434],[-53.77173,-26.70369],[-53.76361,-26.7008],[-53.75374,-26.69956],[-53.74604,-26.69387],[-53.73953,-26.67558],[-53.73788,-26.65708],[-53.74294,-26.61915],[-53.74237,-26.60055],[-53.72961,-26.56582],[-53.72682,-26.54856],[-53.72821,-26.55187],[-53.7356,-26.53512],[-53.73747,-26.5253],[-53.73457,-26.51828],[-53.71292,-26.5005],[-53.71276,-26.4696],[-53.72444,-26.37606],[-53.71586,-26.34671],[-53.67323,-26.29255],[-53.66155,-26.25979],[-53.66672,-26.21917],[-53.68512,-26.18765],[-53.73338,-26.12636],[-53.74677,-26.09164],[-53.75348,-26.05867],[-53.76501,-26.02807],[-53.79271,-26.00048],[-53.82619,-25.97268],[-53.83343,-25.96224],[-53.83606,-25.94973],[-53.83058,-25.93165],[-53.8296,-25.92131],[-53.84164,-25.86767],[-53.8373,-25.80917],[-53.84035,-25.7914],[-53.84934,-25.7729],[-53.85782,-25.76318],[-53.87704,-25.74613],[-53.88345,-25.73559],[-53.88552,-25.72256],[-53.87828,-25.70613],[-53.87647,-25.69786],[-53.88753,-25.66127],[-53.89813,-25.63947],[-53.90996,-25.62924],[-53.9481,-25.65063],[-53.96773,-25.65321],[-53.97621,-25.62758],[-53.97828,-25.60702],[-53.98499,-25.58934],[-53.99745,-25.57497],[-54.01652,-25.56505],[-54.03021,-25.56216],[-54.04292,-25.56846],[-54.05538,-25.57074],[-54.07248,-25.55534],[-54.08272,-25.55007],[-54.08928,-25.55885],[-54.08576,-25.59058],[-54.08964,-25.5974],[-54.09889,-25.5972],[-54.10897,-25.59027],[-54.1177,-25.58056],[-54.12313,-25.57177],[-54.12597,-25.55203],[-54.12018,-25.53549],[-54.11186,-25.51937],[-54.10716,-25.50056],[-54.11145,-25.49591],[-54.11641,-25.49457],[-54.12209,-25.49622],[-54.12819,-25.50056],[-54.15429,-25.52826],[-54.16509,-25.53436],[-54.1777,-25.5358],[-54.19671,-25.5296],[-54.20694,-25.52795],[-54.2148,-25.53146],[-54.1947,-25.5633],[-54.19025,-25.58076],[-54.20994,-25.58221],[-54.22896,-25.57704],[-54.24369,-25.57756],[-54.24963,-25.59327],[-54.25562,-25.59875],[-54.26317,-25.59006],[-54.27366,-25.56877],[-54.28441,-25.55679],[-54.29924,-25.55265],[-54.32172,-25.55513],[-54.33309,-25.56195],[-54.34967,-25.58242],[-54.36011,-25.58428],[-54.37779,-25.57766],[-54.38621,-25.57715],[-54.39541,-25.58107],[-54.40285,-25.59027],[-54.4028,-25.61032],[-54.40507,-25.61983],[-54.41267,-25.62727],[-54.43132,-25.63688],[-54.43742,-25.64505],[-54.43773,-25.65538],[-54.43313,-25.67657],[-54.43732,-25.68525],[-54.44734,-25.68918],[-54.45354,-25.68319],[-54.45654,-25.67264],[-54.46057,-25.64205],[-54.47303,-25.62582],[-54.49106,-25.61404],[-54.51142,-25.60619],[-54.5323,-25.61063],[-54.53871,-25.60133],[-54.54,-25.58676],[-54.54563,-25.57477],[-54.56005,-25.57022],[-54.6002,-25.57494],[-54.59416,-25.54862],[-54.59147,-25.52475],[-54.5985,-25.50583],[-54.60852,-25.48764],[-54.61245,-25.46552],[-54.61183,-25.44403],[-54.60981,-25.43276],[-54.59798,-25.39752],[-54.57566,-25.36031],[-54.54708,-25.33664],[-54.52848,-25.31432],[-54.50357,-25.27866],[-54.48145,-25.21324],[-54.46941,-25.19546],[-54.43567,-25.16704],[-54.42662,-25.14947],[-54.42972,-25.13056],[-54.4552,-25.09211],[-54.46331,-25.07278],[-54.46419,-25.05594],[-54.46228,-25.03723],[-54.40729,-24.82122],[-54.39975,-24.80479],[-54.37112,-24.76665],[-54.32131,-24.62837],[-54.32068,-24.59591],[-54.33479,-24.52729],[-54.33453,-24.49669],[-54.32291,-24.46435],[-54.2841,-24.41133],[-54.2717,-24.38941],[-54.26219,-24.35851],[-54.26105,-24.32947],[-54.28265,-24.27531],[-54.30627,-24.24668],[-54.31412,-24.23418],[-54.31898,-24.19676],[-54.33185,-24.16504],[-54.33464,-24.14891],[-54.32477,-24.11822],[-54.30105,-24.0899],[-54.24529,-24.05062],[-54.36761,-23.98468],[-54.4229,-23.91379],[-54.44316,-23.89993],[-54.61255,-23.81115],[-54.63922,-23.80444],[-54.65459,-23.81146],[-54.67978,-23.83668],[-54.69684,-23.84516],[-54.82742,-23.88702],[-54.89192,-23.92061],[-54.90489,-23.93301],[-54.92675,-23.95988],[-54.94364,-23.96918],[-54.96106,-23.97177],[-54.99457,-23.97311],[-55.01149,-23.98055],[-55.04229,-23.98903],[-55.10557,-23.98851],[-55.16544,-24.01683],[-55.20086,-24.01951],[-55.23683,-24.01269],[-55.27272,-24.00039],[-55.30435,-23.99409],[-55.36718,-23.98965],[-55.39804,-23.97683],[-55.42067,-23.95451],[-55.43018,-23.92856],[-55.44532,-23.73545],[-55.46697,-23.67323],[-55.51131,-23.62941],[-55.53053,-23.60347],[-55.53389,-23.56998],[-55.53307,-23.53402],[-55.53991,-23.50053],[-55.54247,-23.4658],[-55.51555,-23.4102],[-55.51387,-23.3794],[-55.52488,-23.36049],[-55.5556,-23.33031],[-55.56216,-23.30788],[-55.55901,-23.29134],[-55.53565,-23.24587],[-55.53524,-23.22912],[-55.56087,-23.14592],[-55.58867,-23.13011],[-55.59939,-23.11709],[-55.60014,-23.10055],[-55.59523,-23.06407],[-55.60068,-23.04453],[-55.61146,-23.02914],[-55.63781,-23.00071],[-55.63998,-22.98376],[-55.63435,-22.95007],[-55.6343,-22.93281],[-55.65657,-22.85571],[-55.659,-22.8183],[-55.64593,-22.78791],[-55.62859,-22.75897],[-55.61833,-22.72569],[-55.61918,-22.71691],[-55.62779,-22.6921],[-55.62701,-22.68363],[-55.62151,-22.66709],[-55.62048,-22.65934],[-55.62368,-22.63867],[-55.6312,-22.62678],[-55.64435,-22.61955],[-55.66468,-22.61273],[-55.69791,-22.59557],[-55.72393,-22.56963],[-55.74127,-22.53718],[-55.7483,-22.5009],[-55.75158,-22.41625],[-55.76024,-22.39196],[-55.77016,-22.38142],[-55.81077,-22.3531],[-55.86103,-22.28954],[-55.87439,-22.31734],[-55.89294,-22.3068],[-55.95526,-22.30132],[-55.97087,-22.29388],[-55.98523,-22.28324],[-55.99857,-22.27724],[-56.01136,-22.28386],[-56.02472,-22.28737],[-56.1968,-22.27931],[-56.21426,-22.27538],[-56.23152,-22.26536],[-56.26108,-22.23859],[-56.31684,-22.20769],[-56.34733,-22.1804],[-56.37084,-22.14733],[-56.3973,-22.08625],[-56.40764,-22.07581],[-56.4218,-22.07447],[-56.49383,-22.08656],[-56.5113,-22.09142],[-56.53068,-22.10909],[-56.54597,-22.13007],[-56.55461,-22.15208],[-56.55802,-22.15642],[-56.56791,-22.16231],[-56.58496,-22.19053],[-56.59574,-22.20149],[-56.62917,-22.22474],[-56.64835,-22.23136],[-56.6547,-22.23735],[-56.64413,-22.25544],[-56.64881,-22.2635],[-56.66457,-22.25998],[-56.6986,-22.2235],[-56.71537,-22.21544],[-56.72054,-22.21947],[-56.72855,-22.23745],[-56.7332,-22.24407],[-56.74353,-22.25037],[-56.74679,-22.24396],[-56.75436,-22.24262],[-56.78699,-22.25182],[-56.79456,-22.25254],[-56.80828,-22.24799],[-56.8119,-22.24965],[-56.81314,-22.25616],[-56.81965,-22.26546],[-56.84286,-22.28903],[-56.85606,-22.29316],[-56.87955,-22.28996],[-56.88172,-22.27724],[-56.892,-22.25223],[-56.90368,-22.23694],[-56.91479,-22.26288],[-56.92494,-22.26236],[-56.94259,-22.25399],[-56.96052,-22.25482],[-56.96549,-22.25089],[-56.96455,-22.23487],[-56.97572,-22.24169],[-56.98647,-22.24138],[-57.01117,-22.23384],[-57.02765,-22.23508],[-57.05948,-22.2327],[-57.07922,-22.23859],[-57.08506,-22.23807],[-57.10847,-22.23353],[-57.11328,-22.22939],[-57.11504,-22.22288],[-57.15416,-22.208],[-57.17038,-22.20572],[-57.17793,-22.20738],[-57.18997,-22.21358],[-57.19953,-22.21286],[-57.2064,-22.20748],[-57.20945,-22.19208],[-57.21379,-22.18815],[-57.22748,-22.19125],[-57.25244,-22.21058],[-57.27167,-22.21379],[-57.31632,-22.20366],[-57.33177,-22.20242],[-57.33482,-22.21172],[-57.33993,-22.21699],[-57.35125,-22.2172],[-57.36665,-22.20913],[-57.37502,-22.20727],[-57.37864,-22.21337],[-57.38499,-22.21327],[-57.41786,-22.19384],[-57.43228,-22.18867],[-57.44318,-22.18795],[-57.46395,-22.1804],[-57.47248,-22.1803],[-57.51119,-22.18877],[-57.5346,-22.17441],[-57.5423,-22.17151],[-57.5547,-22.17027],[-57.57273,-22.17771],[-57.59671,-22.18102],[-57.61407,-22.17699],[-57.6272,-22.16511],[-57.63893,-22.14454],[-57.65449,-22.10454],[-57.66369,-22.10061],[-57.68963,-22.10929],[-57.70994,-22.10847],[-57.72327,-22.10475],[-57.73634,-22.10371],[-57.75619,-22.11064],[-57.77365,-22.10775],[-57.77743,-22.11705],[-57.77779,-22.12232],[-57.77541,-22.12397],[-57.7875,-22.12966],[-57.7953,-22.131],[-57.80548,-22.12862],[-57.81577,-22.12831],[-57.83179,-22.14113],[-57.84388,-22.14371],[-57.86285,-22.12583],[-57.87137,-22.12118],[-57.87819,-22.12211],[-57.8955,-22.12893],[-57.90625,-22.12893],[-57.94,-22.11839],[-57.95245,-22.10599],[-57.96139,-22.09007],[-57.97286,-22.08118],[-57.98625,-22.07447],[-57.98837,-22.04904],[-57.98682,-22.0353],[-57.96486,-21.97669],[-57.96263,-21.96698],[-57.95323,-21.95819],[-57.92992,-21.91737],[-57.92537,-21.90497],[-57.93276,-21.88192],[-57.94667,-21.86549],[-57.95591,-21.85112],[-57.94894,-21.83386],[-57.93571,-21.81205],[-57.93478,-21.79293],[-57.93845,-21.77464],[-57.93902,-21.75531],[-57.89561,-21.68844],[-57.90114,-21.67893],[-57.91178,-21.67304],[-57.92434,-21.65868],[-57.93483,-21.64069],[-57.93902,-21.62374],[-57.93214,-21.60669],[-57.91933,-21.58395],[-57.91209,-21.56401],[-57.9216,-21.55543],[-57.93979,-21.54819],[-57.94811,-21.53052],[-57.94915,-21.5083],[-57.94527,-21.48721],[-57.92992,-21.45311],[-57.86331,-21.35689],[-57.85556,-21.33074],[-57.86631,-21.32092],[-57.88233,-21.31637],[-57.90491,-21.28743],[-57.90429,-21.27493],[-57.89902,-21.26718],[-57.8707,-21.24764],[-57.84786,-21.21622],[-57.83396,-21.17385],[-57.82988,-21.12703],[-57.83603,-21.08248],[-57.85173,-21.052],[-57.85246,-21.03784],[-57.82538,-20.99856],[-57.81603,-20.97541],[-57.81758,-20.9536],[-57.83603,-20.93851],[-57.84031,-20.95598],[-57.84703,-20.95598],[-57.86993,-20.93273],[-57.89303,-20.91485],[-57.89809,-20.91485],[-57.91483,-20.90565],[-57.91793,-20.89438],[-57.90868,-20.88157],[-57.86739,-20.86007],[-57.85711,-20.84973],[-57.85964,-20.83165],[-57.8707,-20.81645],[-57.88765,-20.80591],[-57.90801,-20.80198],[-57.93395,-20.79971],[-57.94041,-20.79361],[-57.93307,-20.78462],[-57.91793,-20.77408],[-57.90667,-20.76219],[-57.89876,-20.75661],[-57.877,-20.75238],[-57.86527,-20.74742],[-57.85768,-20.73987],[-57.86021,-20.73026],[-57.89065,-20.70638],[-57.90429,-20.679],[-57.91809,-20.6698],[-57.934,-20.66742],[-57.94718,-20.67507],[-57.95638,-20.7099],[-57.96501,-20.71103],[-57.97442,-20.70401],[-57.98062,-20.69274],[-57.98108,-20.68117],[-57.97359,-20.66194],[-57.97312,-20.65119],[-57.97783,-20.64013],[-57.99095,-20.6206],[-57.99364,-20.60675],[-57.99333,-20.57378],[-58.00475,-20.5498],[-58.00894,-20.52572],[-58.01002,-20.50009],[-58.0079,-20.47983],[-57.99214,-20.45089],[-57.9894,-20.43312],[-58.00418,-20.42516],[-58.02315,-20.42072],[-58.04563,-20.40935],[-58.06712,-20.39353],[-58.08299,-20.37617],[-58.09079,-20.35943],[-58.09772,-20.33462],[-58.09994,-20.3092],[-58.09032,-20.28171],[-58.09508,-20.2722],[-58.10309,-20.26445],[-58.10976,-20.26073],[-58.12004,-20.26135],[-58.13094,-20.27282],[-58.13704,-20.27437],[-58.15632,-20.26166],[-58.16267,-20.24316],[-58.15528,-20.22641],[-58.11854,-20.21442],[-58.12051,-20.20388],[-58.13704,-20.18559],[-58.14407,-20.18352],[-58.15234,-20.18466],[-58.15833,-20.18114],[-58.1588,-20.16512],[-58.11632,-20.15045],[-58.10356,-20.14404],[-58.08624,-20.12089],[-58.05353,-20.10766],[-58.02237,-20.06498],[-57.9971,-20.05526],[-57.98568,-20.05309],[-57.97581,-20.04751],[-57.96894,-20.03976],[-57.96635,-20.03108],[-57.95917,-20.02622],[-57.9432,-20.02808],[-57.91793,-20.03418],[-57.89561,-20.02415],[-57.88114,-20.00916],[-57.85974,-19.98012],[-58.11694,-19.75802],[-58.12464,-19.72991],[-58.01121,-19.50067],[-57.789,-19.05925],[-57.7719,-19.04871],[-57.71583,-19.04457],[-57.72756,-18.94194],[-57.73179,-18.922],[-57.74223,-18.91362],[-57.78233,-18.91042],[-57.56674,-18.25609],[-57.55387,-18.24452],[-57.53573,-18.24049],[-57.4668,-18.23956],[-57.46566,-18.21775],[-57.47455,-18.20803],[-57.49072,-18.20555],[-57.51119,-18.20555],[-57.55108,-18.18364],[-57.5855,-18.12277],[-57.63692,-18.00112],[-57.73009,-17.84609],[-57.69877,-17.8431],[-57.69681,-17.82511],[-57.71133,-17.80082],[-57.72931,-17.77933],[-57.73298,-17.76847],[-57.72446,-17.73664],[-57.74037,-17.73023],[-57.75489,-17.72062],[-57.76755,-17.70874],[-57.77794,-17.69551],[-57.7859,-17.67752],[-57.78797,-17.65892],[-57.78755,-17.62047],[-57.78957,-17.60414],[-57.78828,-17.58058],[-57.79076,-17.55578],[-57.80073,-17.53345],[-57.81442,-17.5197],[-57.83675,-17.51102],[-57.85411,-17.50854],[-57.877,-17.51226],[-57.90569,-17.52032],[-57.94356,-17.51784],[-57.9815,-17.50875],[-58.01017,-17.49676],[-58.05369,-17.46234],[-58.10113,-17.44126],[-58.11203,-17.43351],[-58.13937,-17.40457],[-58.15223,-17.39641],[-58.18841,-17.38855],[-58.20406,-17.37739],[-58.22024,-17.34432],[-58.23156,-17.32974],[-58.23993,-17.3252],[-58.26453,-17.32003],[-58.30215,-17.29378],[-58.31217,-17.29088],[-58.34369,-17.28695],[-58.38116,-17.26721],[-58.39914,-17.23745],[-58.40483,-17.19962],[-58.40628,-17.11012],[-58.41098,-17.08821],[-58.42162,-17.07064],[-58.42679,-17.05524],[-58.43247,-16.98537],[-58.43919,-16.96728],[-58.45635,-16.937],[-58.46627,-16.88729],[-58.46663,-16.87551],[-58.46405,-16.8661],[-58.45294,-16.8413],[-58.45625,-16.80244],[-58.47666,-16.72699],[-58.48028,-16.68368],[-58.47268,-16.64958],[-58.45589,-16.61909],[-58.3561,-16.50953],[-58.34266,-16.47315],[-58.36359,-16.43667],[-58.3623,-16.41931],[-58.33884,-16.4005],[-58.33455,-16.38665],[-58.33956,-16.28929],[-58.34974,-16.2804],[-58.39294,-16.27937],[-58.40033,-16.28422],[-58.41423,-16.30893],[-58.42162,-16.31843],[-58.44224,-16.32846],[-58.46472,-16.33125],[-60.12984,-16.27306],[-60.16069,-16.26479],[-60.17981,-16.22201],[-60.19376,-16.00145],[-60.23797,-15.50267],[-60.24639,-15.47828],[-60.26045,-15.45606],[-60.52948,-15.14373],[-60.58224,-15.09887],[-60.27497,-15.09515],[-60.2698,-15.08337],[-60.29172,-14.63006],[-60.30404,-14.60815],[-60.35272,-14.57539],[-60.3692,-14.54283],[-60.33843,-14.5326],[-60.34381,-14.49095],[-60.3767,-14.41995],[-60.39135,-14.35711],[-60.39993,-14.34078],[-60.45432,-14.29665],[-60.46434,-14.27835],[-60.46563,-14.25107],[-60.46202,-14.22388],[-60.4624,-14.19846],[-60.47568,-14.17603],[-60.47894,-14.1627],[-60.47765,-14.13996],[-60.47351,-14.11722],[-60.46827,-14.10369],[-60.4614,-14.09862],[-60.43724,-14.09201],[-60.41943,-14.07692],[-60.40941,-14.05532],[-60.39652,-14.00839],[-60.38796,-13.98938],[-60.38719,-13.98328],[-60.38969,-13.97491],[-60.40543,-13.96674],[-60.41161,-13.96054],[-60.40672,-13.95041],[-60.40863,-13.94452],[-60.43855,-13.91837],[-60.44881,-13.89677],[-60.45731,-13.87093],[-60.46313,-13.84344],[-60.46527,-13.81657],[-60.47263,-13.79786],[-60.49062,-13.78774],[-60.56607,-13.76996],[-60.57514,-13.76562],[-60.57958,-13.76107],[-60.58488,-13.74908],[-60.58862,-13.74454],[-60.59508,-13.74164],[-60.61808,-13.73689],[-60.6527,-13.7188],[-60.80197,-13.60418],[-60.87067,-13.57545],[-60.87824,-13.57038],[-60.89674,-13.55292],[-60.9293,-13.5462],[-60.97787,-13.543],[-61.02201,-13.53524],[-61.04126,-13.5152],[-61.04126,-13.47458],[-61.04722,-13.46455],[-61.06012,-13.46714],[-61.07218,-13.47437],[-61.07601,-13.4783],[-61.11872,-13.4845],[-61.13358,-13.49401],[-61.13931,-13.51406],[-61.1491,-13.51985],[-61.21504,-13.51747],[-61.23788,-13.52439],[-61.24856,-13.52439],[-61.26003,-13.52005],[-61.28122,-13.50724],[-61.31713,-13.50093],[-61.33238,-13.49483],[-61.34772,-13.4937],[-61.41547,-13.52811],[-61.45875,-13.54372],[-61.50343,-13.54816],[-61.55081,-13.53804],[-61.56086,-13.53266],[-61.58807,-13.50765],[-61.59711,-13.5061],[-61.66809,-13.51251],[-61.6929,-13.51798],[-61.71574,-13.52656],[-61.73512,-13.53804],[-61.75434,-13.53028],[-61.77423,-13.53339],[-61.79429,-13.54031],[-61.81397,-13.54424],[-61.83635,-13.54062],[-61.84798,-13.5308],[-61.8686,-13.46393],[-61.87232,-13.45608],[-61.87991,-13.44915],[-61.8995,-13.43923],[-61.90983,-13.43189],[-61.95836,-13.38549],[-61.97536,-13.37412],[-62.00326,-13.36047],[-62.01866,-13.33681],[-62.0197,-13.33257],[-62.0336,-13.32554],[-62.07773,-13.2779],[-62.09923,-13.2626],[-62.10941,-13.24896],[-62.11246,-13.2318],[-62.11251,-13.16478],[-62.11468,-13.1502],[-62.12047,-13.14876],[-62.12915,-13.15093],[-62.13985,-13.147],[-62.16238,-13.12075],[-62.17245,-13.11786],[-62.17395,-13.1408],[-62.20093,-13.12271],[-62.21152,-13.12034],[-62.22165,-13.12126],[-62.25917,-13.13077],[-62.27364,-13.13842],[-62.29033,-13.14204],[-62.31053,-13.13398],[-62.32159,-13.14369],[-62.33503,-13.14514],[-62.38185,-13.13987],[-62.3897,-13.13708],[-62.4067,-13.12654],[-62.42412,-13.12654],[-62.42748,-13.12457],[-62.42872,-13.11455],[-62.43094,-13.10979],[-62.45848,-13.07796],[-62.47212,-13.06845],[-62.49269,-13.06504],[-62.5546,-13.0668],[-62.64168,-13.03],[-62.64519,-13.02535],[-62.64751,-13.00158],[-62.65134,-12.99249],[-62.66746,-12.97636],[-62.68663,-12.965],[-62.69899,-12.96665],[-62.72203,-12.98257],[-62.74131,-12.98536],[-62.7579,-12.98515],[-62.76864,-12.99063],[-62.77045,-13.01047],[-62.78983,-13.00065],[-62.8074,-12.98887],[-62.82017,-12.97492],[-62.82668,-12.95001],[-62.83143,-12.94495],[-62.86011,-12.94029],[-62.86507,-12.93554],[-62.86792,-12.92903],[-62.92047,-12.86226],[-62.92378,-12.85286],[-62.92889,-12.84604],[-62.93804,-12.84945],[-62.94651,-12.85524],[-62.95515,-12.85751],[-62.9645,-12.85658],[-62.9753,-12.85286],[-62.98801,-12.84387],[-62.99917,-12.82909],[-63.00708,-12.80997],[-63.01002,-12.78795],[-63.01473,-12.77772],[-63.02568,-12.76573],[-63.0479,-12.74671],[-63.05111,-12.74217],[-63.05219,-12.73648],[-63.05111,-12.7308],[-63.04346,-12.71912],[-63.05783,-12.70196],[-63.06475,-12.6662],[-63.07503,-12.65266],[-63.10521,-12.64522],[-63.12506,-12.63592],[-63.13668,-12.63375],[-63.16707,-12.64739],[-63.17167,-12.65235],[-63.17611,-12.66362],[-63.18071,-12.66786],[-63.1973,-12.66682],[-63.20185,-12.66786],[-63.22267,-12.68253],[-63.23203,-12.69111],[-63.23595,-12.69855],[-63.24732,-12.70134],[-63.31791,-12.70196],[-63.33042,-12.697],[-63.35946,-12.67468],[-63.37109,-12.66992],[-63.39331,-12.66455],[-63.43145,-12.63695],[-63.43522,-12.63034],[-63.43816,-12.61918],[-63.44535,-12.61484],[-63.45424,-12.61205],[-63.4625,-12.60512],[-63.46638,-12.5953],[-63.46876,-12.57577],[-63.4762,-12.56481],[-63.48576,-12.55748],[-63.49614,-12.55334],[-63.54219,-12.54797],[-63.55873,-12.5399],[-63.60043,-12.50611],[-63.65484,-12.47831],[-63.65774,-12.47541],[-63.8014,-12.45495],[-63.81499,-12.45722],[-63.84558,-12.46694],[-63.86289,-12.46921],[-63.8632,-12.47479],[-63.8969,-12.51572],[-63.90914,-12.53432],[-63.92124,-12.54435],[-63.93906,-12.54414],[-63.95002,-12.5368],[-63.95932,-12.52802],[-63.97245,-12.52389],[-64.00418,-12.53546],[-64.02283,-12.53784],[-64.04446,-12.50911],[-64.10446,-12.50714],[-64.11983,-12.48968],[-64.13476,-12.51086],[-64.14479,-12.52037],[-64.15525,-12.51696],[-64.18311,-12.48792],[-64.19755,-12.47872],[-64.21522,-12.47376],[-64.23656,-12.47541],[-64.24571,-12.47944],[-64.25682,-12.49081],[-64.26871,-12.49722],[-64.27824,-12.49929],[-64.28754,-12.49712],[-64.2977,-12.4657],[-64.31266,-12.46187],[-64.3532,-12.46921],[-64.37676,-12.4659],[-64.39573,-12.45733],[-64.41133,-12.44513],[-64.42487,-12.43139],[-64.44407,-12.39976],[-64.45252,-12.39035],[-64.46164,-12.38529],[-64.48363,-12.37764],[-64.48978,-12.37361],[-64.49244,-12.35656],[-64.47443,-12.31646],[-64.46932,-12.29486],[-64.46815,-12.27263],[-64.46906,-12.26106],[-64.47304,-12.2532],[-64.48939,-12.23946],[-64.50885,-12.23605],[-64.51148,-12.24266],[-64.5321,-12.23222],[-64.54843,-12.2191],[-64.59342,-12.216],[-64.64057,-12.19512],[-64.66486,-12.18096],[-64.68594,-12.15915],[-64.68899,-12.15388],[-64.68858,-12.14716],[-64.68158,-12.13486],[-64.68158,-12.1266],[-64.68646,-12.10996],[-64.68992,-12.10438],[-64.70638,-12.10613],[-64.71028,-12.11192],[-64.71364,-12.13848],[-64.71628,-12.14654],[-64.7284,-12.14985],[-64.73953,-12.14458],[-64.74418,-12.13363],[-64.73679,-12.11978],[-64.76857,-12.0865],[-64.78049,-12.06769],[-64.78519,-12.04743],[-64.7925,-12.03255],[-64.8093,-12.02583],[-64.82761,-12.02231],[-64.83984,-12.01673],[-64.86208,-12.02479],[-64.8835,-12.02138],[-64.90448,-12.01405],[-64.92515,-12.00991],[-64.96761,-12.00795],[-64.98345,-12.00392],[-64.99745,-11.99627],[-65.00944,-11.98428],[-65.01634,-11.96847],[-65.01463,-11.95028],[-65.00086,-11.93105],[-64.99649,-11.92123],[-64.99812,-11.90894],[-65.00458,-11.89839],[-65.02809,-11.88889],[-65.03367,-11.87979],[-65.03845,-11.8585],[-65.0392,-11.84868],[-65.03745,-11.82842],[-65.03845,-11.81871],[-65.05631,-11.78564],[-65.06556,-11.75308],[-65.08106,-11.74347],[-65.0992,-11.73623],[-65.11357,-11.72259],[-65.11047,-11.69996],[-65.11341,-11.69055],[-65.12785,-11.69458],[-65.13398,-11.70264],[-65.13801,-11.71525],[-65.14354,-11.76383],[-65.1515,-11.77313],[-65.16447,-11.76982],[-65.18245,-11.7567],[-65.1962,-11.74181],[-65.20185,-11.72796],[-65.20232,-11.69148],[-65.20025,-11.68197],[-65.19134,-11.66688],[-65.18927,-11.65706],[-65.19335,-11.63236],[-65.19093,-11.62317],[-65.16744,-11.61552],[-65.17398,-11.60653],[-65.19545,-11.59216],[-65.20736,-11.58761],[-65.21454,-11.58751],[-65.21924,-11.58451],[-65.2234,-11.57108],[-65.22361,-11.55795],[-65.21599,-11.53997],[-65.21599,-11.53015],[-65.22266,-11.51744],[-65.23304,-11.50834],[-65.25756,-11.49532],[-65.29247,-11.50472],[-65.31955,-11.4764],[-65.35301,-11.39062],[-65.35477,-11.38235],[-65.35373,-11.37243],[-65.3475,-11.36075],[-65.33006,-11.3405],[-65.32645,-11.32778],[-65.37448,-11.29585],[-65.38727,-11.27755],[-65.38861,-11.25316],[-65.37861,-11.242],[-65.36606,-11.23404],[-65.36001,-11.21885],[-65.36833,-11.20541],[-65.3852,-11.19363],[-65.39815,-11.17802],[-65.39474,-11.15343],[-65.37967,-11.13637],[-65.34105,-11.10661],[-65.33329,-11.08852],[-65.33704,-11.06775],[-65.3427,-11.05059],[-65.34198,-11.03281],[-65.32645,-11.00935],[-65.30299,-10.99075],[-65.29911,-10.98207],[-65.2996,-10.96967],[-65.31012,-10.95654],[-65.31278,-10.95096],[-65.31898,-10.86538],[-65.32712,-10.8505],[-65.34218,-10.83489],[-65.36029,-10.82259],[-65.3997,-10.81226],[-65.40474,-10.79924],[-65.38978,-10.75376],[-65.38226,-10.71562],[-65.38107,-10.69805],[-65.38675,-10.66953],[-65.40078,-10.65547],[-65.41861,-10.64452],[-65.43569,-10.62581],[-65.43564,-10.61082],[-65.42923,-10.56142],[-65.432,-10.55067],[-65.4359,-10.54695],[-65.43931,-10.53817],[-65.44163,-10.52783],[-65.44148,-10.51336],[-65.43569,-10.4992],[-65.43791,-10.49259],[-65.44998,-10.47491],[-65.44998,-10.46809],[-65.42538,-10.46313],[-65.41094,-10.44918],[-65.38727,-10.4067],[-65.39143,-10.4035],[-65.39474,-10.39244],[-65.39019,-10.37404],[-65.37923,-10.35141],[-65.36502,-10.33219],[-65.32782,-10.31441],[-65.31562,-10.29126],[-65.30536,-10.24216],[-65.28808,-10.21622],[-65.28482,-10.20682],[-65.28684,-10.19648],[-65.29681,-10.17333],[-65.29911,-10.163],[-65.30146,-10.11969],[-65.30557,-10.0984],[-65.32415,-10.04641],[-65.33293,-10.00838],[-65.33683,-9.96725],[-65.33329,-9.92684],[-65.32523,-9.90513],[-65.30358,-9.86451],[-65.29911,-9.84126],[-65.30438,-9.82565],[-65.34006,-9.78969],[-65.35373,-9.74504],[-65.3705,-9.71062],[-65.39799,-9.68675],[-65.41624,-9.68013],[-65.44249,-9.67982],[-65.45184,-9.68137],[-65.46522,-9.69646],[-65.51078,-9.73408],[-65.51713,-9.74318],[-65.52543,-9.76788],[-65.53532,-9.78245],[-65.54682,-9.79516],[-65.56282,-9.79919],[-65.56798,-9.80209],[-65.57188,-9.81883],[-65.57705,-9.82617],[-65.57938,-9.83278],[-65.58398,-9.83723],[-65.59612,-9.83795],[-65.61439,-9.83392],[-65.62888,-9.82689],[-65.65849,-9.80736],[-65.67263,-9.79258],[-65.67896,-9.78938],[-65.69707,-9.79434],[-65.71312,-9.79423],[-65.7173,-9.79124],[-65.70996,-9.75599],[-65.72549,-9.75682],[-65.76319,-9.77232],[-65.77244,-9.76881],[-65.77735,-9.76343],[-65.78221,-9.74628],[-65.78856,-9.73305],[-65.79451,-9.7377],[-65.80264,-9.75734],[-65.8037,-9.77553],[-65.80642,-9.78441],[-65.81652,-9.78596],[-65.82213,-9.78183],[-65.8274,-9.77398],[-65.83406,-9.75827],[-65.85042,-9.77532],[-65.86246,-9.78183],[-65.87442,-9.78131],[-65.91527,-9.7717],[-65.92933,-9.77026],[-65.94695,-9.77139],[-65.96566,-9.77677],[-66.01038,-9.80405],[-66.02948,-9.80829],[-66.04279,-9.80488],[-66.06932,-9.7901],[-66.087,-9.78452],[-66.10198,-9.78741],[-66.10606,-9.79041],[-66.11312,-9.8024],[-66.11818,-9.80602],[-66.12358,-9.80509],[-66.13547,-9.79516],[-66.19066,-9.80085],[-66.20797,-9.80808],[-66.23897,-9.82813],[-66.25732,-9.83485],[-66.35527,-9.84963],[-66.37173,-9.85594],[-66.41328,-9.87919],[-66.43271,-9.88611],[-66.45286,-9.8887],[-66.51384,-9.88394],[-66.63187,-9.9043],[-66.64262,-9.90792],[-66.64893,-9.91588],[-66.65482,-9.93717],[-66.66009,-9.94534],[-66.67001,-9.95154],[-66.75161,-9.98264],[-66.77062,-9.99257],[-66.90266,-10.09313],[-67.0643,-10.25694],[-67.11003,-10.28257],[-67.14176,-10.28557],[-67.15174,-10.28898],[-67.15907,-10.29715],[-67.1723,-10.31958],[-67.18471,-10.32671],[-67.20176,-10.32681],[-67.24103,-10.31637],[-67.25917,-10.31368],[-67.30067,-10.31513],[-67.32351,-10.31885],[-67.33782,-10.32609],[-67.33943,-10.33487],[-67.33369,-10.35668],[-67.33529,-10.36629],[-67.34284,-10.37249],[-67.35348,-10.37621],[-67.365,-10.37807],[-67.40919,-10.3788],[-67.41833,-10.38148],[-67.42929,-10.39037],[-67.43187,-10.39792],[-67.43224,-10.40608],[-67.43663,-10.41745],[-67.45053,-10.43595],[-67.46805,-10.45228],[-67.4882,-10.46479],[-67.52934,-10.47853],[-67.5651,-10.4959],[-67.58463,-10.50179],[-67.59998,-10.51543],[-67.61114,-10.52876],[-67.63083,-10.55956],[-67.64349,-10.57455],[-67.67382,-10.59935],[-67.68467,-10.61051],[-67.69604,-10.64049],[-67.70514,-10.67666],[-67.72173,-10.7055],[-67.75578,-10.71418],[-67.77495,-10.70653],[-67.81428,-10.67594],[-67.83335,-10.66498],[-67.86265,-10.65878],[-67.98181,-10.66436],[-68.01024,-10.65971],[-68.02714,-10.66178],[-68.04377,-10.66695],[-68.07457,-10.68172],[-68.09788,-10.69774],[-68.11209,-10.71407],[-68.14728,-10.7796],[-68.20356,-10.83892],[-68.21756,-10.85804],[-68.24376,-10.91695],[-68.25751,-10.93876],[-68.27435,-10.96005],[-68.29332,-10.97897],[-68.31384,-10.99344],[-68.33115,-11.00046],[-68.37828,-11.00501],[-68.39642,-11.01442],[-68.4282,-11.04367],[-68.44241,-11.0477],[-68.45967,-11.0448],[-68.47656,-11.0448],[-68.49331,-11.04739],[-68.5361,-11.06155],[-68.58803,-11.09865],[-68.61573,-11.1125],[-68.75833,-11.14113],[-68.77593,-11.14061],[-68.78399,-11.13534],[-68.78701,-11.12604],[-68.79117,-11.08511],[-68.78564,-11.05927],[-68.77399,-11.03509],[-68.75763,-11.01194],[-68.77456,-11.00346],[-68.80466,-10.99468],[-68.83168,-11.00036],[-68.85892,-11.01049],[-68.88403,-11.01638],[-68.90814,-11.01338],[-68.95543,-11.00046],[-68.98338,-11.00243],[-68.997,-11.0017],[-69.07131,-10.96997],[-69.08689,-10.96719],[-69.12149,-10.97059],[-69.15851,-10.96212],[-69.2368,-10.95292],[-69.29352,-10.95499],[-69.32959,-10.94941],[-69.36307,-10.94011],[-69.39594,-10.93504],[-69.46338,-10.95127],[-69.50289,-10.9553],[-69.59624,-10.95199],[-69.72021,-10.96491],[-69.75344,-10.9583],[-69.79106,-10.93432],[-69.80832,-10.92719],[-69.83509,-10.92533],[-69.8757,-10.92801],[-69.89513,-10.92688],[-69.9142,-10.9214],[-69.95611,-10.91933],[-70.19873,-11.04119],[-70.23948,-11.05514],[-70.2894,-11.06475],[-70.34103,-11.06723],[-70.39131,-11.05907],[-70.43727,-11.03674],[-70.46249,-11.0139],[-70.50719,-10.96129],[-70.53411,-10.93814],[-70.55556,-10.94279],[-70.64134,-11.0108],[-70.63845,-9.8518],[-70.62902,-9.8116],[-70.62323,-9.80105],[-70.61509,-9.79227],[-70.59525,-9.77904],[-70.59008,-9.77904],[-70.57956,-9.78566],[-70.57416,-9.78493],[-70.56915,-9.77914],[-70.56667,-9.76705],[-70.55124,-9.74411],[-70.54341,-9.72695],[-70.54187,-9.70824],[-70.54864,-9.68768],[-70.56021,-9.67331],[-70.58961,-9.65026],[-70.6008,-9.63528],[-70.60729,-9.61678],[-70.61468,-9.58412],[-70.62442,-9.56582],[-70.61923,-9.56448],[-70.59266,-9.56376],[-70.57388,-9.56779],[-70.56453,-9.56541],[-70.57806,-9.54185],[-70.57615,-9.52913],[-70.56786,-9.51921],[-70.55512,-9.51601],[-70.56194,-9.50174],[-70.54326,-9.49348],[-70.5383,-9.48097],[-70.53566,-9.46443],[-70.52375,-9.44397],[-70.52499,-9.43095],[-70.56698,-9.43529],[-70.58688,-9.43953],[-70.60638,-9.44883],[-70.62713,-9.4666],[-70.66209,-9.50919],[-70.68085,-9.52769],[-70.74728,-9.56458],[-70.7678,-9.57988],[-70.80539,-9.61802],[-70.82518,-9.63362],[-70.87549,-9.66049],[-70.89159,-9.67858],[-70.92027,-9.72013],[-70.93156,-9.72974],[-70.95747,-9.74535],[-70.96905,-9.75486],[-70.9776,-9.76674],[-70.98956,-9.79206],[-70.99721,-9.80354],[-71.01543,-9.81749],[-71.07747,-9.83382],[-71.14426,-9.86307],[-71.16105,-9.87557],[-71.17392,-9.89728],[-71.18312,-9.92063],[-71.1965,-9.93986],[-71.24513,-9.95608],[-71.28032,-9.98347],[-71.2997,-9.99339],[-71.31345,-9.99422],[-71.32895,-9.98337],[-71.33965,-9.97975],[-71.35406,-9.9813],[-71.35959,-9.98688],[-71.36362,-9.99453],[-71.37339,-10.00228],[-71.39143,-10.00683],[-72.19567,-10.00559],[-72.18461,-9.98461],[-72.18352,-9.96704],[-72.18554,-9.94968],[-72.18394,-9.92901],[-72.17835,-9.91867],[-72.1627,-9.90007],[-72.16042,-9.88766],[-72.1629,-9.87722],[-72.17112,-9.85687],[-72.17386,-9.84581],[-72.19474,-9.80581],[-72.26522,-9.76219],[-72.27701,-9.72426],[-72.26512,-9.68654],[-72.26166,-9.66742],[-72.26765,-9.64954],[-72.29488,-9.6175],[-72.30414,-9.60086],[-72.30693,-9.57998],[-72.30563,-9.55063],[-72.30677,-9.54092],[-72.31266,-9.53254],[-72.32295,-9.53213],[-72.33452,-9.53399],[-72.34455,-9.53285],[-72.36248,-9.52066],[-72.39023,-9.49647],[-72.4095,-9.48635],[-72.43022,-9.48221],[-72.49079,-9.48645],[-72.53565,-9.48159],[-72.55446,-9.47601],[-72.59606,-9.45555],[-72.63652,-9.44294],[-72.65595,-9.43901],[-72.67228,-9.44666],[-72.67801,-9.445],[-72.69171,-9.43508],[-72.8133,-9.4109],[-73.21498,-9.40904],[-73.19354,-9.37565],[-73.14083,-9.32284],[-73.11757,-9.29194],[-73.10119,-9.26],[-73.09024,-9.24419],[-73.0784,-9.23685],[-73.04791,-9.23034],[-73.03437,-9.22259],[-73.02854,-9.2106],[-73.02786,-9.18311],[-72.98239,-9.14714],[-72.972,-9.13443],[-72.96368,-9.11552],[-72.95939,-9.08565],[-72.97004,-9.00193],[-72.97608,-8.98539],[-73.00368,-8.94416],[-73.0167,-8.93041],[-73.0538,-8.90602],[-73.06864,-8.89372],[-73.14584,-8.7822],[-73.16346,-8.73962],[-73.17457,-8.72071],[-73.19199,-8.70386],[-73.21101,-8.69394],[-73.26914,-8.68164],[-73.28986,-8.67048],[-73.3081,-8.65322],[-73.35058,-8.59834],[-73.35699,-8.5818],[-73.35766,-8.56299],[-73.34826,-8.51834],[-73.34929,-8.49808],[-73.35642,-8.47979],[-73.37053,-8.46522],[-73.37942,-8.46191],[-73.4005,-8.45943],[-73.41022,-8.4555],[-73.42024,-8.4462],[-73.43652,-8.42522],[-73.44727,-8.41613],[-73.52654,-8.37241],[-73.54083,-8.35908],[-73.54768,-8.34016],[-73.55272,-8.29913],[-73.56173,-8.27267],[-73.59062,-8.23474],[-73.60328,-8.21159],[-73.60617,-8.19278],[-73.60054,-8.15547],[-73.60111,-8.13614],[-73.61186,-8.11258],[-73.64472,-8.06834],[-73.65165,-8.04602],[-73.66803,-8.01377],[-73.70591,-7.99383],[-73.74849,-7.97698],[-73.7788,-7.95414],[-73.78495,-7.94039],[-73.79578,-7.89223],[-73.79464,-7.87414],[-73.7796,-7.87445],[-73.74611,-7.88644],[-73.71371,-7.86629],[-73.70255,-7.82784],[-73.71216,-7.78815],[-73.74224,-7.76407],[-73.7796,-7.75291],[-73.81115,-7.73927],[-73.8388,-7.72056],[-73.96938,-7.58465],[-74.00966,-7.56109],[-74.01847,-7.54352]]],[[[-39.04589,-13.45819],[-39.0336,-13.44232],[-39.04255,-13.42392],[-39.0419,-13.40594],[-39.03258,-13.39251],[-39.01553,-13.38714],[-38.96565,-13.39788],[-38.9442,-13.39463],[-38.91564,-13.38348],[-38.90624,-13.38885],[-38.89635,-13.45355],[-38.8994,-13.47137],[-38.91633,-13.48398],[-38.90953,-13.49521],[-38.91454,-13.50856],[-38.92382,-13.52313],[-38.92992,-13.53786],[-38.9344,-13.55625],[-38.93196,-13.56833],[-38.91739,-13.58097],[-38.91473,-13.59252],[-38.90504,-13.59989],[-38.90668,-13.60618],[-38.90672,-13.6214],[-38.89595,-13.63036],[-38.89328,-13.63929],[-38.90201,-13.67181],[-38.91281,-13.67178],[-38.91874,-13.66704],[-38.92034,-13.6555],[-38.9376,-13.65595],[-38.94949,-13.65802],[-38.95752,-13.63229],[-38.97906,-13.5997],[-38.98545,-13.57343],[-38.98378,-13.55821],[-38.98054,-13.5473],[-38.97834,-13.51735],[-38.97322,-13.50848],[-38.96789,-13.50335],[-38.96784,-13.49831],[-38.97834,-13.49017],[-39.02676,-13.47235],[-39.04589,-13.45819]]],[[[-38.79337,-13.07513],[-38.79125,-13.05836],[-38.7849,-13.04974],[-38.75927,-13.03704],[-38.73192,-13.01775],[-38.66926,-12.96185],[-38.66926,-12.95501],[-38.67878,-12.95306],[-38.68334,-12.94997],[-38.68277,-12.94451],[-38.67667,-12.93524],[-38.67341,-12.94004],[-38.66926,-12.94207],[-38.67064,-12.92498],[-38.67894,-12.91009],[-38.68944,-12.89577],[-38.69713,-12.88055],[-38.68346,-12.87322],[-38.64078,-12.89275],[-38.6223,-12.90537],[-38.61461,-12.92498],[-38.59289,-12.96461],[-38.58747,-12.98691],[-38.60497,-12.99668],[-38.62499,-13.00164],[-38.64245,-13.01377],[-38.67667,-13.04453],[-38.71849,-13.07285],[-38.73738,-13.08994],[-38.75243,-13.11273],[-38.7705,-13.12103],[-38.77587,-13.12656],[-38.77912,-13.13388],[-38.78653,-13.13388],[-38.78628,-13.11842],[-38.79337,-13.07513]]],[[[-44.60424,-3.0359],[-44.60342,-3.02215],[-44.57848,-2.98105],[-44.57429,-2.95696],[-44.56534,-2.93239],[-44.5633,-2.91985],[-44.56566,-2.9026],[-44.58381,-2.86207],[-44.58568,-2.84588],[-44.5841,-2.82952],[-44.57632,-2.79998],[-44.54768,-2.74407],[-44.5266,-2.7278],[-44.48078,-2.70436],[-44.48396,-2.76116],[-44.49779,-2.80682],[-44.5078,-2.80885],[-44.51374,-2.81463],[-44.51594,-2.82334],[-44.51488,-2.83416],[-44.50719,-2.82252],[-44.48078,-2.79314],[-44.48815,-2.872],[-44.49234,-2.8908],[-44.50569,-2.91513],[-44.4973,-2.94931],[-44.51521,-2.95973],[-44.5382,-2.96998],[-44.55728,-3.00286],[-44.58536,-3.03558],[-44.58381,-3.04648],[-44.58996,-3.05543],[-44.59065,-3.06015],[-44.59801,-3.06015],[-44.5985,-3.05169],[-44.60424,-3.0359]]],[[[-42.18603,-2.67645],[-42.17089,-2.67295],[-42.09138,-2.6784],[-42.07348,-2.6845],[-42.05932,-2.69524],[-42.04825,-2.71063],[-42.04141,-2.70436],[-42.03527,-2.70436],[-42.03478,-2.72584],[-42.02782,-2.74481],[-42.04353,-2.754],[-42.05236,-2.75709],[-42.07396,-2.76051],[-42.08519,-2.75872],[-42.09496,-2.75351],[-42.10289,-2.74481],[-42.08894,-2.73903],[-42.08239,-2.73854],[-42.08239,-2.73113],[-42.09569,-2.72918],[-42.10534,-2.7243],[-42.10875,-2.71608],[-42.10289,-2.70436],[-42.12369,-2.70729],[-42.14415,-2.70086],[-42.18603,-2.67645]]],[[[-43.74326,-2.40286],[-43.7366,-2.39509],[-43.73031,-2.37475],[-43.73661,-2.33407],[-43.72716,-2.31805],[-43.7154,-2.28924],[-43.70157,-2.27467],[-43.68448,-2.26336],[-43.66885,-2.25872],[-43.65608,-2.25774],[-43.63882,-2.25303],[-43.62731,-2.25205],[-43.60702,-2.25633],[-43.59999,-2.28372],[-43.60963,-2.30149],[-43.6263,-2.3163],[-43.62963,-2.33295],[-43.6326,-2.37622],[-43.64111,-2.38288],[-43.63592,-2.39287],[-43.63481,-2.39989],[-43.63925,-2.40433],[-43.65591,-2.40027],[-43.68663,-2.40101],[-43.69292,-2.40877],[-43.70107,-2.41136],[-43.7044,-2.41543],[-43.70773,-2.42505],[-43.71254,-2.42653],[-43.7329,-2.41988],[-43.74252,-2.41174],[-43.74326,-2.40286]]],[[[-49.45299,-1.85019],[-49.44762,-1.83709],[-49.42203,-1.81316],[-49.41885,-1.80462],[-49.41568,-1.78387],[-49.41149,-1.77557],[-49.40193,-1.76735],[-49.37365,-1.75164],[-49.35216,-1.72243],[-49.33812,-1.71266],[-49.319,-1.71746],[-49.31631,-1.73113],[-49.3098,-1.7444],[-49.30012,-1.75449],[-49.28795,-1.75848],[-49.27701,-1.76702],[-49.28189,-1.78582],[-49.29332,-1.80462],[-49.30163,-1.81316],[-49.31021,-1.81845],[-49.33263,-1.8541],[-49.35953,-1.88397],[-49.36742,-1.89512],[-49.38549,-1.88779],[-49.42626,-1.87762],[-49.44249,-1.86777],[-49.45299,-1.85019]]],[[[-45.02697,-1.36053],[-45.02693,-1.34092],[-45.02196,-1.32342],[-45.01574,-1.31219],[-45.00328,-1.31748],[-44.99625,-1.32635],[-44.99389,-1.33856],[-44.99527,-1.35377],[-44.98034,-1.32049],[-44.97794,-1.30096],[-44.99185,-1.29241],[-44.98461,-1.26995],[-44.97436,-1.26035],[-44.94742,-1.27288],[-44.9392,-1.26865],[-44.93139,-1.26133],[-44.92296,-1.25758],[-44.91568,-1.25897],[-44.89224,-1.27191],[-44.87865,-1.28509],[-44.87645,-1.29616],[-44.88537,-1.32643],[-44.89224,-1.32643],[-44.89635,-1.32],[-44.9027,-1.31414],[-44.91954,-1.30592],[-44.91808,-1.31463],[-44.91405,-1.32171],[-44.90746,-1.32773],[-44.89851,-1.3327],[-44.91466,-1.34515],[-44.92638,-1.36061],[-44.93468,-1.36663],[-44.94323,-1.37086],[-44.95202,-1.37168],[-44.96117,-1.36745],[-44.96386,-1.39056],[-44.98034,-1.39609],[-45.0017,-1.38983],[-45.01891,-1.3777],[-45.02697,-1.36053]]],[[[-48.46544,-1.15765],[-48.45568,-1.14153],[-48.43196,-1.12363],[-48.42833,-1.11728],[-48.4215,-1.07952],[-48.40502,-1.06878],[-48.38345,-1.06536],[-48.33898,-1.0665],[-48.32421,-1.07586],[-48.31062,-1.11248],[-48.29735,-1.12851],[-48.31945,-1.15944],[-48.31811,-1.18125],[-48.31908,-1.18939],[-48.3341,-1.20501],[-48.34874,-1.20867],[-48.36376,-1.20973],[-48.37987,-1.21722],[-48.38809,-1.2116],[-48.39245,-1.20477],[-48.39354,-1.18939],[-48.40233,-1.2029],[-48.4143,-1.19801],[-48.43456,-1.17637],[-48.46207,-1.16448],[-48.46544,-1.15765]]],[[[-48.31908,-0.97373],[-48.31265,-0.9533],[-48.28453,-0.92148],[-48.27379,-0.89528],[-48.25455,-0.86305],[-48.25015,-0.85019],[-48.24356,-0.84173],[-48.19494,-0.81943],[-48.16275,-0.85019],[-48.15587,-0.86631],[-48.18126,-0.86712],[-48.18126,-0.87461],[-48.15673,-0.88779],[-48.16246,-0.92083],[-48.19494,-0.98382],[-48.20189,-1.01149],[-48.20739,-1.01784],[-48.22289,-1.02483],[-48.2377,-1.02793],[-48.28771,-1.02483],[-48.30712,-1.02069],[-48.31627,-1.00954],[-48.319,-0.99334],[-48.31908,-0.97373]]],[[[-47.98266,-0.67604],[-47.97106,-0.66578],[-47.96687,-0.6583],[-47.97794,-0.65179],[-47.97643,-0.64471],[-47.96907,-0.63388],[-47.9615,-0.63258],[-47.95523,-0.63307],[-47.95079,-0.63584],[-47.94856,-0.64129],[-47.93529,-0.63665],[-47.91462,-0.6417],[-47.89562,-0.6535],[-47.88707,-0.66912],[-47.89558,-0.6911],[-47.91637,-0.70859],[-47.96215,-0.73064],[-47.9641,-0.7151],[-47.97777,-0.69166],[-47.98266,-0.67604]]],[[[-51.11168,-0.78232],[-51.10802,-0.75596],[-51.10041,-0.73064],[-51.08178,-0.7011],[-51.07348,-0.69297],[-51.06627,-0.67604],[-51.05883,-0.67506],[-51.04556,-0.68133],[-51.03893,-0.68157],[-51.01647,-0.6679],[-50.98013,-0.62615],[-50.95641,-0.60711],[-50.90953,-0.58327],[-50.86083,-0.56561],[-50.87914,-0.60027],[-50.88134,-0.61395],[-50.87442,-0.61395],[-50.84093,-0.55869],[-50.83674,-0.56178],[-50.82876,-0.58343],[-50.8192,-0.62021],[-50.8129,-0.65504],[-50.81306,-0.66912],[-50.82225,-0.69988],[-50.84313,-0.716],[-50.87206,-0.72226],[-50.90551,-0.72324],[-50.93432,-0.7317],[-50.97619,-0.76979],[-51.00109,-0.77842],[-51.02672,-0.78379],[-51.05403,-0.79656],[-51.07803,-0.81227],[-51.09415,-0.82627],[-51.10041,-0.82627],[-51.10973,-0.80674],[-51.11168,-0.78232]]],[[[-47.76138,-0.57577],[-47.75579,-0.56649],[-47.74525,-0.56278],[-47.74336,-0.54729],[-47.73468,-0.54173],[-47.71548,-0.54733],[-47.70682,-0.55974],[-47.70375,-0.57771],[-47.68765,-0.58455],[-47.66051,-0.5792],[-47.64916,-0.59157],[-47.64078,-0.60849],[-47.63899,-0.62786],[-47.64688,-0.64813],[-47.64281,-0.65797],[-47.64184,-0.67547],[-47.64342,-0.69297],[-47.64688,-0.70273],[-47.65832,-0.7077],[-47.68566,-0.7068],[-47.70153,-0.70957],[-47.69896,-0.69394],[-47.71562,-0.63655],[-47.75154,-0.62225],[-47.75089,-0.60676],[-47.76138,-0.57577]]],[[[-51.95409,-1.42246],[-51.94188,-1.39137],[-51.90294,-1.3401],[-51.89737,-1.32513],[-51.89306,-1.3056],[-51.88927,-1.26816],[-51.88427,-1.25628],[-51.87247,-1.24326],[-51.80565,-1.19394],[-51.7965,-1.18939],[-51.78746,-1.16229],[-51.78161,-1.1539],[-51.75145,-1.14837],[-51.71789,-1.12965],[-51.68395,-1.09694],[-51.66837,-1.05755],[-51.69005,-1.01865],[-51.68611,-0.88437],[-51.67577,-0.84678],[-51.62361,-0.79022],[-51.58214,-0.69866],[-51.5598,-0.66497],[-51.53405,-0.6347],[-51.50512,-0.60711],[-51.45466,-0.57464],[-51.43993,-0.56219],[-51.42479,-0.55381],[-51.37043,-0.53428],[-51.3474,-0.532],[-51.35668,-0.54404],[-51.36303,-0.56227],[-51.36791,-0.59629],[-51.3651,-0.61061],[-51.36791,-0.62021],[-51.38475,-0.64479],[-51.38842,-0.65488],[-51.38158,-0.65488],[-51.37385,-0.64471],[-51.3544,-0.62623],[-51.3474,-0.61395],[-51.34789,-0.60076],[-51.35314,-0.58945],[-51.35367,-0.58017],[-51.34065,-0.57293],[-51.34065,-0.59287],[-51.33312,-0.59287],[-51.33312,-0.57293],[-51.31798,-0.58636],[-51.29963,-0.59287],[-51.32164,-0.56259],[-51.32697,-0.55185],[-51.32921,-0.53867],[-51.32653,-0.53248],[-51.32234,-0.5285],[-51.32014,-0.52142],[-51.30834,-0.51873],[-51.25377,-0.53151],[-51.23754,-0.53826],[-51.22326,-0.55788],[-51.20328,-0.60467],[-51.18603,-0.61395],[-51.16291,-0.62054],[-51.1516,-0.63714],[-51.14997,-0.65895],[-51.15563,-0.68157],[-51.21764,-0.80185],[-51.2307,-0.83929],[-51.25231,-0.96185],[-51.27115,-1.01767],[-51.27562,-1.02516],[-51.28596,-1.03167],[-51.31029,-1.00213],[-51.33145,-1.00994],[-51.41002,-1.15309],[-51.4348,-1.1867],[-51.55626,-1.28867],[-51.59756,-1.31219],[-51.61022,-1.31561],[-51.62621,-1.33294],[-51.63484,-1.3401],[-51.66271,-1.34987],[-51.66954,-1.35377],[-51.67577,-1.37428],[-51.69514,-1.38112],[-51.70055,-1.38445],[-51.74083,-1.42002],[-51.78563,-1.44996],[-51.80671,-1.45729],[-51.85196,-1.46404],[-51.89249,-1.48366],[-51.91271,-1.48138],[-51.93029,-1.4708],[-51.94392,-1.45623],[-51.95409,-1.42246]]],[[[-51.4051,-0.45965],[-51.40201,-0.43572],[-51.39147,-0.42441],[-51.3756,-0.41692],[-51.3612,-0.40748],[-51.35147,-0.38592],[-51.33654,-0.37558],[-51.33043,-0.36614],[-51.26427,-0.2195],[-51.24323,-0.19866],[-51.23266,-0.17946],[-51.22704,-0.17506],[-51.19783,-0.17083],[-51.18977,-0.16823],[-51.16617,-0.14446],[-51.16527,-0.14031],[-51.12084,-0.14031],[-51.12027,-0.14544],[-51.12828,-0.14772],[-51.13394,-0.16082],[-51.13585,-0.17938],[-51.13488,-0.1959],[-51.1317,-0.20306],[-51.1442,-0.21136],[-51.14867,-0.23056],[-51.14883,-0.26385],[-51.16674,-0.3056],[-51.20128,-0.34368],[-51.27855,-0.40106],[-51.34219,-0.43377],[-51.3756,-0.46054],[-51.39379,-0.46648],[-51.4051,-0.45965]]],[[[-50.81306,-1.33636],[-50.81086,-1.31471],[-50.77961,-1.19394],[-50.77823,-1.17254],[-50.78563,-1.15211],[-50.79922,-1.12656],[-50.80582,-1.10231],[-50.79255,-1.0862],[-50.78014,-1.08831],[-50.73729,-1.11354],[-50.67585,-1.14153],[-50.6293,-1.15016],[-50.61376,-1.15521],[-50.55972,-1.1832],[-50.57185,-1.15862],[-50.61669,-1.11989],[-50.58983,-1.1115],[-50.57653,-1.10263],[-50.56969,-1.10052],[-50.5393,-1.10735],[-50.52208,-1.09645],[-50.52221,-1.0866],[-50.53417,-1.07855],[-50.55236,-1.07334],[-50.54434,-1.05218],[-50.54552,-1.05283],[-50.53002,-1.03875],[-50.51537,-1.03672],[-50.49865,-1.03932],[-50.47663,-1.03916],[-50.49498,-1.02923],[-50.51244,-1.02386],[-50.52847,-1.02532],[-50.54239,-1.03533],[-50.55846,-1.0512],[-50.57677,-1.06316],[-50.59659,-1.07057],[-50.6175,-1.07334],[-50.62613,-1.0761],[-50.64566,-1.08945],[-50.65469,-1.09368],[-50.66381,-1.0949],[-50.73518,-1.08953],[-50.75577,-1.08221],[-50.76456,-1.06992],[-50.7683,-1.06113],[-50.78612,-1.03338],[-50.79255,-1.01865],[-50.798,-0.98431],[-50.79817,-0.91131],[-50.79255,-0.87461],[-50.77416,-0.82985],[-50.77823,-0.81943],[-50.76928,-0.80731],[-50.75764,-0.80682],[-50.746,-0.81422],[-50.73729,-0.82627],[-50.74059,-0.80202],[-50.75377,-0.79241],[-50.77074,-0.78574],[-50.78572,-0.77093],[-50.78734,-0.76328],[-50.78572,-0.73366],[-50.78356,-0.72877],[-50.77424,-0.72064],[-50.77204,-0.7164],[-50.77416,-0.71087],[-50.78352,-0.70729],[-50.78572,-0.70273],[-50.7799,-0.66058],[-50.73729,-0.55185],[-50.72468,-0.56365],[-50.71129,-0.58652],[-50.70059,-0.61175],[-50.69636,-0.63063],[-50.68407,-0.63982],[-50.60753,-0.67604],[-50.58796,-0.68133],[-50.57738,-0.68222],[-50.55199,-0.67962],[-50.54845,-0.67783],[-50.55236,-0.66546],[-50.56037,-0.65928],[-50.61376,-0.64129],[-50.67349,-0.63104],[-50.68269,-0.62379],[-50.68505,-0.60784],[-50.69074,-0.58709],[-50.71646,-0.52174],[-50.72155,-0.50335],[-50.72362,-0.47991],[-50.72106,-0.46502],[-50.7032,-0.40846],[-50.69994,-0.37151],[-50.69636,-0.36004],[-50.67858,-0.34108],[-50.67585,-0.33587],[-50.6737,-0.31927],[-50.66832,-0.29876],[-50.65469,-0.26385],[-50.6136,-0.22918],[-50.59895,-0.21933],[-50.58336,-0.19215],[-50.57445,-0.18808],[-50.5393,-0.18874],[-50.52196,-0.18035],[-50.5078,-0.16888],[-50.49128,-0.15887],[-50.46666,-0.15455],[-50.44371,-0.15797],[-50.42658,-0.16351],[-50.41149,-0.16448],[-50.39464,-0.15455],[-50.38463,-0.13893],[-50.3778,-0.1207],[-50.36815,-0.10565],[-50.34996,-0.09938],[-50.32738,-0.10093],[-50.2718,-0.1137],[-50.09577,-0.13226],[-50.03844,-0.15455],[-50.00813,-0.15301],[-49.79454,-0.19883],[-49.65347,-0.24114],[-49.51985,-0.23561],[-49.48131,-0.22584],[-49.45958,-0.2234],[-49.42516,-0.2304],[-49.41796,-0.23455],[-49.39851,-0.25351],[-49.38732,-0.25758],[-49.38683,-0.25156],[-49.3981,-0.2365],[-49.40844,-0.21746],[-49.40502,-0.19931],[-49.38683,-0.18475],[-49.32649,-0.15455],[-49.31827,-0.16009],[-49.31286,-0.16009],[-49.29857,-0.15455],[-49.27465,-0.15447],[-49.26163,-0.14902],[-49.23644,-0.14772],[-49.2154,-0.14121],[-49.20604,-0.14031],[-49.19481,-0.14153],[-49.18171,-0.14935],[-49.1682,-0.15455],[-49.14476,-0.1513],[-49.13158,-0.15203],[-49.12035,-0.16204],[-49.09138,-0.1539],[-49.02562,-0.16009],[-49.01061,-0.15989],[-48.99272,-0.17185],[-48.9796,-0.18619],[-48.9605,-0.18264],[-48.92705,-0.15881],[-48.89361,-0.15289],[-48.88049,-0.16365],[-48.88171,-0.1911],[-48.89247,-0.20542],[-48.89196,-0.21592],[-48.85973,-0.20924],[-48.81652,-0.20761],[-48.70202,-0.23724],[-48.68423,-0.2365],[-48.64631,-0.22625],[-48.62353,-0.2234],[-48.60143,-0.22617],[-48.54442,-0.24407],[-48.42724,-0.25994],[-48.40099,-0.27125],[-48.39354,-0.27125],[-48.38439,-0.28143],[-48.37556,-0.28851],[-48.36889,-0.29795],[-48.36628,-0.31536],[-48.36978,-0.36061],[-48.37312,-0.37371],[-48.3789,-0.38405],[-48.38842,-0.3956],[-48.39973,-0.40472],[-48.41063,-0.40846],[-48.42064,-0.41497],[-48.43151,-0.4472],[-48.4547,-0.48561],[-48.46158,-0.51556],[-48.46251,-0.5761],[-48.46532,-0.59043],[-48.4829,-0.62762],[-48.48436,-0.65358],[-48.48717,-0.66473],[-48.49657,-0.67604],[-48.48583,-0.68475],[-48.48803,-0.70184],[-48.49446,-0.72283],[-48.49657,-0.74375],[-48.51769,-0.7348],[-48.53751,-0.71893],[-48.57234,-0.68157],[-48.56086,-0.71396],[-48.53791,-0.74481],[-48.52355,-0.77337],[-48.53751,-0.79892],[-48.52623,-0.82025],[-48.52343,-0.84637],[-48.52766,-0.87265],[-48.53751,-0.89446],[-48.56013,-0.91432],[-48.61295,-0.93288],[-48.63317,-0.94915],[-48.62768,-0.95875],[-48.63073,-0.96893],[-48.64745,-0.99065],[-48.65754,-0.9992],[-48.66478,-1.00124],[-48.66511,-1.00311],[-48.65429,-1.01116],[-48.64533,-1.01189],[-48.63585,-1.0084],[-48.62877,-1.0097],[-48.62694,-1.02483],[-48.63069,-1.02907],[-48.65429,-1.04534],[-48.65429,-1.05283],[-48.62828,-1.04778],[-48.62877,-1.06316],[-48.64281,-1.08359],[-48.65734,-1.09368],[-48.67243,-1.10117],[-48.71768,-1.13405],[-48.7399,-1.14153],[-48.75829,-1.15065],[-48.79613,-1.19207],[-48.81871,-1.2029],[-48.8496,-1.19801],[-48.87588,-1.18125],[-48.89769,-1.15814],[-48.91495,-1.1347],[-48.92113,-1.14153],[-48.91128,-1.16123],[-48.89485,-1.18125],[-48.87532,-1.19671],[-48.85631,-1.2029],[-48.84203,-1.21331],[-48.83715,-1.23398],[-48.84455,-1.24928],[-48.86718,-1.24391],[-48.86718,-1.2514],[-48.85387,-1.25433],[-48.82482,-1.25465],[-48.81188,-1.25758],[-48.79625,-1.26849],[-48.79308,-1.27972],[-48.80236,-1.33978],[-48.833,-1.41579],[-48.83922,-1.41579],[-48.85839,-1.39918],[-48.94221,-1.29583],[-48.96377,-1.28297],[-48.99006,-1.29241],[-48.95739,-1.2955],[-48.94603,-1.30902],[-48.95499,-1.32415],[-48.98327,-1.3327],[-48.98327,-1.3401],[-48.9772,-1.34726],[-48.97663,-1.35613],[-48.98095,-1.36566],[-48.99006,-1.37428],[-48.97692,-1.36907],[-48.95311,-1.35036],[-48.94506,-1.34637],[-48.93497,-1.35149],[-48.92984,-1.36354],[-48.92634,-1.37754],[-48.92113,-1.38787],[-48.89883,-1.39365],[-48.8924,-1.39804],[-48.8872,-1.41269],[-48.8839,-1.41579],[-48.87401,-1.41937],[-48.83922,-1.44256],[-48.83922,-1.44996],[-48.87194,-1.45892],[-48.88756,-1.46673],[-48.90127,-1.47674],[-48.91063,-1.50107],[-48.91808,-1.50457],[-48.93529,-1.49334],[-48.94445,-1.49098],[-48.94848,-1.50115],[-48.95617,-1.50872],[-48.97387,-1.51409],[-49.02489,-1.52158],[-49.04809,-1.5333],[-49.06578,-1.53191],[-49.07217,-1.52695],[-49.07348,-1.51393],[-49.08251,-1.51141],[-49.09691,-1.51019],[-49.10676,-1.50457],[-49.11278,-1.49529],[-49.12499,-1.46331],[-49.12727,-1.45306],[-49.14953,-1.40928],[-49.15144,-1.40162],[-49.18187,-1.40162],[-49.18724,-1.39764],[-49.19152,-1.39129],[-49.19774,-1.38836],[-49.2091,-1.39471],[-49.19164,-1.40862],[-49.1844,-1.42938],[-49.1844,-1.45338],[-49.20409,-1.52907],[-49.20153,-1.55316],[-49.18187,-1.5661],[-49.19546,-1.5735],[-49.19762,-1.56601],[-49.20299,-1.55983],[-49.21345,-1.56911],[-49.2296,-1.5735],[-49.22203,-1.58327],[-49.20157,-1.5866],[-49.19546,-1.60084],[-49.18895,-1.59352],[-49.18297,-1.5901],[-49.1682,-1.5866],[-49.18773,-1.6076],[-49.22277,-1.62119],[-49.25626,-1.62005],[-49.27457,-1.62159],[-49.29373,-1.61753],[-49.31388,-1.60439],[-49.332,-1.58823],[-49.35318,-1.5735],[-49.38903,-1.53883],[-49.39411,-1.5289],[-49.39147,-1.51474],[-49.38353,-1.49424],[-49.38732,-1.48415],[-49.40652,-1.51752],[-49.41463,-1.5417],[-49.40962,-1.5639],[-49.37537,-1.58614],[-49.35423,-1.61441],[-49.35831,-1.63759],[-49.37244,-1.64664],[-49.42486,-1.63243],[-49.44302,-1.63542],[-49.46823,-1.62328],[-49.48333,-1.60207],[-49.48453,-1.56805],[-49.4903,-1.55608],[-49.49657,-1.49774],[-49.50487,-1.5014],[-49.51325,-1.50237],[-49.53132,-1.49774],[-49.50756,-1.52264],[-49.50398,-1.53533],[-49.50398,-1.5866],[-49.50927,-1.58245],[-49.5244,-1.58034],[-49.51391,-1.59222],[-49.51407,-1.60809],[-49.52196,-1.62217],[-49.53441,-1.62811],[-49.55126,-1.63307],[-49.55655,-1.64544],[-49.55346,-1.6609],[-49.54491,-1.67596],[-49.55919,-1.67596],[-49.55919,-1.68279],[-49.5454,-1.6867],[-49.54426,-1.69834],[-49.55175,-1.72088],[-49.55871,-1.72422],[-49.60326,-1.71746],[-49.62361,-1.72487],[-49.65416,-1.76002],[-49.66906,-1.77215],[-49.68834,-1.7693],[-49.70592,-1.75058],[-49.71874,-1.72283],[-49.72753,-1.67767],[-49.74535,-1.65277],[-49.75105,-1.64178],[-49.75011,-1.62493],[-49.73998,-1.59515],[-49.74421,-1.58034],[-49.74804,-1.59791],[-49.76114,-1.63006],[-49.76403,-1.6452],[-49.75975,-1.66937],[-49.72989,-1.73056],[-49.7285,-1.74179],[-49.72964,-1.75262],[-49.73672,-1.77215],[-49.74376,-1.78004],[-49.77644,-1.80722],[-49.80028,-1.81732],[-49.80907,-1.81927],[-49.82356,-1.81658],[-49.85342,-1.79266],[-49.86339,-1.78948],[-49.88439,-1.78826],[-49.8944,-1.78582],[-49.90599,-1.77809],[-49.9254,-1.76165],[-49.94811,-1.75628],[-49.96813,-1.747],[-49.98005,-1.74481],[-50.00231,-1.74554],[-50.03234,-1.71559],[-50.02595,-1.66074],[-50.02819,-1.65545],[-50.05028,-1.6574],[-50.0548,-1.66473],[-50.05199,-1.67938],[-50.05207,-1.70387],[-50.05989,-1.71787],[-50.08707,-1.73919],[-50.09301,-1.74822],[-50.15502,-1.77899],[-50.17003,-1.77044],[-50.17772,-1.75897],[-50.187,-1.74912],[-50.22452,-1.73903],[-50.2338,-1.72438],[-50.23717,-1.70534],[-50.23461,-1.63397],[-50.23766,-1.62127],[-50.24836,-1.61541],[-50.26187,-1.61419],[-50.27359,-1.61053],[-50.27855,-1.59743],[-50.27623,-1.58847],[-50.26366,-1.58489],[-50.25817,-1.58034],[-50.24962,-1.56308],[-50.25381,-1.54339],[-50.2622,-1.52711],[-50.26496,-1.51824],[-50.25817,-1.48415],[-50.27595,-1.497],[-50.27685,-1.51458],[-50.26301,-1.55071],[-50.25788,-1.55486],[-50.25817,-1.55983],[-50.2611,-1.56487],[-50.26842,-1.56406],[-50.2718,-1.5661],[-50.28523,-1.58074],[-50.29027,-1.58733],[-50.29223,-1.59743],[-50.28124,-1.61305],[-50.25927,-1.62705],[-50.24258,-1.64153],[-50.24763,-1.65887],[-50.25499,-1.67523],[-50.26024,-1.72527],[-50.26496,-1.74481],[-50.2718,-1.74481],[-50.27473,-1.7247],[-50.29906,-1.65545],[-50.30651,-1.65545],[-50.28722,-1.73089],[-50.28478,-1.75506],[-50.29418,-1.77272],[-50.31656,-1.7785],[-50.34358,-1.77695],[-50.36669,-1.77215],[-50.34289,-1.78493],[-50.31212,-1.79371],[-50.29699,-1.80348],[-50.31957,-1.81927],[-50.34874,-1.82871],[-50.37678,-1.83221],[-50.40518,-1.83099],[-50.55972,-1.79949],[-50.57339,-1.79363],[-50.59643,-1.77581],[-50.60387,-1.77215],[-50.60668,-1.76483],[-50.60009,-1.74928],[-50.58601,-1.73463],[-50.56656,-1.73056],[-50.58788,-1.6845],[-50.74234,-1.53118],[-50.75792,-1.50848],[-50.76863,-1.47845],[-50.79597,-1.44622],[-50.80321,-1.43499],[-50.80419,-1.42498],[-50.79939,-1.40162],[-50.78795,-1.39471],[-50.78572,-1.39471],[-50.78795,-1.38836],[-50.79939,-1.38112],[-50.81164,-1.34987],[-50.81306,-1.33636]]],[[[-51.03869,-0.20029],[-51.00475,-0.18874],[-51.00475,-0.18255],[-51.01252,-0.18011],[-51.03279,-0.16823],[-50.98257,-0.08554],[-50.97241,-0.04281],[-50.94727,-0.01197],[-50.88977,0.00111],[-50.81753,0.03474],[-50.766,0.04637],[-50.73955,0.03453],[-50.72491,0.00801],[-50.7023,-0.0025],[-50.66454,-0.01548],[-50.65526,-0.02378],[-50.64171,-0.04473],[-50.64171,-0.06524],[-50.62743,-0.08571],[-50.6289,-0.1041],[-50.63878,-0.12103],[-50.67585,-0.15455],[-50.69518,-0.16741],[-50.75841,-0.19557],[-50.78124,-0.21006],[-50.83723,-0.26767],[-50.85595,-0.28248],[-50.89489,-0.30625],[-50.92341,-0.3305],[-50.93204,-0.3283],[-50.94115,-0.32204],[-50.96496,-0.31422],[-50.96898,-0.30486],[-50.97037,-0.29551],[-50.97374,-0.29119],[-51.01281,-0.27361],[-51.03795,-0.23594],[-51.03869,-0.20029]]],[[[-49.83235,-0.10312],[-49.82348,-0.07037],[-49.80101,-0.04595],[-49.74047,-0.00034],[-49.6761,0.02806],[-49.62808,0.0576],[-49.52453,0.07388],[-49.49657,0.0856],[-49.4829,0.06379],[-49.45604,0.07461],[-49.44205,0.07567],[-49.42821,0.07128],[-49.39126,0.05109],[-49.38109,0.04393],[-49.36986,0.02823],[-49.36925,0.0161],[-49.37198,0.00698],[-49.37051,-0.00034],[-49.35912,-0.00835],[-49.34752,-0.0097],[-49.3463,-0.02085],[-49.34899,-0.03086],[-49.35928,-0.04473],[-49.35997,-0.05844],[-49.38109,-0.05218],[-49.38585,-0.06964],[-49.41999,-0.09531],[-49.42821,-0.1102],[-49.43871,-0.12054],[-49.46337,-0.12802],[-49.49201,-0.13258],[-49.68688,-0.13543],[-49.71622,-0.14772],[-49.83235,-0.10312]]],[[[-50.64855,0.15046],[-50.63687,0.16527],[-50.61059,0.18342],[-50.583,0.18403],[-50.54433,0.17107],[-50.51469,0.16585],[-50.49022,0.15936],[-50.46964,0.14518],[-50.4465,0.12585],[-50.44396,0.10915],[-50.44401,0.08089],[-50.44018,0.06162],[-50.43251,0.03592],[-50.43255,0.01665],[-50.43773,-0.00003],[-50.4475,-0.01515],[-50.48746,-0.01743],[-50.49572,-0.01662],[-50.51407,-0.01108],[-50.52306,-0.00384],[-50.55972,-0.00384],[-50.57217,0.00165],[-50.58812,0.01211],[-50.60171,0.02399],[-50.60753,0.03376],[-50.60973,0.05341],[-50.61547,0.05882],[-50.62389,0.06123],[-50.63427,0.07128],[-50.63768,0.08055],[-50.63443,0.0961],[-50.63427,0.10611],[-50.63756,0.11766],[-50.64672,0.1389],[-50.64855,0.15046]]],[[[-50.22046,0.24621],[-50.21715,0.26309],[-50.19937,0.28852],[-50.13854,0.32656],[-50.11332,0.33818],[-50.09332,0.33901],[-50.0864,0.32073],[-50.09078,0.30595],[-50.10733,0.29293],[-50.16565,0.26173],[-50.22046,0.24621]]],[[[-50.38366,0.12987],[-50.38097,0.19465],[-50.3778,0.20832],[-50.36681,0.2145],[-50.3049,0.21684],[-50.27965,0.22809],[-50.25442,0.22977],[-50.23268,0.22451],[-50.19964,0.22269],[-50.10729,0.22215],[-50.06219,0.26239],[-50.03689,0.29974],[-50.00381,0.31012],[-49.95945,0.3083],[-49.92162,0.29279],[-49.85955,0.30122],[-49.82576,0.32221],[-49.74591,0.35347],[-49.65023,0.38637],[-49.56016,0.38576],[-49.53036,0.35378],[-49.52895,0.30081],[-49.6016,0.26599],[-49.64247,0.2327],[-49.69237,0.20502],[-49.76403,0.13337],[-49.78734,0.09235],[-49.80614,0.04865],[-49.8297,0.0113],[-49.86706,-0.01068],[-49.93391,-0.02874],[-49.96312,-0.03277],[-49.97501,-0.03688],[-49.99401,-0.04843],[-50.00451,-0.05279],[-50.01293,-0.04534],[-50.02477,-0.02426],[-50.04507,-0.00286],[-50.06945,0.01659],[-50.09728,0.03091],[-50.1278,0.03718],[-50.17467,0.02928],[-50.18236,0.03376],[-50.19009,0.04133],[-50.2067,0.03929],[-50.22228,0.0336],[-50.2268,0.03034],[-50.24885,0.02464],[-50.27269,0.01488],[-50.2976,0.01203],[-50.32262,0.02692],[-50.34512,0.04743],[-50.35155,0.0589],[-50.3531,0.07811],[-50.34203,0.11542],[-50.34008,0.13337],[-50.35033,0.1267],[-50.35741,0.11652],[-50.36669,0.09178],[-50.37999,0.11074],[-50.38366,0.12987]]],[[[-50.51806,0.21491],[-50.51635,0.24335],[-50.51293,0.2565],[-50.50597,0.26618],[-50.49454,0.26992],[-50.47688,0.26545],[-50.47037,0.26992],[-50.4392,0.39765],[-50.43252,0.41397],[-50.42251,0.41901],[-50.41242,0.42158],[-50.40832,0.42072],[-50.40709,0.43065],[-50.41088,0.43692],[-50.42199,0.44868],[-50.42809,0.46548],[-50.43008,0.47858],[-50.42943,0.50666],[-50.43248,0.53433],[-50.43078,0.548],[-50.42199,0.56476],[-50.37975,0.6118],[-50.36669,0.61994],[-50.36669,0.61518],[-50.3605,0.60635],[-50.34732,0.57127],[-50.34606,0.52753],[-50.35505,0.41254],[-50.3531,0.40021],[-50.34887,0.39008],[-50.33593,0.36848],[-50.32315,0.34064],[-50.31697,0.30875],[-50.32328,0.28696],[-50.33893,0.27141],[-50.34992,0.25274],[-50.3952,0.24034],[-50.41398,0.22634],[-50.42031,0.20297],[-50.4188,0.18894],[-50.41513,0.17658],[-50.41902,0.16794],[-50.42626,0.1684],[-50.45018,0.17866],[-50.45983,0.1811],[-50.48266,0.18236],[-50.49315,0.18549],[-50.50145,0.19172],[-50.51675,0.20864],[-50.51806,0.21491]]],[[[-50.31725,0.45799],[-50.31505,0.49726],[-50.30289,0.53099],[-50.27855,0.55854],[-50.25646,0.56973],[-50.25158,0.57583],[-50.25817,0.58519],[-50.2421,0.59296],[-50.18692,0.59223],[-50.17492,0.59545],[-50.16759,0.60541],[-50.15062,0.59711],[-50.12035,0.5716],[-50.1151,0.58625],[-50.13475,0.59756],[-50.13402,0.61249],[-50.12206,0.62678],[-50.10289,0.63984],[-50.08218,0.64789],[-50.06566,0.64728],[-50.03844,0.60635],[-50.03136,0.58487],[-50.03157,0.56167],[-50.02477,0.54116],[-50.02685,0.53531],[-50.03628,0.52595],[-50.04271,0.51032],[-50.16608,0.41385],[-50.19948,0.39272],[-50.22984,0.37764],[-50.24959,0.36102],[-50.28145,0.35655],[-50.30069,0.37547],[-50.31212,0.41397],[-50.31725,0.45799]]],[[[-50.28336,0.76919],[-50.27495,0.80911],[-50.22548,0.8592],[-50.15881,0.88669],[-50.13212,0.91421],[-50.11167,0.91825],[-50.08611,0.91616],[-50.05857,0.9018],[-50.02692,0.90376],[-50.01572,0.89249],[-50.02293,0.87311],[-50.03628,0.85271],[-50.04967,0.82106],[-50.06812,0.80781],[-50.07633,0.79863],[-50.08357,0.77921],[-50.10338,0.75568],[-50.11193,0.75235],[-50.12218,0.75121],[-50.15122,0.74963],[-50.20242,0.74969],[-50.2414,0.7446],[-50.27527,0.74562],[-50.28336,0.76919]]],[[[-50.10032,0.95906],[-50.07369,0.97737],[-50.04918,0.98558],[-50.03844,1.00674],[-50.03189,1.01496],[-50.01667,1.02521],[-49.99844,1.034],[-49.96703,1.04312],[-49.94682,1.06277],[-49.92638,1.06986],[-49.91621,1.05656],[-49.93668,1.02342],[-49.94408,1.00825],[-49.9525,0.99665],[-49.95645,0.98652],[-49.96402,0.97382],[-49.9973,0.95246],[-50.00829,0.94098],[-50.02526,0.937],[-50.06258,0.92325],[-50.07176,0.93144],[-50.09935,0.93864],[-50.10032,0.95906]]],[[[-50.52381,2.00148],[-50.52081,2.03166],[-50.5117,2.05616],[-50.51134,2.07982],[-50.50423,2.09569],[-50.48854,2.09892],[-50.47009,2.09766],[-50.45436,2.11094],[-50.44152,2.10805],[-50.39958,2.11511],[-50.36636,2.06968],[-50.35693,2.05944],[-50.3532,2.03432],[-50.33885,2.00969],[-50.32503,1.99176],[-50.31403,1.96827],[-50.3125,1.94707],[-50.33895,1.91267],[-50.37658,1.87833],[-50.3945,1.87064],[-50.41912,1.86298],[-50.44085,1.86981],[-50.45861,1.88101],[-50.47663,1.94269],[-50.49551,1.96725],[-50.49763,1.98456],[-50.50819,1.99524],[-50.52381,2.00148]]],[[[-50.55352,2.15631],[-50.54171,2.16795],[-50.51363,2.18729],[-50.46335,2.18694],[-50.43054,2.16496],[-50.41783,2.14479],[-50.41516,2.12693],[-50.42469,2.11974],[-50.44145,2.11818],[-50.45762,2.12052],[-50.46659,2.11612],[-50.47334,2.1078],[-50.48618,2.11011],[-50.49793,2.1074],[-50.50965,2.10971],[-50.52024,2.11535],[-50.52569,2.13771],[-50.53571,2.14447],[-50.54352,2.1462],[-50.553,2.15128],[-50.55352,2.15631]]],[[[-29.34826,-20.56129],[-29.34431,-20.55096],[-29.33202,-20.55332],[-29.31688,-20.56878],[-29.32396,-20.57147],[-29.33825,-20.58416],[-29.34826,-20.56129]]],[[[-28.88329,-20.51873],[-28.88048,-20.51084],[-28.87707,-20.51165],[-28.87784,-20.51425],[-28.88329,-20.51873]]],[[[-48.56509,-27.81365],[-48.56355,-27.73984],[-48.55724,-27.70794],[-48.54442,-27.68157],[-48.55907,-27.67449],[-48.55016,-27.6583],[-48.52392,-27.63372],[-48.52599,-27.61142],[-48.54015,-27.59148],[-48.54711,-27.57724],[-48.52766,-27.57171],[-48.51578,-27.57],[-48.50817,-27.56487],[-48.50426,-27.55641],[-48.50341,-27.54502],[-48.5067,-27.53997],[-48.52392,-27.53069],[-48.52416,-27.52353],[-48.51708,-27.50709],[-48.52042,-27.49578],[-48.5349,-27.48415],[-48.53751,-27.47617],[-48.53083,-27.46307],[-48.5194,-27.45452],[-48.51207,-27.44476],[-48.51708,-27.42832],[-48.49942,-27.42645],[-48.44579,-27.41237],[-48.43456,-27.40472],[-48.42658,-27.38893],[-48.40876,-27.39959],[-48.39021,-27.4205],[-48.37987,-27.43572],[-48.37731,-27.45819],[-48.38524,-27.47731],[-48.39574,-27.49358],[-48.40307,-27.51238],[-48.41198,-27.5237],[-48.41405,-27.53411],[-48.40697,-27.56862],[-48.40722,-27.5792],[-48.41454,-27.59515],[-48.42756,-27.61305],[-48.44156,-27.6277],[-48.45197,-27.63372],[-48.49657,-27.70273],[-48.49747,-27.72389],[-48.48217,-27.75945],[-48.48607,-27.77435],[-48.49352,-27.77907],[-48.51256,-27.78395],[-48.5205,-27.78834],[-48.54259,-27.81666],[-48.55187,-27.81943],[-48.5598,-27.81846],[-48.56379,-27.81732],[-48.56509,-27.81365]]],[[[-48.70328,-26.31194],[-48.68415,-26.28135],[-48.67528,-26.27386],[-48.64647,-26.26832],[-48.63976,-26.26165],[-48.63671,-26.25189],[-48.63003,-26.23968],[-48.60725,-26.22731],[-48.57763,-26.21844],[-48.5581,-26.2055],[-48.56554,-26.18133],[-48.5476,-26.16725],[-48.53116,-26.17034],[-48.51635,-26.18401],[-48.4934,-26.21893],[-48.49014,-26.2278],[-48.48913,-26.23602],[-48.49283,-26.24383],[-48.50756,-26.25661],[-48.5161,-26.28135],[-48.53917,-26.31894],[-48.54792,-26.35182],[-48.57543,-26.37624],[-48.57909,-26.38543],[-48.57852,-26.42099],[-48.58629,-26.41961],[-48.59219,-26.41416],[-48.61132,-26.41277],[-48.62804,-26.38795],[-48.64314,-26.35906],[-48.65734,-26.34531],[-48.6997,-26.31666],[-48.70328,-26.31194]]],[[[-47.90014,-25.0368],[-47.89977,-25.01572],[-47.88378,-24.98211],[-47.87963,-24.96478],[-47.87243,-24.95859],[-47.83186,-24.91326],[-47.7174,-24.83034],[-47.67357,-24.81146],[-47.61295,-24.75449],[-47.56168,-24.73602],[-47.53531,-24.71006],[-47.51716,-24.70094],[-47.5067,-24.6998],[-47.48302,-24.70094],[-47.44831,-24.6867],[-47.44831,-24.69354],[-47.49519,-24.72389],[-47.53026,-24.73252],[-47.55004,-24.74236],[-47.78539,-24.92376],[-47.82274,-24.94166],[-47.83804,-24.95827],[-47.85912,-24.98903],[-47.87743,-25.02711],[-47.88829,-25.04119],[-47.90014,-25.0368]]],[[[-46.4204,-23.94744],[-46.40689,-23.94183],[-46.40197,-23.9428],[-46.39367,-23.94744],[-46.38834,-23.93572],[-46.38939,-23.92946],[-46.39367,-23.92018],[-46.38146,-23.92034],[-46.34838,-23.92645],[-46.31949,-23.92767],[-46.3199,-23.93532],[-46.31737,-23.94061],[-46.30256,-23.95843],[-46.29162,-23.97918],[-46.29186,-23.9909],[-46.34138,-23.9699],[-46.35538,-23.97064],[-46.36579,-23.98162],[-46.3745,-23.97796],[-46.39159,-23.97731],[-46.39989,-23.97479],[-46.40465,-23.97047],[-46.4204,-23.94744]]],[[[-45.45295,-23.89137],[-45.44738,-23.87721],[-45.41983,-23.85809],[-45.35538,-23.80006],[-45.34472,-23.7824],[-45.33772,-23.75213],[-45.3286,-23.73748],[-45.3247,-23.72527],[-45.3168,-23.72088],[-45.30846,-23.72137],[-45.28702,-23.7282],[-45.23656,-23.76181],[-45.2281,-23.77239],[-45.23485,-23.84442],[-45.26574,-23.83929],[-45.27111,-23.86891],[-45.25499,-23.89821],[-45.22126,-23.89227],[-45.21642,-23.8991],[-45.21373,-23.90651],[-45.22647,-23.90928],[-45.22692,-23.91676],[-45.22265,-23.92767],[-45.22126,-23.94061],[-45.21784,-23.94492],[-45.21825,-23.94948],[-45.22891,-23.96111],[-45.24169,-23.96795],[-45.24649,-23.96347],[-45.2622,-23.96111],[-45.27184,-23.94622],[-45.28051,-23.92523],[-45.29044,-23.91188],[-45.30378,-23.92018],[-45.30997,-23.91269],[-45.34606,-23.92816],[-45.38573,-23.93808],[-45.42186,-23.93523],[-45.44713,-23.91269],[-45.45295,-23.89137]]],[[[-44.3671,-23.16522],[-44.36001,-23.16383],[-44.32311,-23.1456],[-44.29638,-23.11761],[-44.28417,-23.12322],[-44.27086,-23.11517],[-44.24804,-23.091],[-44.24486,-23.08603],[-44.2412,-23.06976],[-44.2351,-23.06878],[-44.23046,-23.07147],[-44.22753,-23.07675],[-44.20816,-23.08074],[-44.18651,-23.091],[-44.18651,-23.0971],[-44.19323,-23.09808],[-44.20702,-23.10459],[-44.18651,-23.11761],[-44.17077,-23.11012],[-44.16259,-23.1159],[-44.15514,-23.12591],[-44.14184,-23.13128],[-44.13533,-23.12811],[-44.12442,-23.11077],[-44.11303,-23.11468],[-44.11286,-23.1207],[-44.11828,-23.13128],[-44.11059,-23.14031],[-44.08544,-23.1618],[-44.08226,-23.16953],[-44.09777,-23.17392],[-44.10367,-23.17864],[-44.10774,-23.17962],[-44.11266,-23.17742],[-44.11628,-23.17254],[-44.11828,-23.16546],[-44.13537,-23.16546],[-44.14098,-23.16774],[-44.14558,-23.17278],[-44.15925,-23.16578],[-44.1682,-23.17156],[-44.17687,-23.18133],[-44.18969,-23.18662],[-44.23082,-23.19354],[-44.2412,-23.19346],[-44.25597,-23.18768],[-44.27623,-23.17523],[-44.29263,-23.17278],[-44.30167,-23.17832],[-44.31115,-23.19134],[-44.31892,-23.20721],[-44.32311,-23.22064],[-44.32771,-23.22129],[-44.32995,-23.2138],[-44.33796,-23.20664],[-44.3417,-23.19866],[-44.34154,-23.18963],[-44.33739,-23.17962],[-44.35448,-23.18035],[-44.36071,-23.17816],[-44.36465,-23.17278],[-44.3671,-23.16522]]],[[[-32.4628,-3.87835],[-32.45714,-3.87086],[-32.44127,-3.85858],[-32.43692,-3.84987],[-32.39216,-3.83416],[-32.38659,-3.84124],[-32.38858,-3.8528],[-32.39973,-3.86199],[-32.41438,-3.86549],[-32.44152,-3.88079],[-32.45425,-3.88307],[-32.4628,-3.87835]]],[[[-29.42638,0.85855],[-29.42341,0.87157],[-29.40803,0.88483],[-29.38146,0.89134],[-29.35619,0.88276],[-29.34533,0.86664],[-29.34903,0.85261],[-29.35774,0.84113],[-29.36937,0.83356],[-29.39013,0.83173],[-29.41027,0.83487],[-29.42121,0.84471],[-29.42638,0.85855]]],[[[-48.33953,-25.42553],[-48.3383,-25.40817],[-48.32232,-25.38371],[-48.29847,-25.36643],[-48.26896,-25.34815],[-48.25538,-25.34821],[-48.25092,-25.36459],[-48.26816,-25.42686],[-48.26712,-25.44628],[-48.25588,-25.46574],[-48.29111,-25.48912],[-48.30923,-25.48598],[-48.32387,-25.46752],[-48.31927,-25.45425],[-48.32147,-25.44198],[-48.33953,-25.42553]]],[[[-34.88426,-7.78824],[-34.8805,-7.75362],[-34.86,-7.72778],[-34.85661,-7.70431],[-34.85275,-7.69738],[-34.84615,-7.69581],[-34.83605,-7.69693],[-34.8302,-7.70383],[-34.83209,-7.7119],[-34.82233,-7.7388],[-34.8223,-7.74918],[-34.82688,-7.76533],[-34.83381,-7.77842],[-34.83801,-7.8108],[-34.84537,-7.8135],[-34.85818,-7.81316],[-34.87372,-7.80937],[-34.88423,-7.80403],[-34.88426,-7.78824]]],[[[-42.25844,-2.69621],[-42.25077,-2.68183],[-42.23927,-2.68086],[-42.2287,-2.69331],[-42.21718,-2.70192],[-42.19894,-2.72011],[-42.16631,-2.72583],[-42.14902,-2.7354],[-42.12692,-2.75455],[-42.10963,-2.76317],[-42.10578,-2.77275],[-42.1317,-2.77373],[-42.1701,-2.768],[-42.18931,-2.7546],[-42.21522,-2.74408],[-42.24977,-2.73644],[-42.25841,-2.72016],[-42.25844,-2.69621]]],[[[-43.84871,-2.42398],[-43.8403,-2.4156],[-43.8235,-2.40771],[-43.81312,-2.40919],[-43.80818,-2.42103],[-43.81213,-2.43534],[-43.81362,-2.45457],[-43.80325,-2.45655],[-43.80078,-2.45507],[-43.78992,-2.43978],[-43.77511,-2.42893],[-43.76424,-2.42893],[-43.75683,-2.44767],[-43.76671,-2.47627],[-43.77066,-2.496],[-43.78152,-2.50538],[-43.80918,-2.51278],[-43.82597,-2.51377],[-43.83833,-2.50736],[-43.84277,-2.49355],[-43.84425,-2.48022],[-43.83288,-2.45408],[-43.83388,-2.44224],[-43.84031,-2.43237],[-43.84871,-2.42398]]],[[[-43.61169,-2.385],[-43.60775,-2.37316],[-43.56476,-2.36129],[-43.54598,-2.36029],[-43.54204,-2.37115],[-43.545,-2.38991],[-43.55587,-2.40373],[-43.56081,-2.41804],[-43.57366,-2.42347],[-43.58551,-2.41509],[-43.60182,-2.41164],[-43.61169,-2.385]]],[[[-49.52954,-1.71706],[-49.52782,-1.70402],[-49.52777,-1.68419],[-49.52548,-1.67285],[-49.51356,-1.66324],[-49.50164,-1.65816],[-49.492,-1.66215],[-49.47951,-1.65537],[-49.46477,-1.65427],[-49.43643,-1.66452],[-49.42284,-1.67418],[-49.42173,-1.68438],[-49.42402,-1.69684],[-49.43198,-1.70873],[-49.46829,-1.71944],[-49.48022,-1.73075],[-49.49612,-1.74263],[-49.50861,-1.74487],[-49.52277,-1.73521],[-49.52954,-1.71706]]],[[[-57.64247,-30.19309],[-57.63397,-30.18358],[-57.6117,-30.18296],[-57.60279,-30.19052],[-57.64247,-30.19309]]]]},"source":"Natural Earth Admin 0 Countries, 1:10m, version 5.1.1","sourceUrl":"https://www.naturalearthdata.com/downloads/10m-cultural-vectors/10m-admin-0-countries/"}
