{"type":"Feature","properties":{"isoA2":"GR","name":"Greece"},"geometry":{"type":"MultiPolygon","coordinates":[[[[19.99985,39.69351],[20.01607,39.7014],[20.08935,39.6828],[20.13524,39.66419],[20.16376,39.6443],[20.18412,39.63701],[20.19993,39.64006],[20.20345,39.64533],[20.20417,39.66032],[20.21203,39.66704],[20.22009,39.66916],[20.22856,39.66916],[20.24603,39.6629],[20.24903,39.68481],[20.26412,39.69608],[20.28272,39.7044],[20.29647,39.71737],[20.29946,39.72822],[20.29647,39.73349],[20.29109,39.73794],[20.28551,39.74967],[20.27569,39.76006],[20.28468,39.78031],[20.28138,39.78817],[20.27548,39.7924],[20.27301,39.79649],[20.28003,39.80398],[20.28841,39.80662],[20.29833,39.80543],[20.33688,39.79401],[20.35455,39.78579],[20.3716,39.78429],[20.38897,39.79814],[20.39703,39.81809],[20.393,39.83545],[20.3469,39.89426],[20.32313,39.9124],[20.31796,39.91839],[20.30298,39.97911],[20.29791,39.98691],[20.31001,39.98986],[20.35993,39.99105],[20.37646,39.99374],[20.3807,40.01167],[20.38907,40.02944],[20.40044,40.04526],[20.41377,40.05719],[20.43279,40.06381],[20.46597,40.06081],[20.48167,40.06779],[20.49986,40.07146],[20.55288,40.06541],[20.57779,40.06727],[20.64022,40.09011],[20.64756,40.09404],[20.66823,40.13807],[20.65986,40.17274],[20.66037,40.17889],[20.66502,40.18437],[20.6798,40.18783],[20.68528,40.19119],[20.69644,40.21507],[20.69665,40.23558],[20.69458,40.25558],[20.69913,40.27837],[20.70698,40.28809],[20.72879,40.29827],[20.73665,40.30364],[20.75504,40.33862],[20.77044,40.36255],[20.77385,40.3749],[20.769,40.41257],[20.77065,40.42198],[20.77954,40.42901],[20.80031,40.43278],[20.8092,40.4366],[20.81736,40.44684],[20.82667,40.46482],[20.84,40.47164],[20.86677,40.47205],[20.88961,40.46373],[20.91193,40.45955],[20.93684,40.47252],[20.94645,40.48291],[20.95265,40.49365],[20.95193,40.50606],[20.95792,40.51494],[20.96857,40.52058],[20.98149,40.52326],[20.98831,40.5335],[21.00671,40.54321],[21.01353,40.5489],[21.0188,40.55897],[21.02252,40.58662],[21.03317,40.6214],[21.03668,40.63974],[21.03534,40.65938],[21.02883,40.67685],[21.01859,40.6909],[20.99203,40.7155],[20.96351,40.73607],[20.95348,40.75917],[20.94366,40.76526],[20.96092,40.78077],[20.96702,40.80201],[20.96526,40.84939],[21.11213,40.85394],[21.18303,40.87017],[21.20907,40.86908],[21.26095,40.86082],[21.29537,40.86087],[21.32927,40.86629],[21.34488,40.87306],[21.38126,40.9005],[21.40493,40.90861],[21.42942,40.90898],[21.50952,40.9005],[21.55365,40.87043],[21.58156,40.86629],[21.59034,40.87069],[21.62372,40.8944],[21.64388,40.89446],[21.64884,40.8958],[21.65266,40.90138],[21.65483,40.9143],[21.6569,40.91823],[21.68511,40.92799],[21.737,40.91916],[21.76552,40.92391],[21.77813,40.93373],[21.78175,40.9451],[21.78185,40.9559],[21.78371,40.96417],[21.79364,40.97357],[21.83126,40.99352],[21.845,41.01238],[21.88066,41.03843],[21.8943,41.05383],[21.89616,41.06142],[21.89719,41.08127],[21.90123,41.09078],[21.90908,41.09749],[21.93471,41.11191],[21.9651,41.12436],[22.02907,41.13858],[22.04819,41.15186],[22.05553,41.14989],[22.06277,41.13718],[22.10338,41.12152],[22.12437,41.12721],[22.16033,41.15191],[22.18317,41.15992],[22.20581,41.16142],[22.22513,41.15961],[22.26296,41.15046],[22.30265,41.1455],[22.30523,41.14162],[22.30668,41.12845],[22.30875,41.12498],[22.31505,41.12442],[22.32342,41.1285],[22.34234,41.12896],[22.36766,41.13237],[22.38016,41.1317],[22.41045,41.11791],[22.42181,41.11465],[22.45148,41.11367],[22.4675,41.11501],[22.50067,41.12214],[22.51659,41.12225],[22.54925,41.11852],[22.57126,41.11951],[22.59018,41.12514],[22.60733,41.13599],[22.62449,41.15263],[22.62676,41.1608],[22.62594,41.16979],[22.62935,41.17707],[22.64454,41.18023],[22.65611,41.17806],[22.6741,41.15661],[22.69187,41.14457],[22.7049,41.13966],[22.71575,41.1456],[22.72722,41.16581],[22.73673,41.20441],[22.74086,41.28358],[22.7513,41.3152],[22.78097,41.33489],[22.82603,41.34099],[22.91698,41.33577],[23.11521,41.31267],[23.15717,41.31634],[23.1797,41.32135],[23.19066,41.32606],[23.19955,41.33298],[23.20482,41.3427],[23.20637,41.36094],[23.20978,41.36859],[23.22425,41.37903],[23.24657,41.38972],[23.26993,41.39727],[23.2877,41.3982],[23.3062,41.38838],[23.31561,41.37685],[23.32605,41.36931],[23.34724,41.37122],[23.36512,41.37856],[23.3955,41.39525],[23.41452,41.3999],[23.51301,41.39773],[23.57895,41.372],[23.61244,41.37102],[23.62774,41.37851],[23.65285,41.39763],[23.67218,41.40295],[23.70535,41.40316],[23.73822,41.39747],[23.75445,41.40068],[23.77708,41.42905],[23.79207,41.43447],[23.80974,41.4338],[23.83093,41.43561],[23.8516,41.43959],[23.86772,41.44548],[23.8948,41.46434],[23.90286,41.46352],[23.94989,41.43758],[23.96467,41.43835],[23.98131,41.45086],[23.99712,41.45701],[24.00074,41.46414],[24.02285,41.45308],[24.03474,41.45132],[24.0459,41.45546],[24.052,41.463],[24.05252,41.47147],[24.04735,41.52573],[24.0766,41.53602],[24.11649,41.53338],[24.14626,41.52677],[24.15401,41.52212],[24.16279,41.51204],[24.17024,41.51158],[24.17313,41.5153],[24.17747,41.53101],[24.1816,41.53736],[24.19628,41.54703],[24.21437,41.55576],[24.23328,41.5618],[24.25075,41.56346],[24.26687,41.54977],[24.2864,41.54036],[24.28733,41.53163],[24.28506,41.52315],[24.28682,41.51762],[24.29612,41.51525],[24.30955,41.51979],[24.31824,41.52077],[24.34501,41.5184],[24.38748,41.52667],[24.40288,41.52785],[24.42397,41.52522],[24.43885,41.5277],[24.45921,41.54951],[24.48133,41.55323],[24.51016,41.56165],[24.53094,41.54754],[24.54334,41.52134],[24.54654,41.49364],[24.54944,41.48543],[24.56773,41.46812],[24.58106,41.46021],[24.5822,41.45525],[24.57972,41.44419],[24.58044,41.44052],[24.59584,41.42977],[24.60948,41.42724],[24.64431,41.42765],[24.63822,41.41768],[24.66126,41.41768],[24.6809,41.41551],[24.69919,41.40895],[24.71873,41.39572],[24.75263,41.36275],[24.77444,41.34807],[24.79428,41.3474],[24.80286,41.36192],[24.80017,41.37934],[24.80327,41.39267],[24.84213,41.39473],[24.87293,41.40187],[24.88637,41.40063],[24.91696,41.38636],[25.08036,41.33407],[25.10186,41.33665],[25.11653,41.32073],[25.15788,41.30611],[25.1771,41.29386],[25.21968,41.24973],[25.23911,41.2409],[25.26226,41.2381],[25.28572,41.2394],[25.45346,41.28043],[25.4791,41.28379],[25.50509,41.28058],[25.51491,41.28348],[25.52369,41.29169],[25.53796,41.31221],[25.55149,41.31567],[25.63976,41.31107],[25.64958,41.30849],[25.67045,41.29919],[25.67996,41.29717],[25.69123,41.29841],[25.71748,41.31412],[25.72874,41.31707],[25.76347,41.31903],[25.80078,41.33805],[25.81101,41.34104],[25.83334,41.33464],[25.86269,41.31009],[25.88202,41.30404],[25.89628,41.30627],[25.92119,41.31603],[25.94858,41.31397],[25.95963,41.315],[25.98227,41.32327],[26.00893,41.33681],[26.02185,41.34166],[26.10733,41.3566],[26.11466,41.3552],[26.12086,41.35779],[26.13244,41.37153],[26.14784,41.39691],[26.159,41.42181],[26.16427,41.42786],[26.17564,41.43189],[26.1774,41.43995],[26.1743,41.446],[26.15621,41.46042],[26.14588,41.47804],[26.14763,41.48476],[26.15931,41.4938],[26.16448,41.51772],[26.16314,41.52915],[26.15807,41.54232],[26.15249,41.54703],[26.13678,41.5492],[26.1312,41.55266],[26.12944,41.55938],[26.13027,41.58268],[26.12107,41.60821],[26.11528,41.61663],[26.10671,41.62428],[26.06692,41.6355],[26.05503,41.64875],[26.05027,41.66046],[26.04749,41.67462],[26.0481,41.68908],[26.05369,41.70151],[26.06051,41.7073],[26.08149,41.71151],[26.10836,41.72789],[26.13513,41.7334],[26.1899,41.73469],[26.21182,41.75048],[26.22618,41.74968],[26.23445,41.74583],[26.26101,41.72306],[26.27393,41.7149],[26.29491,41.71032],[26.35961,41.7149],[26.37739,41.71063],[26.40436,41.69182],[26.44281,41.68446],[26.46038,41.67878],[26.47619,41.67573],[26.4732,41.66113],[26.46441,41.64852],[26.52115,41.61643],[26.56652,41.59875],[26.57644,41.591],[26.59546,41.61245],[26.59629,41.59754],[26.60228,41.58516],[26.59784,41.57328],[26.60166,41.54734],[26.59546,41.53741],[26.60611,41.52305],[26.61096,41.50574],[26.61593,41.46853],[26.63215,41.41975],[26.63639,41.39959],[26.6366,41.37846],[26.63174,41.35753],[26.62264,41.34037],[26.60972,41.33071],[26.59112,41.32931],[26.56962,41.3336],[26.55061,41.34177],[26.54017,41.35179],[26.48932,41.31086],[26.47878,41.30962],[26.46637,41.29717],[26.43847,41.28358],[26.41211,41.2657],[26.39506,41.25898],[26.3317,41.25412],[26.32054,41.24622],[26.33605,41.22891],[26.3255,41.20699],[26.32106,41.18762],[26.32416,41.16989],[26.33605,41.15258],[26.31734,41.13046],[26.31734,41.1223],[26.33233,41.11904],[26.33946,41.11449],[26.3224,41.08855],[26.32509,41.07408],[26.33904,41.05155],[26.34762,41.04096],[26.37418,41.03114],[26.37501,41.01946],[26.36809,41.00773],[26.35961,41.00241],[26.34462,41.00106],[26.33594,40.99714],[26.33315,40.99073],[26.33605,40.98189],[26.34648,40.97171],[26.3562,40.96815],[26.35909,40.96468],[26.34907,40.95456],[26.33501,40.94624],[26.30649,40.936],[26.2944,40.92665],[26.30328,40.91549],[26.30401,40.90903],[26.29067,40.90613],[26.2822,40.90722],[26.27517,40.91027],[26.26649,40.92045],[26.26039,40.92045],[26.25223,40.90055],[26.24633,40.89146],[26.2392,40.88567],[26.23238,40.88567],[26.22618,40.89931],[26.22525,40.8836],[26.21192,40.87947],[26.2112,40.87472],[26.21254,40.87311],[26.21864,40.87198],[26.20872,40.86841],[26.20582,40.865],[26.2051,40.85839],[26.21202,40.84743],[26.15828,40.81219],[26.14298,40.79379],[26.13451,40.76713],[26.11229,40.74697],[26.08159,40.73555],[26.04396,40.73847],[26.04689,40.7425],[26.03598,40.75776],[26.03354,40.77827],[26.02735,40.79613],[26.00587,40.80394],[26.00587,40.81078],[26.0197,40.81053],[26.03785,40.81257],[26.05372,40.81623],[26.06056,40.82075],[26.05397,40.83096],[26.03891,40.83251],[26.02263,40.82917],[26.01222,40.82445],[26.00587,40.83877],[25.99838,40.83877],[25.99838,40.83129],[26.00278,40.82608],[26.00587,40.81704],[25.99838,40.81704],[25.98292,40.83088],[25.95167,40.84553],[25.91863,40.85297],[25.89666,40.84492],[25.87989,40.84833],[25.82569,40.84968],[25.81422,40.85517],[25.80323,40.85651],[25.73219,40.85175],[25.69117,40.85814],[25.64715,40.87002],[25.6045,40.87617],[25.56715,40.86542],[25.53777,40.87043],[25.51686,40.8791],[25.50221,40.88963],[25.48683,40.89712],[25.43678,40.90542],[25.41969,40.9064],[25.38299,40.91901],[25.34083,40.94172],[25.29965,40.95185],[25.26612,40.92691],[25.25929,40.92691],[25.2588,40.93195],[25.18068,40.94269],[25.14698,40.95897],[25.13803,40.96011],[25.13404,40.96288],[25.13575,40.97529],[25.14015,40.98359],[25.1482,40.99006],[25.15846,40.99429],[25.16993,40.9958],[25.15138,41.00532],[25.13844,41.01008],[25.0573,41.00947],[25.03907,41.00605],[25.03956,40.98957],[25.01881,40.97508],[25.00652,40.96971],[24.99171,40.96845],[24.99903,40.94994],[24.98976,40.94212],[24.95387,40.94115],[24.94068,40.93793],[24.90805,40.9239],[24.8921,40.92064],[24.86354,40.90522],[24.834,40.87474],[24.80201,40.85346],[24.7658,40.86542],[24.72836,40.85273],[24.70875,40.85175],[24.69011,40.85859],[24.69484,40.86123],[24.69752,40.86542],[24.66277,40.87971],[24.64137,40.86457],[24.63543,40.85859],[24.62867,40.85859],[24.61964,40.87466],[24.60906,40.88849],[24.5962,40.90119],[24.60076,40.9138],[24.58627,40.91909],[24.57553,40.9267],[24.56886,40.9374],[24.56666,40.95173],[24.51775,40.95816],[24.50514,40.96162],[24.49562,40.95588],[24.47291,40.95173],[24.46412,40.94115],[24.44313,40.94806],[24.41554,40.94554],[24.39177,40.93647],[24.37224,40.91413],[24.32765,40.88622],[24.31267,40.87971],[24.32472,40.87206],[24.33237,40.86286],[24.33131,40.85505],[24.30983,40.85053],[24.306,40.84707],[24.30568,40.84174],[24.30958,40.83503],[24.31528,40.83222],[24.33188,40.8332],[24.34067,40.83129],[24.11012,40.72785],[24.07309,40.72142],[24.03004,40.72333],[23.98634,40.73216],[23.87403,40.77766],[23.84205,40.78335],[23.80926,40.78042],[23.75408,40.76301],[23.7317,40.75186],[23.7107,40.73762],[23.69703,40.72142],[23.69174,40.69538],[23.70021,40.67365],[23.71803,40.65868],[23.74098,40.65314],[23.75563,40.64566],[23.77247,40.62763],[23.78663,40.60615],[23.79265,40.58796],[23.799,40.58662],[23.83351,40.56379],[23.84669,40.56029],[23.86248,40.55915],[23.87761,40.56025],[23.88884,40.56379],[23.89527,40.55305],[23.91489,40.53889],[23.91554,40.52961],[23.90724,40.52538],[23.83823,40.51874],[23.82301,40.50699],[23.81902,40.48774],[23.82667,40.46137],[23.86818,40.41352],[23.87794,40.40615],[23.90968,40.39423],[23.91554,40.38935],[23.95362,40.38264],[23.96388,40.37946],[23.97535,40.38337],[24.00245,40.38638],[24.01173,40.39248],[24.01157,40.40184],[24.00554,40.41462],[23.99122,40.43407],[23.99871,40.44086],[23.99122,40.4477],[24.0114,40.44916],[24.02882,40.43207],[24.05323,40.39248],[24.0652,40.38101],[24.08579,40.36603],[24.1089,40.35741],[24.12843,40.36518],[24.13893,40.36066],[24.1692,40.35285],[24.17986,40.35151],[24.18686,40.34663],[24.19801,40.32416],[24.20395,40.31737],[24.23341,40.31688],[24.26629,40.28905],[24.32065,40.22797],[24.38331,40.17914],[24.39381,40.15249],[24.36109,40.13239],[24.31861,40.1247],[24.29998,40.12808],[24.29225,40.14265],[24.28614,40.16055],[24.27174,40.17097],[24.25392,40.17829],[24.23829,40.187],[24.21193,40.21748],[24.19272,40.24897],[24.16896,40.27529],[24.12843,40.29002],[24.04786,40.30117],[24.01922,40.31049],[23.99383,40.32392],[23.95737,40.35261],[23.93653,40.36518],[23.92262,40.36933],[23.88502,40.36518],[23.84832,40.37271],[23.83351,40.37202],[23.78224,40.35269],[23.75961,40.34919],[23.73048,40.35895],[23.72071,40.34479],[23.71681,40.34528],[23.69972,40.32636],[23.69361,40.30923],[23.69565,40.29291],[23.71144,40.26114],[23.71632,40.25532],[23.72364,40.24909],[23.75766,40.23168],[23.76433,40.2154],[23.77858,40.2027],[23.79282,40.19599],[23.79949,40.19758],[23.86769,40.17276],[23.88022,40.17634],[23.89674,40.17133],[23.91334,40.16136],[23.92604,40.14981],[23.94068,40.14155],[23.98024,40.13068],[23.99122,40.11872],[23.99,40.11001],[23.97739,40.10049],[23.97755,40.09081],[23.98325,40.08491],[24.00115,40.07494],[24.00489,40.06721],[24.00172,40.05878],[23.98756,40.05744],[23.98422,40.05362],[23.98683,40.04218],[23.99342,40.03754],[24.00221,40.03852],[24.01173,40.04365],[24.01222,40.02656],[24.01441,40.02131],[24.01922,40.0163],[23.99252,39.99885],[23.98805,39.98998],[23.99871,39.98159],[23.99871,39.97476],[23.97934,39.97431],[23.9699,39.96809],[23.97283,39.96186],[23.99122,39.96109],[23.99122,39.9536],[23.93995,39.95246],[23.91969,39.95637],[23.92286,39.96792],[23.92286,39.97476],[23.91554,39.97476],[23.90772,39.96979],[23.90065,39.97118],[23.89763,39.97793],[23.90252,39.98843],[23.86085,40.00581],[23.85621,40.01675],[23.8449,40.02412],[23.83123,40.02652],[23.82407,40.02192],[23.82309,40.01728],[23.82667,40.00886],[23.78989,40.05598],[23.78517,40.06721],[23.79152,40.08381],[23.79331,40.09382],[23.78883,40.09829],[23.77833,40.10163],[23.77247,40.10957],[23.7645,40.12617],[23.67547,40.21792],[23.64177,40.23542],[23.62273,40.23965],[23.54029,40.24478],[23.48414,40.2696],[23.43849,40.2792],[23.39829,40.27774],[23.365,40.2617],[23.3401,40.22797],[23.33766,40.20844],[23.34539,40.19156],[23.35548,40.17504],[23.36362,40.15046],[23.37135,40.14741],[23.39161,40.14606],[23.40065,40.14399],[23.46925,40.06708],[23.49887,40.0423],[23.60271,39.99848],[23.67026,39.98607],[23.67286,39.97997],[23.67286,39.97126],[23.67595,39.96109],[23.68539,39.94904],[23.69728,39.9405],[23.71306,39.93545],[23.7339,39.93378],[23.74789,39.93049],[23.74025,39.92328],[23.72169,39.91596],[23.70314,39.91266],[23.61647,39.92333],[23.47096,39.97163],[23.44654,39.97476],[23.37208,39.96516],[23.36061,39.96109],[23.36598,39.97215],[23.37875,39.99112],[23.3816,40.00267],[23.37843,40.01097],[23.36394,40.0266],[23.36061,40.03278],[23.35271,40.05707],[23.33513,40.07445],[23.31658,40.08885],[23.30592,40.10448],[23.31959,40.13679],[23.32456,40.17495],[23.31861,40.21052],[23.29908,40.23542],[23.25864,40.25312],[23.23666,40.25959],[23.19956,40.26626],[23.16619,40.27985],[23.14894,40.27643],[23.09693,40.3061],[23.08676,40.30707],[23.07618,40.31444],[23.05275,40.31867],[23.02914,40.32575],[23.01092,40.35122],[22.96388,40.37946],[22.94484,40.3863],[22.9275,40.38849],[22.88819,40.3863],[22.89772,40.40205],[22.88966,40.41836],[22.8602,40.4477],[22.86744,40.44945],[22.8672,40.45392],[22.8309,40.48578],[22.82163,40.50214],[22.84352,40.50918],[22.9074,40.51203],[22.94158,40.51716],[22.95639,40.52627],[22.9629,40.53514],[22.97511,40.54243],[22.98316,40.55268],[22.9769,40.57062],[22.94174,40.58735],[22.94956,40.60541],[22.93377,40.63093],[22.91049,40.6446],[22.88307,40.64728],[22.85402,40.63947],[22.86109,40.62055],[22.85865,40.60529],[22.8506,40.59341],[22.84034,40.5843],[22.81511,40.57294],[22.81593,40.57062],[22.79566,40.57079],[22.78712,40.57294],[22.77833,40.57807],[22.75856,40.56778],[22.74594,40.55524],[22.74252,40.54035],[22.75034,40.52277],[22.74415,40.52277],[22.73666,40.52961],[22.73666,40.51533],[22.73048,40.51533],[22.73048,40.52277],[22.72315,40.52277],[22.719,40.51097],[22.71095,40.51162],[22.68897,40.52277],[22.68849,40.52749],[22.67351,40.52684],[22.65772,40.51667],[22.65626,40.50454],[22.6753,40.49616],[22.66603,40.49535],[22.65968,40.49291],[22.65602,40.48762],[22.65496,40.4781],[22.65073,40.47281],[22.64161,40.47468],[22.6268,40.48188],[22.60288,40.48127],[22.59051,40.47744],[22.57911,40.46821],[22.59343,40.4582],[22.60377,40.444],[22.60873,40.42817],[22.60646,40.41356],[22.6185,40.4051],[22.62827,40.39362],[22.63998,40.38369],[22.65838,40.37946],[22.66114,40.36904],[22.64763,40.34589],[22.62062,40.31049],[22.59034,40.24164],[22.59083,40.23017],[22.5525,40.16657],[22.54965,40.14387],[22.5573,40.12718],[22.56772,40.1105],[22.57293,40.08771],[22.56886,40.06485],[22.5713,40.05427],[22.58318,40.04987],[22.58766,40.04491],[22.60027,40.0163],[22.65252,39.98208],[22.66717,39.97435],[22.69093,39.96817],[22.69646,39.96455],[22.69858,39.96088],[22.70786,39.96137],[22.71013,39.95734],[22.709,39.93903],[22.71013,39.93378],[22.72299,39.89777],[22.73048,39.8854],[22.7409,39.8747],[22.77866,39.84984],[22.80112,39.84032],[22.81528,39.82905],[22.84034,39.80341],[22.85027,39.79051],[22.85865,39.77326],[22.86476,39.75316],[22.8672,39.73176],[22.87176,39.71581],[22.90187,39.65884],[22.92514,39.59951],[22.93946,39.58063],[22.95289,39.57001],[23.00489,39.5434],[23.05592,39.52725],[23.09742,39.50178],[23.10182,39.49738],[23.11411,39.46699],[23.12566,39.45441],[23.21095,39.37934],[23.22381,39.35859],[23.27133,39.32294],[23.29225,39.26899],[23.3423,39.19261],[23.34376,39.17963],[23.33326,39.17438],[23.30128,39.15135],[23.28175,39.14614],[23.24366,39.14167],[23.20973,39.13182],[23.22348,39.12519],[23.23024,39.12442],[23.23024,39.11815],[23.2142,39.11262],[23.20362,39.10456],[23.19142,39.10782],[23.1692,39.10659],[23.14625,39.10175],[23.11549,39.08828],[23.09213,39.08934],[23.05201,39.09772],[23.06137,39.11176],[23.07309,39.12442],[23.06772,39.13801],[23.08106,39.1472],[23.11411,39.15913],[23.11394,39.14631],[23.1006,39.10456],[23.17172,39.13495],[23.18238,39.14614],[23.17555,39.15546],[23.18133,39.15868],[23.19093,39.15811],[23.19606,39.15575],[23.19923,39.15143],[23.20631,39.15705],[23.21355,39.16812],[23.21713,39.17963],[23.21225,39.1905],[23.18637,39.22443],[23.17555,39.23428],[23.17986,39.2508],[23.16912,39.26854],[23.15138,39.28486],[23.13461,39.29694],[23.11549,39.30744],[23.09815,39.3122],[23.02052,39.31753],[23.02101,39.32559],[23.01856,39.33047],[23.00343,39.35244],[22.99806,39.35712],[22.96388,39.35712],[22.94117,39.36176],[22.93588,39.36058],[22.94288,39.35098],[22.94288,39.34414],[22.93279,39.33601],[22.92905,39.3242],[22.93214,39.3122],[22.94288,39.30317],[22.91928,39.29865],[22.87989,39.29556],[22.84254,39.28848],[22.82618,39.27216],[22.82423,39.23347],[22.82618,39.22126],[22.85402,39.15913],[22.8602,39.15913],[22.86801,39.16974],[22.88087,39.17963],[22.87696,39.19038],[22.88209,39.19098],[22.89015,39.18427],[22.89503,39.1728],[22.90187,39.17963],[22.9109,39.16332],[22.91456,39.14379],[22.92058,39.12515],[22.93605,39.1114],[22.93588,39.11612],[22.94288,39.11815],[22.93605,39.13182],[22.96111,39.11904],[22.97332,39.10195],[22.98243,39.08442],[22.99806,39.06977],[22.99195,39.05732],[22.99806,39.04926],[22.96648,39.03465],[22.95883,39.02513],[22.96388,39.00898],[23.01531,39.03319],[23.04249,39.04011],[23.07309,39.04247],[23.07309,39.03628],[23.06471,39.02875],[23.03224,39.01512],[23.02329,39.00845],[23.01905,39.00129],[23.01173,38.98102],[23.00717,38.97394],[23.00025,38.96646],[22.98455,38.95433],[22.97869,38.95327],[22.96412,38.95527],[22.95639,38.95433],[22.94435,38.94733],[22.93605,38.94685],[22.94288,38.9326],[22.92856,38.93159],[22.90846,38.92194],[22.89845,38.91962],[22.85987,38.92853],[22.84653,38.92642],[22.84181,38.91918],[22.83668,38.89647],[22.8296,38.89167],[22.8047,38.89102],[22.79656,38.88711],[22.792,38.878],[22.77768,38.87848],[22.75457,38.87397],[22.73268,38.87238],[22.72315,38.88174],[22.71827,38.8898],[22.70777,38.8874],[22.68897,38.878],[22.68043,38.88052],[22.65838,38.89167],[22.65642,38.89435],[22.62159,38.9145],[22.61329,38.91307],[22.58082,38.89362],[22.55209,38.88923],[22.54526,38.88508],[22.53883,38.878],[22.52508,38.88544],[22.52508,38.85814],[22.57293,38.86433],[22.57293,38.85814],[22.55388,38.84809],[22.56332,38.83625],[22.58277,38.83198],[22.59343,38.84447],[22.60027,38.84447],[22.59343,38.83023],[22.60816,38.83076],[22.63266,38.83515],[22.64112,38.83023],[22.69028,38.85],[22.70265,38.85065],[22.72682,38.81965],[22.74806,38.79922],[22.75896,38.79409],[22.76954,38.78482],[22.77833,38.78172],[22.81593,38.78925],[22.82927,38.78608],[22.84555,38.77802],[22.85987,38.76703],[22.8672,38.75507],[22.88754,38.77114],[22.8982,38.77529],[22.91489,38.77558],[22.92563,38.77172],[22.94532,38.75812],[22.96022,38.75507],[23.01629,38.75446],[23.042,38.74673],[23.05942,38.72773],[23.09051,38.64912],[23.1045,38.63841],[23.12355,38.63691],[23.13331,38.63972],[23.14519,38.64899],[23.15642,38.65347],[23.16896,38.65229],[23.18247,38.65375],[23.19606,38.66633],[23.17677,38.67658],[23.16814,38.67939],[23.18678,38.68598],[23.20493,38.68268],[23.23764,38.66633],[23.25375,38.66181],[23.28696,38.65815],[23.30592,38.65266],[23.32097,38.64326],[23.33123,38.63028],[23.3357,38.6164],[23.33326,38.60423],[23.32114,38.59443],[23.30649,38.58885],[23.29331,38.57909],[23.28541,38.55646],[23.29542,38.5681],[23.30738,38.56855],[23.31959,38.562],[23.34059,38.54556],[23.36744,38.54047],[23.3816,38.53535],[23.3816,38.52855],[23.37281,38.52595],[23.34986,38.52558],[23.3401,38.52237],[23.3318,38.51488],[23.32927,38.50837],[23.33497,38.50361],[23.3506,38.50186],[23.41847,38.50434],[23.51938,38.49067],[23.53191,38.49811],[23.54298,38.5117],[23.56723,38.50113],[23.60133,38.47394],[23.5735,38.46088],[23.5735,38.45344],[23.58595,38.45116],[23.5962,38.44676],[23.60011,38.44062],[23.594,38.43293],[23.594,38.42609],[23.62501,38.41401],[23.67286,38.35643],[23.70997,38.33674],[23.72486,38.33613],[23.78199,38.34357],[23.80502,38.33251],[23.81617,38.33051],[23.91245,38.29825],[23.93287,38.2958],[23.95102,38.29092],[23.96697,38.27928],[23.99122,38.25422],[24.03859,38.22394],[24.0464,38.21695],[24.05063,38.21068],[24.06902,38.20474],[24.07309,38.19648],[24.06804,38.18089],[24.06951,38.17353],[24.08058,38.166],[24.07,38.16279],[24.06414,38.1551],[24.05942,38.13129],[24.05323,38.14525],[24.03777,38.14374],[23.98902,38.12263],[23.99,38.10212],[24.00489,38.05927],[24.00913,38.0406],[24.01856,38.02668],[24.02817,38.01618],[24.03272,38.00776],[24.03004,37.99844],[24.01173,37.96686],[24.01189,37.95832],[24.01588,37.93744],[24.01173,37.92524],[24.0228,37.92573],[24.03443,37.92292],[24.04331,37.91645],[24.0464,37.90599],[24.04225,37.9007],[24.01173,37.89175],[24.01889,37.88516],[24.02784,37.88032],[24.03891,37.87788],[24.05323,37.87808],[24.0464,37.87059],[24.0669,37.86441],[24.0608,37.85562],[24.05934,37.84854],[24.06178,37.84251],[24.0669,37.8371],[24.05763,37.83218],[24.05323,37.82282],[24.077,37.8111],[24.08465,37.80174],[24.08741,37.78522],[24.08619,37.76374],[24.08188,37.75251],[24.05942,37.73347],[24.07309,37.72724],[24.07309,37.71979],[24.05942,37.71979],[24.05942,37.71357],[24.06577,37.71279],[24.0669,37.69929],[24.06528,37.70482],[24.06397,37.70502],[24.05942,37.69929],[24.07211,37.68952],[24.06373,37.67845],[24.0464,37.66584],[24.03272,37.65152],[24.02133,37.65778],[23.98308,37.67032],[23.9673,37.67259],[23.94972,37.67744],[23.94304,37.68993],[23.94337,37.72724],[23.93653,37.72724],[23.9227,37.72118],[23.91334,37.73969],[23.90252,37.78189],[23.88884,37.7744],[23.8816,37.79108],[23.86557,37.80768],[23.8475,37.8181],[23.83351,37.81598],[23.82211,37.82416],[23.81918,37.82966],[23.813,37.82966],[23.8073,37.80858],[23.79721,37.8085],[23.78663,37.81216],[23.77898,37.80231],[23.77662,37.81428],[23.77361,37.81688],[23.7645,37.81598],[23.77084,37.82832],[23.76645,37.83893],[23.7448,37.85761],[23.7422,37.87665],[23.70053,37.9252],[23.69703,37.93952],[23.68019,37.94587],[23.66334,37.94294],[23.64601,37.93667],[23.6281,37.93268],[23.6281,37.93952],[23.63771,37.94294],[23.6408,37.94579],[23.64177,37.95254],[23.62664,37.9475],[23.61801,37.95327],[23.61036,37.96214],[23.59767,37.96686],[23.57106,37.96869],[23.5608,37.97281],[23.55299,37.98045],[23.58888,38.00633],[23.59791,38.02114],[23.59059,38.0388],[23.58131,38.04629],[23.57456,38.04678],[23.55983,38.04255],[23.52182,38.04255],[23.51149,38.04043],[23.49985,38.03099],[23.49464,38.02888],[23.47088,38.02778],[23.44996,38.02143],[23.41188,37.99437],[23.39527,37.98794],[23.42945,37.98045],[23.40895,37.97431],[23.32984,37.98045],[23.22682,37.97362],[23.18922,37.95881],[23.14234,37.93008],[23.09409,37.91104],[23.05201,37.92524],[23.04274,37.92194],[23.01515,37.92524],[23.01149,37.91999],[23.01027,37.89696],[23.00147,37.89175],[22.99513,37.88215],[22.99952,37.8627],[23.01254,37.84756],[23.03224,37.85077],[23.04965,37.84357],[23.0735,37.84113],[23.09718,37.84357],[23.11411,37.85077],[23.14625,37.82583],[23.16383,37.81525],[23.18238,37.80915],[23.17799,37.7993],[23.17644,37.78998],[23.17799,37.78156],[23.18238,37.7744],[23.16871,37.77237],[23.1504,37.76337],[23.12818,37.76048],[23.12501,37.75727],[23.12094,37.74091],[23.14584,37.72582],[23.15935,37.72077],[23.17555,37.71979],[23.16627,37.69701],[23.16383,37.68159],[23.16725,37.66645],[23.17555,37.64468],[23.16188,37.64468],[23.16456,37.62303],[23.16863,37.61416],[23.19011,37.60733],[23.23024,37.58259],[23.23764,37.59003],[23.27467,37.56123],[23.29225,37.55589],[23.31235,37.54255],[23.32301,37.53742],[23.33668,37.53547],[23.36036,37.54767],[23.35914,37.57429],[23.34059,37.60029],[23.31218,37.61054],[23.31218,37.61738],[23.32911,37.62824],[23.34783,37.63443],[23.39869,37.63788],[23.40903,37.62592],[23.40431,37.59927],[23.3908,37.57136],[23.37428,37.55589],[23.38429,37.54743],[23.39503,37.54141],[23.4074,37.5375],[23.42205,37.53547],[23.42205,37.52802],[23.39527,37.5218],[23.39527,37.51496],[23.40211,37.51496],[23.41065,37.51191],[23.43629,37.50812],[23.45883,37.49616],[23.47918,37.49067],[23.52565,37.4597],[23.51889,37.45303],[23.52565,37.44603],[23.52565,37.43919],[23.50538,37.43049],[23.44654,37.41462],[23.32325,37.40973],[23.30592,37.41193],[23.31218,37.39826],[23.27605,37.40225],[23.26271,37.40103],[23.26441,37.39082],[23.23024,37.38459],[23.22999,37.37494],[23.23707,37.37031],[23.24741,37.36945],[23.25758,37.37092],[23.25131,37.36351],[23.25131,37.35733],[23.25896,37.35639],[23.27801,37.34984],[23.26238,37.34398],[23.24399,37.34243],[23.20672,37.34369],[23.18605,37.34064],[23.18539,37.33218],[23.20362,37.30268],[23.18287,37.29926],[23.16863,37.29951],[23.14145,37.30952],[23.14145,37.31635],[23.16188,37.31635],[23.16188,37.32315],[23.15016,37.32575],[23.13624,37.32372],[23.12338,37.32477],[23.11411,37.33617],[23.13461,37.32933],[23.12973,37.33877],[23.12241,37.34569],[23.1006,37.35733],[23.09278,37.35077],[23.08277,37.35053],[23.07309,37.35521],[23.07008,37.3889],[23.0726,37.40111],[23.09498,37.38955],[23.10524,37.39692],[23.11256,37.41087],[23.11411,37.4256],[23.14145,37.41193],[23.14145,37.41816],[23.13657,37.42731],[23.13461,37.44261],[23.13201,37.44864],[23.11793,37.45283],[23.09718,37.46223],[23.06202,37.45498],[23.04591,37.4597],[23.05942,37.46654],[23.04591,37.48701],[23.02101,37.47529],[23.01124,37.46906],[23.00489,37.4597],[22.9909,37.49575],[22.98072,37.50877],[22.96388,37.5218],[22.94288,37.5218],[22.93914,37.52497],[22.93605,37.53547],[22.92156,37.54035],[22.90187,37.54165],[22.91432,37.5388],[22.91847,37.53559],[22.92237,37.52802],[22.90235,37.53486],[22.88502,37.53315],[22.8694,37.52562],[22.85402,37.51496],[22.84718,37.52098],[22.81935,37.53547],[22.82618,37.54906],[22.81349,37.55341],[22.80201,37.56086],[22.79591,37.56916],[22.79884,37.5764],[22.78834,37.58877],[22.77833,37.59687],[22.75652,37.58967],[22.73845,37.58088],[22.72641,37.56635],[22.72315,37.54165],[22.72535,37.53657],[22.73463,37.52456],[22.73666,37.51838],[22.73072,37.50023],[22.73048,37.49445],[22.73471,37.48334],[22.75034,37.46654],[22.75147,37.46162],[22.75034,37.44261],[22.76482,37.43179],[22.76417,37.42154],[22.75734,37.40827],[22.75799,37.39826],[22.81039,37.34837],[22.81935,37.34369],[22.81251,37.32933],[22.82618,37.32933],[22.82618,37.32315],[22.81935,37.32315],[22.81935,37.31635],[22.82984,37.3083],[22.85377,37.27387],[22.86085,37.25568],[22.89503,37.20649],[22.90659,37.19391],[22.91163,37.18342],[22.9004,37.17292],[22.89723,37.15986],[22.89503,37.13386],[22.90317,37.12128],[22.92205,37.11799],[22.94272,37.1201],[22.95639,37.12397],[22.95704,37.11933],[22.96388,37.1103],[22.9568,37.10676],[22.96388,37.10342],[22.95639,37.09593],[22.97348,37.09097],[22.9817,37.08271],[22.97918,37.07783],[22.96388,37.08295],[22.97291,37.06513],[22.99985,37.03327],[22.99806,37.02147],[23.00611,37.00458],[23.01173,36.98676],[22.99073,36.98676],[23.00489,36.96686],[23.00758,36.97085],[23.01173,36.97309],[23.01637,36.95527],[23.01531,36.94709],[23.01173,36.93891],[23.02174,36.92573],[23.04168,36.88544],[23.049,36.8769],[23.04591,36.86909],[23.05926,36.85151],[23.08676,36.82909],[23.09327,36.81826],[23.09555,36.80703],[23.09181,36.79833],[23.08058,36.79499],[23.08058,36.78876],[23.09881,36.78693],[23.11411,36.78132],[23.10987,36.77367],[23.0984,36.76667],[23.09441,36.76081],[23.09295,36.75519],[23.09441,36.74372],[23.08863,36.7329],[23.07586,36.73383],[23.0617,36.74055],[23.05201,36.74714],[23.04347,36.73603],[23.03093,36.72557],[23.02565,36.71564],[23.03907,36.7062],[23.03224,36.69257],[23.05942,36.69257],[23.03443,36.67487],[23.03565,36.64908],[23.05047,36.62246],[23.07016,36.59699],[23.08058,36.57929],[23.08481,36.57616],[23.10467,36.56932],[23.11598,36.56224],[23.13461,36.55537],[23.14536,36.54194],[23.15504,36.54108],[23.14145,36.53425],[23.14145,36.52802],[23.14747,36.52237],[23.1482,36.51716],[23.14389,36.51227],[23.13461,36.50755],[23.15187,36.48729],[23.18181,36.47232],[23.20362,36.45612],[23.19606,36.43252],[23.16188,36.44619],[23.15187,36.43561],[23.13933,36.43407],[23.09474,36.44318],[23.0857,36.4536],[23.07838,36.46528],[23.06625,36.47346],[23.06625,36.47964],[23.07211,36.49311],[23.06511,36.5091],[23.05104,36.52245],[23.03565,36.52802],[22.99269,36.52033],[22.97242,36.52021],[22.96388,36.53115],[22.95924,36.54743],[22.93678,36.58617],[22.92921,36.59634],[22.91782,36.60517],[22.87468,36.63052],[22.88893,36.64248],[22.88429,36.65424],[22.84254,36.685],[22.83717,36.68651],[22.83318,36.6789],[22.81935,36.66523],[22.81495,36.67056],[22.81373,36.67939],[22.81935,36.70279],[22.81715,36.71796],[22.80787,36.73957],[22.80079,36.77578],[22.78688,36.79344],[22.76515,36.80418],[22.73666,36.80858],[22.68556,36.80947],[22.62257,36.80345],[22.5774,36.78303],[22.57911,36.74038],[22.54615,36.72142],[22.53346,36.70722],[22.52508,36.68513],[22.54029,36.68521],[22.54981,36.67829],[22.55372,36.6662],[22.5525,36.65095],[22.54566,36.65095],[22.54005,36.66527],[22.53386,36.67056],[22.52508,36.67145],[22.51677,36.66616],[22.5114,36.65689],[22.51002,36.64802],[22.53102,36.6328],[22.52605,36.61237],[22.51271,36.60277],[22.50465,36.62425],[22.49,36.61701],[22.48406,36.60663],[22.48357,36.54792],[22.48658,36.52509],[22.49269,36.50629],[22.51149,36.46662],[22.50734,36.46109],[22.51149,36.45234],[22.4983,36.44526],[22.49391,36.43476],[22.49676,36.42276],[22.50465,36.41136],[22.50465,36.40453],[22.49545,36.40534],[22.49301,36.40249],[22.49098,36.39094],[22.47975,36.40205],[22.47633,36.41926],[22.47511,36.43757],[22.4699,36.45234],[22.45533,36.46223],[22.42042,36.47354],[22.40838,36.48713],[22.40162,36.48713],[22.39137,36.4785],[22.38136,36.48045],[22.36402,36.49702],[22.3545,36.51191],[22.35532,36.52293],[22.36744,36.54792],[22.38356,36.54418],[22.38819,36.55606],[22.38404,36.5725],[22.37371,36.58271],[22.37867,36.58759],[22.38795,36.60252],[22.36744,36.60252],[22.36931,36.61538],[22.36793,36.63085],[22.37135,36.64273],[22.38795,36.64411],[22.38795,36.65095],[22.36842,36.65648],[22.37062,36.67357],[22.38795,36.7062],[22.35857,36.70209],[22.33937,36.72647],[22.32374,36.75788],[22.30543,36.77509],[22.30698,36.79458],[22.29168,36.82014],[22.22153,36.89753],[22.20021,36.9064],[22.17506,36.89118],[22.14869,36.90717],[22.13787,36.91714],[22.13347,36.93212],[22.13575,36.93163],[22.14064,36.93716],[22.14536,36.94611],[22.14772,36.95604],[22.14877,36.96743],[22.15358,36.98688],[22.15512,37.01411],[22.15317,37.02119],[22.08562,37.03339],[22.04811,37.03514],[22.03004,37.03095],[21.9922,37.01211],[21.9546,37.00365],[21.94313,36.99331],[21.93735,36.97997],[21.92726,36.88447],[21.92221,36.8723],[21.92172,36.86323],[21.92595,36.85171],[21.93214,36.843],[21.93491,36.83422],[21.92856,36.82225],[21.94565,36.80903],[21.95623,36.80345],[21.97022,36.80174],[21.97022,36.79499],[21.9568,36.79413],[21.94508,36.78994],[21.93881,36.78319],[21.94223,36.77509],[21.93588,36.76602],[21.88258,36.72655],[21.87403,36.72671],[21.85678,36.75507],[21.85353,36.75739],[21.82277,36.80858],[21.80486,36.8076],[21.78972,36.80476],[21.76417,36.79499],[21.75229,36.805],[21.72877,36.81265],[21.7225,36.82225],[21.71632,36.82225],[21.70737,36.81802],[21.70191,36.82563],[21.69663,36.83845],[21.68849,36.84956],[21.69239,36.85904],[21.68849,36.89118],[21.69158,36.90029],[21.70476,36.91714],[21.70948,36.92593],[21.70997,36.94269],[21.70265,36.95726],[21.68816,36.96455],[21.66798,36.95942],[21.67742,36.96328],[21.68043,36.96646],[21.68165,36.97309],[21.6727,36.97358],[21.66774,36.97093],[21.66179,36.95942],[21.6548,36.9947],[21.62924,37.0209],[21.59929,37.04572],[21.57862,37.07673],[21.56967,37.1162],[21.56756,37.15632],[21.57439,37.19237],[21.59213,37.22016],[21.65496,37.26073],[21.6823,37.28392],[21.69581,37.31635],[21.69142,37.35663],[21.67481,37.39598],[21.60711,37.4995],[21.56902,37.54536],[21.54998,37.56147],[21.46363,37.61026],[21.44304,37.6186],[21.43181,37.62763],[21.41236,37.64802],[21.40219,37.65542],[21.34327,37.66934],[21.32374,37.66494],[21.31853,37.63788],[21.31227,37.63788],[21.30828,37.66625],[21.29868,37.67259],[21.31105,37.6931],[21.31471,37.70954],[21.31186,37.7263],[21.29526,37.77167],[21.28492,37.7851],[21.27101,37.7934],[21.22731,37.81192],[21.12208,37.83739],[21.11305,37.84333],[21.10759,37.85545],[21.11158,37.87043],[21.10621,37.87808],[21.13356,37.94636],[21.14039,37.94636],[21.1644,37.92963],[21.20777,37.94603],[21.25164,37.97622],[21.27752,38.00096],[21.29152,37.99722],[21.30348,38.00332],[21.32594,38.02143],[21.32594,38.02888],[21.31853,38.0351],[21.29908,38.02652],[21.28435,38.01529],[21.32936,38.06989],[21.33131,38.0764],[21.36704,38.12108],[21.37143,38.1315],[21.37371,38.14448],[21.37574,38.20429],[21.37428,38.22065],[21.38494,38.21113],[21.39829,38.19294],[21.40854,38.18594],[21.40528,38.20746],[21.40089,38.21479],[21.4061,38.2084],[21.42066,38.20234],[21.45973,38.20018],[21.47397,38.19603],[21.52394,38.166],[21.60304,38.1518],[21.62233,38.15477],[21.64234,38.1621],[21.67481,38.17967],[21.70134,38.20527],[21.74155,38.26972],[21.76417,38.2958],[21.84051,38.33364],[21.84946,38.3413],[21.91554,38.33051],[21.93702,38.33063],[21.94654,38.33234],[21.9559,38.33674],[21.97804,38.32355],[21.99252,38.31875],[22.00782,38.31688],[22.02036,38.31322],[22.02662,38.30435],[22.03077,38.29295],[22.03785,38.28213],[22.04884,38.27481],[22.07862,38.26341],[22.08937,38.26166],[22.11362,38.26781],[22.12892,38.25629],[22.13722,38.25422],[22.14332,38.24909],[22.15406,38.22346],[22.16139,38.2132],[22.16969,38.2097],[22.20606,38.20018],[22.21852,38.18818],[22.22657,38.18594],[22.25758,38.18594],[22.30079,38.17748],[22.31284,38.17227],[22.33123,38.1789],[22.34685,38.1708],[22.36345,38.15827],[22.39422,38.14842],[22.40431,38.14191],[22.41481,38.13788],[22.43279,38.14326],[22.51149,38.1293],[22.62062,38.08348],[22.68043,38.0666],[22.68897,38.05927],[22.6985,38.05671],[22.77833,38.00096],[22.7964,37.97679],[22.80226,37.97362],[22.8213,37.96918],[22.85239,37.9475],[22.8672,37.93952],[22.88266,37.93757],[22.8982,37.93977],[22.92237,37.94636],[22.9463,37.94623],[22.95297,37.94941],[22.97315,37.97362],[22.97535,37.97899],[22.96551,37.99071],[22.95094,38.00243],[22.93946,38.00776],[22.92384,38.01179],[22.89918,38.02778],[22.88087,38.02888],[22.88746,38.03364],[22.85402,38.0351],[22.8755,38.0493],[22.88543,38.05427],[22.91163,38.06013],[22.93377,38.07827],[22.94288,38.08348],[22.96974,38.08198],[23.01905,38.06525],[23.03907,38.06989],[23.06861,38.05891],[23.10092,38.0624],[23.17286,38.0795],[23.18971,38.09439],[23.20672,38.09781],[23.21664,38.10334],[23.2103,38.11538],[23.19418,38.12694],[23.17555,38.13129],[23.17555,38.14496],[23.2234,38.1518],[23.2234,38.15925],[23.14405,38.16743],[23.12843,38.17227],[23.14894,38.18594],[23.12273,38.20808],[23.10963,38.21011],[23.07748,38.18578],[23.06666,38.18317],[23.03224,38.18594],[23.03224,38.19278],[23.05201,38.19278],[23.03883,38.20832],[23.02508,38.21662],[23.01043,38.22004],[22.95191,38.22529],[22.93377,38.22207],[22.92237,38.20702],[22.93588,38.2106],[22.95053,38.20978],[22.96306,38.20405],[22.96949,38.19278],[22.95232,38.1931],[22.92254,38.19745],[22.9087,38.19278],[22.89503,38.24116],[22.88819,38.24116],[22.88087,38.22695],[22.87468,38.24116],[22.85646,38.2364],[22.82,38.23298],[22.80568,38.22695],[22.76482,38.24799],[22.7732,38.25829],[22.79127,38.27045],[22.79884,38.28213],[22.78028,38.28856],[22.74236,38.29707],[22.71941,38.31029],[22.69646,38.31688],[22.6753,38.34357],[22.68442,38.36107],[22.67018,38.38154],[22.6465,38.38996],[22.6268,38.37153],[22.64487,38.36962],[22.64617,38.3618],[22.63673,38.35627],[22.61231,38.36384],[22.60092,38.35566],[22.58717,38.33674],[22.58717,38.33051],[22.59913,38.32461],[22.60646,38.32306],[22.60646,38.31688],[22.59913,38.31281],[22.59815,38.31074],[22.60027,38.30264],[22.58863,38.29304],[22.57643,38.29019],[22.56251,38.29352],[22.54566,38.30264],[22.54526,38.30557],[22.53395,38.32266],[22.53199,38.32306],[22.52622,38.33173],[22.52833,38.33393],[22.53883,38.33674],[22.52516,38.35883],[22.47731,38.40567],[22.46843,38.42113],[22.46306,38.42609],[22.44825,38.43049],[22.40162,38.45344],[22.40838,38.4156],[22.38111,38.39883],[22.37371,38.39203],[22.386,38.38019],[22.38998,38.38052],[22.39479,38.38516],[22.39861,38.37592],[22.39625,38.36835],[22.38982,38.36225],[22.38111,38.35786],[22.38795,38.35102],[22.38234,38.34268],[22.36752,38.34186],[22.3484,38.34736],[22.32252,38.35102],[22.28492,38.34732],[22.27931,38.3531],[22.26645,38.35855],[22.25261,38.36099],[22.24334,38.35786],[22.22486,38.36005],[22.20932,38.35293],[22.19597,38.33955],[22.18922,38.32306],[22.18092,38.32998],[22.1753,38.34333],[22.16879,38.35102],[22.15952,38.35395],[22.15073,38.35277],[22.14576,38.35399],[22.14772,38.36408],[22.13258,38.37275],[22.10076,38.38032],[22.04908,38.39851],[22.02955,38.39924],[22.01124,38.39203],[21.98764,38.41059],[21.95786,38.41169],[21.92897,38.4029],[21.88852,38.37979],[21.87924,38.378],[21.86411,38.37767],[21.85613,38.38093],[21.8462,38.39533],[21.84051,38.39887],[21.83123,38.39667],[21.78224,38.36367],[21.77459,38.35261],[21.77166,38.33364],[21.76254,38.32836],[21.74301,38.33784],[21.71632,38.35786],[21.65797,38.35786],[21.64161,38.35444],[21.62713,38.34813],[21.61354,38.34496],[21.59962,38.35102],[21.53541,38.31395],[21.52394,38.2958],[21.51775,38.2958],[21.50847,38.30223],[21.47609,38.30606],[21.46925,38.31293],[21.4284,38.33051],[21.44532,38.33405],[21.46119,38.32697],[21.47609,38.31635],[21.48976,38.30947],[21.48976,38.31688],[21.48268,38.32461],[21.48373,38.32905],[21.48976,38.33674],[21.47609,38.34357],[21.47609,38.35102],[21.48976,38.35786],[21.46998,38.35786],[21.47609,38.37153],[21.45851,38.36636],[21.45045,38.36742],[21.44264,38.37153],[21.43686,38.36766],[21.42213,38.36408],[21.42848,38.38373],[21.41627,38.39411],[21.39584,38.39814],[21.37745,38.39887],[21.36988,38.40819],[21.36012,38.46772],[21.33904,38.48754],[21.32252,38.49628],[21.3086,38.49437],[21.31202,38.48656],[21.35328,38.43293],[21.33904,38.43293],[21.34116,38.42927],[21.34645,38.42609],[21.3366,38.3957],[21.32936,38.39203],[21.3191,38.3902],[21.29119,38.37767],[21.29363,38.37368],[21.29868,38.37153],[21.29119,38.36408],[21.27768,38.37092],[21.26954,38.36787],[21.26637,38.3614],[21.26759,38.35786],[21.27223,38.35444],[21.2649,38.34691],[21.23927,38.33112],[21.23243,38.32941],[21.21266,38.33051],[21.2046,38.33417],[21.19711,38.34016],[21.18963,38.34138],[21.18133,38.33051],[21.19256,38.32412],[21.19996,38.32306],[21.18287,38.31916],[21.17506,38.3133],[21.17449,38.30264],[21.15561,38.3039],[21.14861,38.31403],[21.14584,38.32705],[21.14039,38.33674],[21.12843,38.34016],[21.09791,38.34072],[21.08522,38.34357],[21.10572,38.35297],[21.10939,38.36042],[21.10621,38.37153],[21.09254,38.36408],[21.10133,38.37971],[21.10621,38.38516],[21.10328,38.37816],[21.11354,38.37393],[21.12501,38.37995],[21.13364,38.38866],[21.14039,38.39887],[21.12241,38.41035],[21.11476,38.40961],[21.10621,38.39887],[21.09474,38.40298],[21.08676,38.41047],[21.0818,38.42072],[21.07895,38.43293],[21.08302,38.43505],[21.08522,38.44038],[21.09522,38.43024],[21.10678,38.42544],[21.11622,38.42805],[21.11988,38.44038],[21.10621,38.43293],[21.11085,38.44611],[21.10141,38.46475],[21.10621,38.47394],[21.10621,38.48139],[21.09669,38.48143],[21.07895,38.48754],[21.09262,38.4936],[21.09938,38.49437],[21.08522,38.50186],[21.09474,38.51789],[21.09742,38.52595],[21.09596,38.53193],[21.08668,38.53644],[21.07887,38.53242],[21.07106,38.52582],[21.06178,38.52237],[21.04721,38.51138],[21.03582,38.5069],[21.03053,38.51142],[21.02833,38.52058],[21.01905,38.53498],[21.01686,38.54588],[21.02459,38.58674],[21.02467,38.60847],[21.00367,38.62645],[20.98813,38.66401],[20.97902,38.67255],[20.94011,38.67292],[20.92661,38.67674],[20.9144,38.68623],[20.9074,38.69855],[20.88315,38.77936],[20.87338,38.79532],[20.85987,38.80353],[20.84522,38.79963],[20.83058,38.78779],[20.81137,38.76252],[20.80405,38.77338],[20.79811,38.77155],[20.79184,38.76655],[20.78403,38.76813],[20.77329,38.76093],[20.7693,38.76504],[20.76743,38.77412],[20.76368,38.78172],[20.72934,38.80353],[20.72934,38.80976],[20.73699,38.82258],[20.74147,38.84089],[20.74936,38.85724],[20.76734,38.86433],[20.8003,38.86457],[20.80519,38.86774],[20.80193,38.87409],[20.7942,38.87979],[20.7645,38.89179],[20.75603,38.90689],[20.75408,38.92495],[20.7575,38.94009],[20.76979,38.95897],[20.77516,38.95161],[20.78159,38.935],[20.7977,38.92642],[20.81707,38.92137],[20.83595,38.9289],[20.84978,38.94367],[20.85987,38.96052],[20.86671,38.96052],[20.8711,38.94725],[20.87013,38.94343],[20.86671,38.94009],[20.87159,38.93635],[20.87224,38.93281],[20.86671,38.92642],[20.88697,38.92617],[20.90382,38.92805],[20.91578,38.9361],[20.92066,38.95433],[20.9275,38.95433],[20.93718,38.94404],[20.94728,38.94359],[20.95948,38.94672],[20.97535,38.94685],[21.00945,38.93423],[21.02735,38.9326],[21.02996,38.92621],[21.0267,38.91218],[21.02556,38.89802],[21.03395,38.89167],[21.04754,38.88898],[21.0608,38.88223],[21.08522,38.86433],[21.08644,38.87336],[21.08888,38.87848],[21.09938,38.88544],[21.09938,38.89167],[21.09164,38.90453],[21.10231,38.91083],[21.12086,38.91022],[21.13697,38.90253],[21.16041,38.88068],[21.16082,38.878],[21.17262,38.87352],[21.17742,38.87604],[21.18133,38.88544],[21.17311,38.89118],[21.16969,38.89582],[21.16684,38.91087],[21.15886,38.91083],[21.15455,38.9134],[21.14186,38.93081],[21.14015,38.94131],[21.14723,38.95433],[21.14194,38.96239],[21.14503,38.97138],[21.1526,38.97671],[21.16082,38.97419],[21.15992,38.99775],[21.13559,39.02338],[21.08522,39.06293],[21.07814,39.05654],[21.07439,39.05004],[21.07447,39.04336],[21.07895,39.03628],[21.06528,39.04051],[21.05519,39.0375],[21.03736,39.02196],[21.05836,39.00898],[21.00318,39.01512],[21.00318,39.02196],[20.9909,39.02424],[20.96567,39.03937],[20.95379,39.03417],[20.94418,39.03856],[20.93751,39.04767],[20.93483,39.05671],[20.93678,39.05671],[20.93979,39.06102],[20.9485,39.06293],[20.9485,39.06977],[20.94109,39.06977],[20.93141,39.06477],[20.92018,39.06452],[20.90943,39.06867],[20.90138,39.07722],[20.89389,39.07722],[20.88819,39.06721],[20.87037,39.05931],[20.86671,39.05305],[20.87094,39.04312],[20.88201,39.0412],[20.88649,39.03644],[20.8449,39.03693],[20.85987,39.04247],[20.85776,39.05891],[20.85499,39.0655],[20.8462,39.06293],[20.8449,39.07087],[20.84653,39.07209],[20.8462,39.07722],[20.83766,39.07832],[20.83237,39.07689],[20.82569,39.06977],[20.83806,39.09174],[20.83416,39.10847],[20.82244,39.11449],[20.81137,39.10456],[20.80519,39.1114],[20.80128,39.10419],[20.79542,39.09862],[20.77719,39.09089],[20.77719,39.08344],[20.79184,39.0808],[20.78793,39.07245],[20.78761,39.06102],[20.78403,39.04926],[20.7767,39.04194],[20.76157,39.03242],[20.7575,39.02196],[20.74318,39.02949],[20.74537,39.01472],[20.7575,39.01512],[20.80388,38.9853],[20.8235,38.97785],[20.8296,38.97077],[20.8318,38.96369],[20.82879,38.96052],[20.82008,38.96223],[20.80209,38.97065],[20.77272,38.97826],[20.76637,38.97761],[20.7575,38.97419],[20.75701,38.96979],[20.74692,38.95795],[20.73512,38.9501],[20.72934,38.95746],[20.72633,38.96678],[20.71217,38.97907],[20.709,38.98444],[20.70786,38.99038],[20.70216,38.99836],[20.70436,39.00495],[20.71388,39.01191],[20.71583,39.01512],[20.70574,39.04857],[20.68653,39.07245],[20.66,39.08999],[20.6277,39.10456],[20.59588,39.12385],[20.51783,39.20075],[20.48829,39.21662],[20.47885,39.22516],[20.48243,39.23428],[20.47739,39.24339],[20.47511,39.25507],[20.47641,39.26659],[20.48243,39.27521],[20.48243,39.28266],[20.47039,39.27847],[20.46022,39.27729],[20.45281,39.28046],[20.44825,39.2895],[20.43344,39.28286],[20.4192,39.28335],[20.40577,39.2888],[20.39356,39.29694],[20.36557,39.28766],[20.32488,39.30378],[20.29282,39.33344],[20.2907,39.36465],[20.27719,39.3747],[20.2697,39.38736],[20.25896,39.39728],[20.23601,39.39936],[20.23601,39.40619],[20.24285,39.40619],[20.24285,39.41242],[20.23471,39.42036],[20.22364,39.43586],[20.21559,39.44033],[20.23276,39.44465],[20.25359,39.44416],[20.26734,39.44693],[20.26393,39.46076],[20.25424,39.46882],[20.21559,39.48871],[20.21559,39.49494],[20.23292,39.49421],[20.24537,39.49164],[20.25506,39.49238],[20.26393,39.50178],[20.26393,39.50861],[20.25359,39.51423],[20.23601,39.52082],[20.22202,39.52131],[20.22242,39.50861],[20.21363,39.51496],[20.20216,39.52041],[20.19068,39.52167],[20.20191,39.52973],[20.18312,39.53327],[20.16578,39.53473],[20.14959,39.53364],[20.13356,39.52973],[20.14129,39.53783],[20.14552,39.54707],[20.14715,39.55781],[20.14666,39.5707],[20.15406,39.56391],[20.1609,39.56436],[20.17457,39.57685],[20.17457,39.59797],[20.18824,39.60419],[20.18181,39.62446],[20.16521,39.63361],[20.1482,39.63752],[20.12135,39.65681],[20.10483,39.66108],[20.09653,39.66596],[20.08888,39.67308],[20.04461,39.68089],[20.02166,39.68769],[20.01002,39.69355],[19.99985,39.69351]]],[[[24.0464,34.84907],[24.0464,34.85529],[24.05787,34.85541],[24.0669,34.85847],[24.08058,34.86896],[24.09311,34.86953],[24.10515,34.86807],[24.12843,34.86274],[24.12843,34.85529],[24.12233,34.8465],[24.12143,34.83613],[24.12574,34.82689],[24.13527,34.82176],[24.13527,34.81501],[24.10857,34.81656],[24.08611,34.82632],[24.0464,34.84907]]],[[[26.8484,35.37238],[26.8519,35.37669],[26.86166,35.38093],[26.8794,35.39973],[26.89015,35.40717],[26.89674,35.42133],[26.90024,35.42451],[26.90854,35.42325],[26.91977,35.41828],[26.92457,35.41767],[26.9607,35.42959],[27.01197,35.43769],[27.01336,35.43134],[26.99968,35.42451],[27.00709,35.404],[27.00709,35.39777],[26.99236,35.3972],[26.96795,35.39338],[26.95875,35.39033],[26.92775,35.37189],[26.91472,35.36986],[26.90577,35.36664],[26.88836,35.35269],[26.87672,35.34935],[26.86427,35.35358],[26.85377,35.36298],[26.8484,35.37238]]],[[[23.51824,35.29413],[23.52565,35.30097],[23.5193,35.30174],[23.51824,35.30777],[23.53289,35.31403],[23.54615,35.31525],[23.54819,35.32148],[23.55299,35.32148],[23.54184,35.33637],[23.54078,35.34516],[23.54615,35.35619],[23.53859,35.37409],[23.54933,35.39692],[23.5652,35.41909],[23.5735,35.43476],[23.57146,35.44111],[23.56666,35.44745],[23.56202,35.45173],[23.55983,35.45181],[23.56088,35.4584],[23.57097,35.48371],[23.57765,35.49291],[23.57846,35.50056],[23.56609,35.50702],[23.56609,35.51325],[23.5726,35.52045],[23.56609,35.52749],[23.58123,35.55268],[23.58448,35.56452],[23.58033,35.57591],[23.60043,35.6031],[23.60475,35.61262],[23.60768,35.59248],[23.60816,35.5517],[23.61443,35.53437],[23.61988,35.52408],[23.62371,35.52147],[23.6395,35.51899],[23.6395,35.51056],[23.64177,35.50702],[23.65943,35.50121],[23.68336,35.49958],[23.70297,35.50288],[23.71843,35.51284],[23.72788,35.52985],[23.73048,35.55418],[23.72486,35.57364],[23.71608,35.59195],[23.71274,35.607],[23.72364,35.61689],[23.71388,35.63483],[23.71119,35.64887],[23.71583,35.66153],[23.72706,35.67495],[23.74155,35.68696],[23.75001,35.68659],[23.75978,35.67943],[23.77898,35.67154],[23.77898,35.66405],[23.76783,35.65388],[23.76808,35.64106],[23.77898,35.60944],[23.77768,35.58373],[23.77898,35.57591],[23.79949,35.54462],[23.81715,35.53482],[23.90138,35.52717],[23.92905,35.5207],[23.94418,35.52497],[24.0005,35.51992],[24.0254,35.5207],[24.04469,35.52766],[24.05095,35.53437],[24.05323,35.54462],[24.05763,35.55292],[24.06837,35.55549],[24.09409,35.55418],[24.0818,35.58991],[24.11525,35.6013],[24.16041,35.59707],[24.18295,35.5856],[24.2033,35.54181],[24.20053,35.53437],[24.19581,35.53156],[24.18775,35.51805],[24.18295,35.51325],[24.16375,35.50776],[24.14259,35.50702],[24.10353,35.51398],[24.08123,35.51496],[24.0669,35.50702],[24.07195,35.49836],[24.08904,35.4892],[24.10776,35.482],[24.13722,35.47484],[24.17018,35.45604],[24.1867,35.45181],[24.20436,35.45441],[24.2225,35.46117],[24.25245,35.47907],[24.26401,35.43317],[24.26547,35.41425],[24.26344,35.37848],[24.26547,35.36986],[24.27312,35.36489],[24.29347,35.36376],[24.30299,35.35932],[24.3401,35.34833],[24.42807,35.3697],[24.46412,35.36245],[24.48536,35.37214],[24.56666,35.38418],[24.5936,35.39118],[24.65593,35.41767],[24.67693,35.42349],[24.6985,35.42683],[24.72096,35.42723],[24.82016,35.41303],[24.84083,35.404],[24.85035,35.40973],[24.8672,35.41649],[24.89552,35.42451],[24.95753,35.404],[24.96957,35.41576],[24.9712,35.42451],[25.01873,35.41502],[25.02963,35.40327],[25.04737,35.4055],[25.05323,35.404],[25.05454,35.39741],[25.04868,35.38666],[25.04705,35.38044],[25.05535,35.35521],[25.077,35.34447],[25.10678,35.34248],[25.15317,35.34471],[25.18165,35.35008],[25.19711,35.34935],[25.21209,35.33779],[25.22136,35.33568],[25.2518,35.33568],[25.30698,35.34317],[25.33172,35.33686],[25.34636,35.33609],[25.36166,35.34317],[25.3685,35.33568],[25.37599,35.34317],[25.39422,35.3288],[25.40805,35.31269],[25.4253,35.29955],[25.45362,35.29413],[25.48194,35.29743],[25.63884,35.34589],[25.65992,35.34935],[25.6714,35.34723],[25.69256,35.33784],[25.70777,35.33568],[25.76637,35.33568],[25.75913,35.32209],[25.74773,35.31061],[25.72478,35.29413],[25.73219,35.28791],[25.72609,35.27875],[25.72511,35.27082],[25.72926,35.26455],[25.73902,35.26],[25.7378,35.27741],[25.74285,35.28535],[25.75099,35.28413],[25.75896,35.27432],[25.75367,35.26748],[25.75367,35.26411],[25.75896,35.26],[25.75327,35.25259],[25.74464,35.25715],[25.73219,35.24632],[25.73512,35.23749],[25.72682,35.22626],[25.71949,35.21137],[25.72478,35.19111],[25.71274,35.18285],[25.71412,35.17398],[25.72071,35.16429],[25.72478,35.15355],[25.72853,35.13337],[25.73878,35.13101],[25.75318,35.13312],[25.76979,35.12653],[25.78289,35.11799],[25.79526,35.11514],[25.81764,35.11595],[25.83033,35.12238],[25.84767,35.15058],[25.85914,35.15697],[25.8733,35.15868],[25.88307,35.16445],[25.89666,35.18488],[25.90854,35.1874],[25.94117,35.18915],[25.97853,35.19546],[26.01661,35.21455],[26.03321,35.22582],[26.04274,35.22777],[26.05502,35.22712],[26.06056,35.2333],[26.06739,35.2333],[26.08139,35.22358],[26.11964,35.21532],[26.10825,35.20539],[26.12973,35.19587],[26.15512,35.19794],[26.17945,35.20718],[26.19777,35.21906],[26.19264,35.22093],[26.19093,35.22582],[26.21843,35.24714],[26.2378,35.26879],[26.25953,35.28449],[26.29396,35.28791],[26.28647,35.30097],[26.30079,35.30097],[26.29396,35.31525],[26.32114,35.31525],[26.31235,35.29694],[26.29786,35.2849],[26.28102,35.27432],[26.26596,35.26],[26.28386,35.20824],[26.29949,35.18553],[26.32114,35.19794],[26.31178,35.18236],[26.29542,35.16633],[26.285,35.1507],[26.29396,35.13646],[26.28688,35.11823],[26.27752,35.10004],[26.25099,35.06306],[26.24098,35.03905],[26.23536,35.03408],[26.22381,35.03238],[26.20509,35.02351],[26.14723,35.00227],[26.13299,34.99934],[26.10524,34.99934],[26.08912,35.01553],[26.08172,35.01976],[26.05795,35.02289],[26.0381,35.02082],[26.02027,35.02094],[25.99318,35.03706],[25.98487,35.03913],[25.97674,35.03693],[25.96803,35.03067],[25.9603,35.02896],[25.92408,35.03408],[25.88152,35.02709],[25.80812,35.00576],[25.60125,35.01358],[25.5381,34.99702],[25.52272,34.98941],[25.5062,34.98457],[25.41521,34.99372],[25.34767,34.99152],[25.32846,34.98725],[25.30397,34.98477],[25.2798,34.9726],[25.22315,34.95417],[25.20769,34.95148],[25.15089,34.95571],[25.12892,34.95148],[25.12273,34.94819],[25.11451,34.94017],[25.10776,34.93789],[25.09742,34.93789],[25.0853,34.94331],[25.0774,34.94473],[25.05974,34.94359],[25.04493,34.94074],[25.01905,34.93163],[25.00318,34.93696],[24.98373,34.93871],[24.73854,34.93163],[24.73854,34.93789],[24.75172,34.94648],[24.75522,34.95791],[24.75213,34.99592],[24.75392,35.00804],[24.75994,35.02733],[24.75896,35.04149],[24.75587,35.05146],[24.75017,35.06513],[24.74285,35.07722],[24.72975,35.08466],[24.71811,35.09398],[24.70753,35.09614],[24.61899,35.0974],[24.59474,35.10151],[24.58025,35.1092],[24.57399,35.1092],[24.56463,35.10615],[24.5534,35.11457],[24.5324,35.13646],[24.51905,35.14444],[24.50074,35.15241],[24.48121,35.15591],[24.46412,35.15013],[24.40382,35.17504],[24.40211,35.19111],[24.29322,35.18228],[24.21778,35.19111],[24.20851,35.1988],[24.20395,35.20539],[24.19728,35.20515],[24.18295,35.19794],[24.11134,35.19794],[24.094,35.20466],[24.08465,35.20453],[24.08058,35.19452],[24.07643,35.19546],[24.04981,35.19111],[24.03142,35.1977],[24.00327,35.22671],[23.98764,35.2333],[23.90187,35.23119],[23.8602,35.23631],[23.82667,35.25259],[23.81227,35.24478],[23.79949,35.24632],[23.78207,35.23469],[23.71168,35.23672],[23.68336,35.22582],[23.66912,35.23729],[23.61052,35.23493],[23.58717,35.23949],[23.58229,35.24518],[23.58448,35.2543],[23.58033,35.26],[23.57301,35.26341],[23.55942,35.26459],[23.55299,35.26683],[23.53102,35.28848],[23.51824,35.29413]]],[[[27.06788,35.58893],[27.06935,35.60224],[27.07667,35.61579],[27.0857,35.62629],[27.11541,35.64224],[27.12371,35.66779],[27.12794,35.69335],[27.15414,35.71796],[27.16179,35.74689],[27.16245,35.77729],[27.15675,35.79438],[27.15675,35.80121],[27.17107,35.80866],[27.17775,35.80866],[27.17775,35.80121],[27.18458,35.80121],[27.20509,35.82233],[27.21372,35.82803],[27.22096,35.82925],[27.2269,35.82709],[27.23243,35.82233],[27.22885,35.80899],[27.21502,35.79002],[27.21193,35.77733],[27.21193,35.7534],[27.21323,35.74478],[27.21852,35.73469],[27.21876,35.72614],[27.2129,35.71874],[27.18979,35.69741],[27.18035,35.67292],[27.16098,35.65131],[27.15675,35.63398],[27.1565,35.6188],[27.15854,35.61205],[27.18458,35.59577],[27.20875,35.56005],[27.22088,35.55101],[27.21648,35.54401],[27.20509,35.53437],[27.20379,35.52717],[27.23316,35.5041],[27.23731,35.49339],[27.23243,35.47223],[27.2068,35.47752],[27.18092,35.46894],[27.16163,35.4501],[27.15675,35.42451],[27.16082,35.43037],[27.16424,35.43207],[27.17107,35.43134],[27.16586,35.42333],[27.15805,35.4156],[27.14812,35.40888],[27.13624,35.404],[27.14308,35.4204],[27.13527,35.42621],[27.1211,35.42768],[27.1089,35.43134],[27.09978,35.4405],[27.09303,35.45185],[27.09425,35.46158],[27.1089,35.46605],[27.1089,35.47223],[27.10206,35.47223],[27.10206,35.47907],[27.11883,35.48265],[27.1198,35.49311],[27.1089,35.5207],[27.10963,35.5349],[27.11378,35.55097],[27.1089,35.56167],[27.07488,35.58023],[27.06788,35.58893]]],[[[23.27174,35.90424],[23.27605,35.90469],[23.27801,35.89745],[23.29591,35.88597],[23.31577,35.87954],[23.33074,35.86494],[23.33326,35.82917],[23.32643,35.82917],[23.32057,35.83853],[23.29566,35.85957],[23.28736,35.87055],[23.28093,35.88247],[23.27174,35.90424]]],[[[22.89967,36.32819],[22.90162,36.33832],[22.93263,36.38125],[22.94459,36.38939],[22.95639,36.38345],[22.99627,36.32416],[23.01173,36.3083],[23.07691,36.27074],[23.09441,36.25434],[23.10385,36.23721],[23.09783,36.23298],[23.08286,36.23249],[23.06625,36.22639],[23.05844,36.21646],[23.05445,36.20336],[23.05201,36.14484],[23.04689,36.14321],[23.03224,36.14448],[23.01441,36.14834],[23.00245,36.14663],[22.99073,36.13703],[22.98756,36.15156],[22.97722,36.15794],[22.94956,36.16498],[22.94842,36.16804],[22.95004,36.17626],[22.94614,36.17797],[22.92921,36.17797],[22.91456,36.20051],[22.9087,36.20596],[22.91733,36.26215],[22.91619,36.2851],[22.9087,36.3083],[22.89967,36.32819]]],[[[25.73024,36.38011],[25.73561,36.38345],[25.74952,36.38768],[25.76783,36.4016],[25.80299,36.38959],[25.83546,36.36616],[25.85515,36.36359],[25.84685,36.35029],[25.83806,36.35179],[25.82846,36.3592],[25.81764,36.36359],[25.80177,36.36123],[25.78981,36.35659],[25.77687,36.35383],[25.74334,36.35883],[25.73243,36.37303],[25.73024,36.38011]]],[[[27.68426,36.15815],[27.70069,36.1634],[27.73951,36.18545],[27.76336,36.19221],[27.77198,36.19782],[27.76743,36.20596],[27.77605,36.21162],[27.78045,36.23261],[27.80323,36.27021],[27.80787,36.27424],[27.83741,36.28099],[27.84946,36.29352],[27.88282,36.32148],[27.89031,36.33259],[27.89967,36.34016],[27.95924,36.35676],[28.07081,36.40534],[28.08579,36.41478],[28.11842,36.42768],[28.18393,36.42446],[28.21388,36.45547],[28.22242,36.456],[28.23113,36.44977],[28.23976,36.43867],[28.23976,36.43252],[28.22584,36.41795],[28.23634,36.37303],[28.21583,36.36359],[28.21119,36.35765],[28.20509,36.32266],[28.19744,36.31196],[28.17547,36.29043],[28.17091,36.27798],[28.16847,36.24982],[28.16342,36.2377],[28.15455,36.23261],[28.14845,36.22606],[28.13054,36.18545],[28.11004,36.18659],[28.10328,36.18545],[28.09522,36.16787],[28.08579,36.16498],[28.0617,36.11652],[28.07879,36.10741],[28.09645,36.1035],[28.08985,36.08828],[28.07594,36.07559],[28.08009,36.07136],[28.08961,36.05512],[28.03761,36.06843],[28.01694,36.069],[27.99342,36.06196],[27.94842,36.03901],[27.9323,36.02534],[27.89234,35.97191],[27.86354,35.94098],[27.8274,35.91376],[27.78045,35.89004],[27.73927,35.91315],[27.73268,35.91511],[27.73032,35.92178],[27.71225,35.9527],[27.72535,35.96719],[27.75408,36.03718],[27.76002,36.06196],[27.75709,36.08438],[27.74684,36.09618],[27.73316,36.10464],[27.70883,36.1271],[27.70729,36.13202],[27.71355,36.1398],[27.71225,36.14448],[27.70289,36.15046],[27.69093,36.14948],[27.68426,36.15815]]],[[[25.36166,36.35676],[25.37338,36.36164],[25.39698,36.36131],[25.40943,36.36359],[25.4192,36.37006],[25.42872,36.38544],[25.43678,36.39094],[25.43002,36.41714],[25.4253,36.42715],[25.41627,36.43252],[25.41627,36.43867],[25.42189,36.45112],[25.40707,36.45799],[25.3685,36.46662],[25.3685,36.47346],[25.38209,36.47964],[25.41798,36.4704],[25.4524,36.45026],[25.47918,36.42438],[25.49138,36.39769],[25.48927,36.37783],[25.47999,36.35786],[25.4651,36.34243],[25.44663,36.33633],[25.42644,36.33796],[25.37989,36.34894],[25.36166,36.35676]]],[[[27.29444,36.43553],[27.29518,36.45563],[27.30063,36.47346],[27.31023,36.45771],[27.32504,36.4619],[27.34156,36.47346],[27.35581,36.47964],[27.3685,36.4724],[27.38168,36.44416],[27.39682,36.43867],[27.38746,36.42084],[27.39959,36.41014],[27.42066,36.40864],[27.43849,36.41816],[27.44337,36.41206],[27.44467,36.40453],[27.43873,36.39448],[27.42823,36.3852],[27.41586,36.38032],[27.40431,36.38345],[27.39926,36.37873],[27.39015,36.38345],[27.37794,36.38202],[27.36476,36.39338],[27.35743,36.41022],[27.3628,36.42499],[27.34962,36.43122],[27.33815,36.42841],[27.32887,36.42056],[27.32179,36.41136],[27.31495,36.41136],[27.30934,36.42015],[27.29689,36.42756],[27.29444,36.43553]]],[[[26.26149,36.58763],[26.26645,36.59593],[26.28028,36.5895],[26.29477,36.59658],[26.31178,36.58808],[26.32846,36.57526],[26.34164,36.56904],[26.35084,36.57274],[26.36061,36.58649],[26.36598,36.5895],[26.39389,36.58568],[26.40382,36.5895],[26.39031,36.59544],[26.38494,36.6048],[26.38941,36.6162],[26.37867,36.61921],[26.36215,36.63052],[26.36215,36.63788],[26.39332,36.63654],[26.43051,36.61872],[26.45948,36.59667],[26.46599,36.58271],[26.45997,36.5777],[26.45493,36.57685],[26.45004,36.58055],[26.44467,36.5895],[26.4297,36.5786],[26.41586,36.5749],[26.38673,36.57587],[26.3733,36.57241],[26.36305,36.56367],[26.34864,36.54108],[26.34767,36.52802],[26.34946,36.51561],[26.34164,36.50935],[26.31772,36.50755],[26.30095,36.51325],[26.28224,36.53986],[26.26596,36.54792],[26.26979,36.55777],[26.27345,36.56159],[26.26433,36.57331],[26.26149,36.58763]]],[[[27.76002,36.57587],[27.76686,36.58519],[27.78696,36.60627],[27.78785,36.61685],[27.79249,36.61717],[27.80152,36.62425],[27.80152,36.61685],[27.81813,36.63402],[27.84197,36.64472],[27.86101,36.64672],[27.86305,36.63788],[27.83522,36.63109],[27.82228,36.62376],[27.81528,36.61001],[27.82862,36.61298],[27.8357,36.60252],[27.86988,36.62425],[27.87672,36.61685],[27.87135,36.61335],[27.86305,36.60252],[27.86988,36.60668],[27.87322,36.60545],[27.86988,36.5895],[27.87062,36.57779],[27.87257,36.56924],[27.87672,36.56159],[27.86305,36.55537],[27.87208,36.55036],[27.87672,36.54108],[27.8545,36.5305],[27.84303,36.5279],[27.8283,36.52802],[27.8283,36.53425],[27.83416,36.53653],[27.84938,36.54792],[27.80592,36.56013],[27.79249,36.56696],[27.80787,36.57587],[27.76002,36.57587]]],[[[24.84083,36.66523],[24.86818,36.66523],[24.94793,36.62434],[24.96372,36.60252],[24.96372,36.59634],[24.938,36.59772],[24.92286,36.60228],[24.89552,36.62425],[24.8794,36.6328],[24.86345,36.63817],[24.84978,36.64692],[24.84083,36.66523]]],[[[25.06739,36.63788],[25.10467,36.69937],[25.11647,36.70258],[25.1364,36.7167],[25.14625,36.71988],[25.1858,36.71914],[25.18312,36.71638],[25.18344,36.7062],[25.12957,36.66035],[25.09311,36.63662],[25.06739,36.63788]]],[[[21.7505,36.71239],[21.75953,36.7519],[21.76417,36.75397],[21.78004,36.7475],[21.78159,36.7364],[21.77801,36.72036],[21.77784,36.69937],[21.76808,36.70808],[21.76417,36.71988],[21.7505,36.71239]]],[[[24.32293,36.66535],[24.33131,36.68716],[24.327,36.69937],[24.34067,36.71239],[24.327,36.71988],[24.33668,36.72777],[24.34474,36.74567],[24.35426,36.75397],[24.36549,36.74299],[24.3816,36.73355],[24.39536,36.73591],[24.40724,36.70726],[24.42652,36.69937],[24.4607,36.69937],[24.47145,36.70425],[24.46852,36.71516],[24.45916,36.72671],[24.45053,36.73355],[24.43686,36.72748],[24.42709,36.73383],[24.41871,36.7451],[24.40886,36.75397],[24.40886,36.76081],[24.42026,36.77106],[24.43328,36.76504],[24.45045,36.7534],[24.47438,36.74714],[24.51271,36.76398],[24.53338,36.76801],[24.54607,36.75397],[24.54322,36.74311],[24.54607,36.68879],[24.53761,36.68138],[24.5184,36.67365],[24.48463,36.66523],[24.36459,36.66303],[24.327,36.65095],[24.32293,36.66535]]],[[[24.60816,36.78132],[24.62184,36.79499],[24.63868,36.79462],[24.64381,36.79295],[24.64226,36.78876],[24.65626,36.7829],[24.66578,36.77464],[24.66774,36.76398],[24.65935,36.75056],[24.64479,36.74726],[24.62973,36.75755],[24.60816,36.78132]]],[[[25.2518,36.72671],[25.26238,36.7497],[25.26498,36.76215],[25.26271,36.76765],[25.30698,36.79499],[25.31951,36.78193],[25.33619,36.75772],[25.34799,36.74714],[25.3659,36.73957],[25.3838,36.73509],[25.39943,36.72797],[25.40943,36.71239],[25.39698,36.71052],[25.39015,36.70368],[25.3895,36.69424],[25.39519,36.68513],[25.39519,36.6789],[25.37322,36.65371],[25.3379,36.66828],[25.27296,36.71988],[25.2798,36.72671],[25.2518,36.72671]]],[[[21.69581,36.74038],[21.69695,36.77582],[21.70086,36.79108],[21.70948,36.80174],[21.72283,36.79462],[21.72934,36.79499],[21.72934,36.78876],[21.71632,36.78132],[21.71656,36.77094],[21.70232,36.75194],[21.69581,36.74038]]],[[[24.52117,36.81737],[24.52613,36.82909],[24.53419,36.83613],[24.54721,36.84248],[24.56178,36.84565],[24.57399,36.84276],[24.58595,36.83649],[24.59246,36.83747],[24.60076,36.84276],[24.60304,36.8369],[24.60816,36.83592],[24.60816,36.82909],[24.60043,36.82209],[24.57277,36.78193],[24.55641,36.78034],[24.53981,36.78449],[24.5324,36.7919],[24.52955,36.80366],[24.5241,36.81049],[24.52117,36.81737]]],[[[25.42311,36.83251],[25.43035,36.84406],[25.44695,36.85741],[25.47096,36.87067],[25.47836,36.87067],[25.47096,36.86323],[25.47641,36.8627],[25.47853,36.86001],[25.47779,36.83515],[25.45786,36.82486],[25.43442,36.82266],[25.42311,36.83251]]],[[[26.91774,36.71613],[26.92026,36.75117],[26.92628,36.76561],[26.93767,36.76081],[26.95875,36.78132],[26.98601,36.76765],[26.99952,36.77851],[27.0075,36.78783],[27.02076,36.80858],[27.05519,36.83267],[27.06121,36.83934],[27.16424,36.89118],[27.26564,36.90404],[27.28093,36.9079],[27.29152,36.89183],[27.34099,36.8819],[27.35581,36.86323],[27.32342,36.8487],[27.2142,36.82388],[27.19077,36.81232],[27.12989,36.76081],[27.10906,36.75829],[27.08318,36.76122],[27.06007,36.7674],[27.04754,36.77509],[26.99204,36.75361],[26.97576,36.74079],[26.98601,36.71988],[26.97169,36.71625],[26.96567,36.70555],[26.96656,36.69172],[26.97291,36.6789],[26.95533,36.68171],[26.93727,36.69278],[26.92335,36.7062],[26.91774,36.71613]]],[[[25.60865,36.88373],[25.61459,36.89374],[25.63746,36.90322],[25.64967,36.91161],[25.65943,36.90746],[25.68442,36.89118],[25.674,36.87946],[25.65463,36.87889],[25.6316,36.88264],[25.60865,36.88373]]],[[[25.73902,36.79499],[25.75327,36.78876],[25.76075,36.79906],[25.7741,36.80712],[25.78891,36.80923],[25.80055,36.80174],[25.80738,36.80174],[25.81414,36.80683],[25.82301,36.80874],[25.84547,36.80858],[25.84938,36.8122],[25.86313,36.83592],[25.85157,36.83112],[25.84547,36.83662],[25.84376,36.84512],[25.84547,36.84956],[25.85662,36.85106],[25.97185,36.89802],[25.97185,36.9042],[25.95867,36.91055],[25.95069,36.91161],[25.95069,36.91844],[25.97836,36.92495],[25.99025,36.93073],[25.99838,36.93891],[26.00587,36.93891],[26.01905,36.92512],[26.03541,36.91299],[26.05421,36.90355],[26.07423,36.89802],[26.07472,36.8933],[26.06739,36.89118],[26.05014,36.89696],[26.01596,36.88947],[26.00587,36.89118],[25.99098,36.8791],[25.94858,36.85423],[25.93426,36.84956],[25.9214,36.84105],[25.89356,36.80345],[25.87965,36.79499],[25.79868,36.77277],[25.75554,36.76996],[25.73902,36.79499]]],[[[25.02589,37.00788],[25.03549,37.02192],[25.05323,37.03437],[25.07277,37.04218],[25.0879,37.04198],[25.06959,36.98957],[25.05991,36.97309],[25.07195,36.96385],[25.08106,36.95262],[25.06666,36.95515],[25.04705,36.96922],[25.03053,36.98896],[25.02589,37.00788]]],[[[24.64226,37.02774],[24.64405,37.03563],[24.64967,37.04198],[24.6434,37.04287],[24.64226,37.04881],[24.65593,37.04881],[24.6797,37.03286],[24.6893,37.0292],[24.69752,37.03514],[24.70436,37.03514],[24.71616,37.02009],[24.75164,36.98578],[24.76466,36.95661],[24.7658,36.9492],[24.76271,36.94538],[24.74855,36.93936],[24.71062,36.9042],[24.69581,36.92325],[24.67888,36.95148],[24.6692,36.97846],[24.67652,36.9936],[24.67652,37.00043],[24.66586,37.00747],[24.65406,37.02432],[24.64226,37.02774]]],[[[26.88559,37.07559],[26.88982,37.08979],[26.90162,37.0773],[26.98601,37.04881],[26.98601,37.04198],[26.97291,37.04198],[26.98219,37.02875],[27.00587,37.01618],[27.00709,37.00043],[27.01539,37.00873],[27.02394,37.01268],[27.03248,37.01236],[27.04127,37.00788],[27.04428,36.99624],[27.03688,36.97846],[27.04127,36.96686],[27.03631,36.96015],[27.03386,36.95262],[27.04127,36.95262],[27.04127,36.95942],[27.04754,36.95942],[27.04038,36.94505],[27.02361,36.94501],[26.99342,36.95262],[26.98829,36.94668],[26.98341,36.92951],[26.97609,36.92593],[26.95191,36.93163],[26.94508,36.92593],[26.92986,36.94278],[26.92115,36.94709],[26.91163,36.94579],[26.92026,36.95881],[26.93141,36.96686],[26.9253,36.98168],[26.92986,36.99396],[26.95118,37.02119],[26.95387,37.0279],[26.95191,37.03514],[26.94361,37.04072],[26.93507,37.03962],[26.92457,37.03514],[26.91245,37.04694],[26.90349,37.06249],[26.89601,37.06891],[26.88893,37.07099],[26.88559,37.07559]]],[[[25.78053,37.12397],[25.79737,37.12324],[25.80983,37.1269],[25.83465,37.1376],[25.82838,37.12397],[25.83717,37.11367],[25.84205,37.1103],[25.83676,37.10236],[25.82911,37.09732],[25.8191,37.09691],[25.80738,37.10342],[25.80502,37.09829],[25.80055,37.09593],[25.78053,37.12397]]],[[[25.10304,37.02432],[25.11297,37.06273],[25.12534,37.07453],[25.15626,37.08979],[25.14926,37.09349],[25.14243,37.09492],[25.13575,37.09382],[25.15008,37.11054],[25.17856,37.12946],[25.20981,37.14403],[25.23878,37.15184],[25.22397,37.13435],[25.23194,37.12751],[25.25929,37.12397],[25.27296,37.1376],[25.26612,37.15184],[25.29331,37.15184],[25.2881,37.13654],[25.2798,37.12397],[25.26295,37.08983],[25.26287,37.07559],[25.2798,37.06928],[25.2798,37.06249],[25.26612,37.06249],[25.26612,37.055],[25.2798,37.055],[25.2798,37.04881],[25.26881,37.04613],[25.26303,37.03994],[25.2518,37.02147],[25.23219,37.00511],[25.20444,36.98896],[25.18849,36.9853],[25.15284,36.98676],[25.14332,36.99006],[25.12192,37.00458],[25.1115,37.00788],[25.10336,37.01288],[25.10304,37.02432]]],[[[25.34181,37.07673],[25.34181,37.08295],[25.3475,37.08739],[25.35239,37.0891],[25.3567,37.08771],[25.36166,37.08295],[25.37184,37.08906],[25.40943,37.12397],[25.47462,37.16181],[25.49513,37.18911],[25.50229,37.19172],[25.52215,37.19318],[25.5337,37.20067],[25.55014,37.19379],[25.57456,37.17853],[25.58627,37.16063],[25.59246,37.14252],[25.59506,37.09968],[25.59278,37.08088],[25.58302,37.03978],[25.58082,37.01777],[25.5525,36.96894],[25.54737,36.96532],[25.52613,36.95942],[25.49138,36.93212],[25.46111,36.92451],[25.44988,36.91844],[25.4476,36.92475],[25.4437,36.92609],[25.43678,36.93212],[25.43238,36.93928],[25.42311,36.96686],[25.41668,36.97313],[25.38893,36.98676],[25.39332,36.99217],[25.39405,36.99811],[25.39129,37.00438],[25.38071,37.01874],[25.37973,37.02684],[25.38209,37.03514],[25.36695,37.05956],[25.35548,37.07136],[25.34181,37.07673]]],[[[24.41912,37.13565],[24.43051,37.14444],[24.42351,37.14985],[24.42302,37.15473],[24.43621,37.16486],[24.43279,37.17227],[24.43474,37.17548],[24.4437,37.17853],[24.43621,37.18537],[24.46827,37.20209],[24.48561,37.20612],[24.4983,37.19965],[24.50514,37.19965],[24.50978,37.2049],[24.5149,37.206],[24.52613,37.19965],[24.53207,37.18561],[24.53468,37.16767],[24.53452,37.14834],[24.5324,37.13011],[24.52613,37.14444],[24.51881,37.14444],[24.51889,37.13207],[24.51531,37.12287],[24.50815,37.11591],[24.4983,37.1103],[24.49147,37.11774],[24.49098,37.12226],[24.4983,37.12397],[24.48976,37.12812],[24.48097,37.12971],[24.4725,37.12836],[24.46412,37.12397],[24.46209,37.13349],[24.45948,37.13719],[24.45582,37.13589],[24.45053,37.13011],[24.44207,37.13447],[24.43442,37.13418],[24.42807,37.13032],[24.42254,37.12397],[24.41912,37.13565]]],[[[23.09441,37.27473],[23.10141,37.28095],[23.10955,37.28535],[23.12843,37.2884],[23.15105,37.2768],[23.15846,37.27139],[23.16245,37.26435],[23.16472,37.25381],[23.16236,37.24421],[23.15203,37.23998],[23.13103,37.24372],[23.11899,37.25283],[23.10914,37.26415],[23.09441,37.27473]]],[[[23.37428,37.30268],[23.37428,37.30952],[23.46363,37.35733],[23.48764,37.36351],[23.53256,37.36392],[23.55299,37.37092],[23.58717,37.37092],[23.57114,37.35834],[23.5477,37.34984],[23.52329,37.34663],[23.50514,37.34984],[23.5088,37.3299],[23.49684,37.32001],[23.47609,37.31672],[23.45362,37.31635],[23.3965,37.30321],[23.37428,37.30268]]],[[[24.36793,37.41193],[24.37485,37.43846],[24.39568,37.45685],[24.41961,37.47158],[24.43621,37.48701],[24.4437,37.48701],[24.4437,37.47272],[24.43434,37.45075],[24.43051,37.44603],[24.46941,37.42748],[24.48268,37.41242],[24.47779,37.39082],[24.46339,37.39448],[24.45281,37.38345],[24.44614,37.36579],[24.4437,37.34984],[24.41179,37.32396],[24.38901,37.31391],[24.36793,37.30952],[24.37672,37.34496],[24.38559,37.36115],[24.40211,37.37092],[24.40211,37.37714],[24.38844,37.38459],[24.38844,37.39082],[24.39682,37.40152],[24.39479,37.41177],[24.38453,37.41681],[24.36793,37.41193]]],[[[25.30698,37.41193],[25.30926,37.41974],[25.30698,37.42866],[25.30926,37.43618],[25.31397,37.43842],[25.3213,37.43919],[25.32643,37.46288],[25.32244,37.47102],[25.30698,37.47272],[25.31267,37.48823],[25.32439,37.4951],[25.33774,37.49958],[25.34799,37.50812],[25.37729,37.46743],[25.38209,37.46967],[25.38559,37.48994],[25.39536,37.49396],[25.42677,37.48701],[25.44361,37.47504],[25.4629,37.47004],[25.46559,37.46337],[25.46315,37.45474],[25.45729,37.44603],[25.44256,37.4409],[25.42359,37.44111],[25.40772,37.43684],[25.4026,37.41816],[25.38258,37.41974],[25.30698,37.41193]]],[[[24.86134,37.39826],[24.86818,37.4147],[24.87403,37.42072],[24.88185,37.4256],[24.86818,37.43179],[24.88673,37.43529],[24.89812,37.44868],[24.90268,37.46577],[24.90235,37.48017],[24.89625,37.50194],[24.89536,37.51044],[24.90496,37.51081],[24.9297,37.50812],[24.93881,37.49974],[24.94809,37.48558],[24.95509,37.47065],[24.95753,37.4597],[24.95493,37.45262],[24.94532,37.44335],[24.94337,37.43549],[24.95916,37.42487],[24.96372,37.41816],[24.96616,37.40778],[24.96404,37.40176],[24.95655,37.39704],[24.89625,37.37165],[24.88185,37.36351],[24.88217,37.38036],[24.88868,37.39082],[24.88868,37.39826],[24.86134,37.39826]]],[[[23.43629,37.5218],[23.43629,37.52802],[23.46461,37.53376],[23.47543,37.54084],[23.47731,37.55589],[23.48178,37.55646],[23.48414,37.54906],[23.49204,37.53913],[23.50082,37.53262],[23.51157,37.52904],[23.52565,37.52802],[23.52565,37.5218],[23.50636,37.51284],[23.48121,37.50959],[23.4559,37.51252],[23.43629,37.5218]]],[[[24.98146,37.67023],[24.98487,37.67886],[24.99789,37.68187],[25.05323,37.67886],[25.06739,37.67259],[25.06739,37.66519],[25.05991,37.66519],[25.05991,37.65835],[25.07008,37.65778],[25.07748,37.65493],[25.0879,37.64468],[25.10377,37.65375],[25.12273,37.65168],[25.13982,37.64273],[25.14943,37.63105],[25.16481,37.64582],[25.19264,37.6413],[25.22299,37.62983],[25.24562,37.62421],[25.23878,37.61738],[25.24733,37.61489],[25.25278,37.60871],[25.25929,37.59003],[25.23471,37.56289],[25.22731,37.53742],[25.21599,37.5329],[25.16993,37.53864],[25.1421,37.55272],[25.1255,37.55589],[25.11557,37.56013],[25.10328,37.57844],[25.08058,37.58686],[25.04705,37.61738],[25.00864,37.63178],[24.99789,37.63788],[24.99098,37.64598],[24.98439,37.65803],[24.98146,37.67023]]],[[[24.27516,37.5456],[24.27996,37.59577],[24.27809,37.62287],[24.28932,37.64533],[24.30568,37.66083],[24.32065,37.65835],[24.32789,37.66498],[24.33383,37.67259],[24.32065,37.67259],[24.32065,37.67886],[24.33041,37.68399],[24.33969,37.68626],[24.34799,37.68488],[24.35426,37.67886],[24.36109,37.67886],[24.36166,37.68505],[24.37477,37.68626],[24.40252,37.65575],[24.39576,37.62466],[24.37013,37.59512],[24.34067,37.56957],[24.313,37.53824],[24.29347,37.5257],[24.2754,37.53168],[24.27516,37.5456]]],[[[25.97185,37.53547],[25.97975,37.54865],[26.01238,37.57502],[26.0197,37.58633],[26.02638,37.60082],[26.042,37.61701],[26.06031,37.63068],[26.07423,37.63788],[26.09897,37.63907],[26.15642,37.6328],[26.17726,37.63788],[26.19744,37.63227],[26.22722,37.63959],[26.25424,37.652],[26.28077,37.67544],[26.31365,37.68317],[26.36215,37.68626],[26.34457,37.65949],[26.3191,37.63426],[26.23064,37.57136],[26.21388,37.56513],[26.12794,37.55581],[26.10825,37.54906],[26.0783,37.52757],[26.06739,37.5218],[26.05787,37.51923],[26.0298,37.5218],[25.99073,37.51317],[25.97633,37.51602],[25.97185,37.53547]]],[[[23.42449,37.76179],[23.42563,37.76821],[23.54615,37.7744],[23.56316,37.76826],[23.55681,37.75764],[23.54493,37.74506],[23.54615,37.73347],[23.53207,37.72533],[23.52955,37.7145],[23.53012,37.70295],[23.52565,37.69245],[23.51734,37.6883],[23.49464,37.6835],[23.48414,37.67886],[23.47136,37.68818],[23.45737,37.69245],[23.45737,37.69929],[23.469,37.70502],[23.46827,37.7145],[23.45932,37.72333],[23.44654,37.72724],[23.43442,37.73359],[23.42709,37.74775],[23.42449,37.76179]]],[[[26.58025,37.74079],[26.584,37.75227],[26.59498,37.76138],[26.61207,37.76561],[26.62989,37.76765],[26.64389,37.77241],[26.64959,37.78522],[26.65805,37.79279],[26.77182,37.81411],[26.80641,37.81452],[26.84205,37.80915],[26.85572,37.80268],[26.88185,37.78539],[26.91668,37.77782],[26.95533,37.7569],[26.96608,37.74775],[26.9699,37.75877],[26.9642,37.76752],[26.95436,37.77656],[26.94508,37.78872],[26.9616,37.78441],[26.97364,37.78449],[26.98357,37.78856],[26.99342,37.79613],[26.99399,37.784],[27.02101,37.77717],[27.06788,37.7744],[27.03386,37.76138],[27.03224,37.75316],[27.04754,37.72724],[27.05877,37.73379],[27.06528,37.72907],[27.06658,37.71833],[27.06121,37.70673],[27.03696,37.71288],[27.00082,37.70661],[26.91,37.67805],[26.90073,37.67341],[26.88982,37.66519],[26.8838,37.65815],[26.87875,37.64887],[26.86931,37.64468],[26.86085,37.64338],[26.79737,37.64468],[26.78745,37.6472],[26.78338,37.65339],[26.77711,37.66889],[26.76092,37.68968],[26.75099,37.69668],[26.72731,37.70157],[26.71648,37.71137],[26.70826,37.71357],[26.6836,37.70783],[26.65724,37.7049],[26.64088,37.69945],[26.62843,37.69066],[26.62289,37.67886],[26.61549,37.67886],[26.61549,37.68626],[26.60922,37.68626],[26.5984,37.67719],[26.58953,37.68708],[26.58351,37.70417],[26.58131,37.7167],[26.58025,37.74079]]],[[[20.61948,37.82282],[20.62647,37.83442],[20.62208,37.8513],[20.6277,37.85761],[20.61948,37.86441],[20.66,37.91055],[20.68572,37.92959],[20.709,37.92524],[20.70981,37.91962],[20.71437,37.91527],[20.71363,37.91315],[20.73414,37.8819],[20.74195,37.86229],[20.75245,37.85489],[20.77719,37.84333],[20.80885,37.84956],[20.85011,37.83641],[20.886,37.81395],[20.90138,37.79243],[20.91798,37.76529],[20.98683,37.72989],[20.99635,37.69929],[20.98308,37.71231],[20.95436,37.72386],[20.92091,37.73168],[20.89389,37.73347],[20.87916,37.72822],[20.86329,37.7106],[20.84352,37.70157],[20.84376,37.68993],[20.85304,37.67259],[20.85133,37.65941],[20.84685,37.65331],[20.83595,37.65152],[20.81511,37.65152],[20.80787,37.65607],[20.77719,37.68626],[20.72779,37.71849],[20.70436,37.73835],[20.70216,37.75454],[20.68043,37.76996],[20.64243,37.8111],[20.61948,37.82282]]],[[[24.68385,37.93268],[24.69565,37.93553],[24.69654,37.94025],[24.69264,37.94709],[24.69011,37.95629],[24.69361,37.96577],[24.70191,37.97264],[24.75701,37.99657],[24.77906,38.00023],[24.79371,37.99409],[24.79233,37.98334],[24.79469,37.97712],[24.80055,37.97431],[24.81056,37.97362],[24.82081,37.97036],[24.83009,37.96308],[24.83465,37.9558],[24.83074,37.95254],[24.83041,37.94774],[24.83758,37.92548],[24.84083,37.91901],[24.8484,37.91486],[24.87501,37.90599],[24.95387,37.90599],[24.96372,37.8968],[24.95916,37.87637],[24.94337,37.84333],[24.98487,37.81598],[24.97836,37.81147],[24.9712,37.80915],[24.97202,37.79637],[24.95834,37.78124],[24.95753,37.7744],[24.96437,37.76874],[24.98048,37.77399],[24.99171,37.76821],[24.9944,37.7541],[24.98552,37.73599],[24.9712,37.71865],[24.95753,37.70673],[24.96372,37.68626],[24.95753,37.68626],[24.94972,37.69611],[24.92693,37.71011],[24.91603,37.71979],[24.89747,37.76179],[24.8921,37.76821],[24.87672,37.76952],[24.86525,37.77383],[24.85499,37.7814],[24.84425,37.79243],[24.82814,37.81729],[24.81658,37.82388],[24.79998,37.81598],[24.7942,37.84382],[24.77573,37.86225],[24.75392,37.87641],[24.73854,37.89175],[24.7317,37.89175],[24.72462,37.8819],[24.71616,37.8791],[24.71217,37.88435],[24.71803,37.89859],[24.70932,37.90656],[24.69549,37.92463],[24.68385,37.93268]]],[[[23.40211,37.90599],[23.40211,37.91218],[23.40895,37.92194],[23.42286,37.93301],[23.43946,37.9396],[23.46852,37.93203],[23.4817,37.94172],[23.49773,37.96686],[23.48561,37.96625],[23.46925,37.95531],[23.46046,37.95254],[23.43312,37.96015],[23.42205,37.96003],[23.45737,37.97362],[23.44418,37.97915],[23.42945,37.98794],[23.45151,37.98827],[23.4616,37.98566],[23.47047,37.98045],[23.47267,37.98786],[23.47486,37.98941],[23.47047,37.99409],[23.4782,37.99885],[23.49529,38.00186],[23.51824,37.99909],[23.53053,37.99457],[23.53688,37.98802],[23.53191,37.98045],[23.53272,37.97508],[23.53492,37.96821],[23.54086,37.96235],[23.54713,37.95889],[23.54558,37.95759],[23.54615,37.95254],[23.5735,37.95254],[23.53932,37.93952],[23.54347,37.92886],[23.52174,37.91397],[23.51824,37.89859],[23.51197,37.89859],[23.50131,37.90607],[23.49204,37.90009],[23.48146,37.88972],[23.46705,37.88422],[23.4524,37.8854],[23.4214,37.89297],[23.40838,37.89859],[23.40211,37.90599]]],[[[20.33904,38.20018],[20.34303,38.20844],[20.35694,38.22858],[20.35548,38.23749],[20.35157,38.24592],[20.35377,38.25324],[20.37965,38.27399],[20.3921,38.30012],[20.3982,38.33271],[20.39991,38.36408],[20.40675,38.34357],[20.41359,38.34357],[20.42726,38.36335],[20.43507,38.35619],[20.44256,38.33771],[20.45509,38.32306],[20.46323,38.33149],[20.46697,38.32567],[20.47047,38.31513],[20.47902,38.30947],[20.48902,38.31273],[20.50652,38.32722],[20.5298,38.33747],[20.53875,38.35407],[20.53956,38.37421],[20.53093,38.39203],[20.55128,38.38516],[20.53777,38.42609],[20.54363,38.45917],[20.53777,38.46772],[20.53777,38.47394],[20.57179,38.47394],[20.62582,38.35175],[20.6277,38.34357],[20.62615,38.32844],[20.62013,38.32022],[20.59913,38.30264],[20.60719,38.29352],[20.63054,38.25796],[20.64291,38.2534],[20.65699,38.26252],[20.67066,38.27529],[20.68165,38.28213],[20.67481,38.26781],[20.69353,38.26463],[20.69956,38.25434],[20.702,38.24063],[20.709,38.22695],[20.75131,38.19676],[20.76222,38.1704],[20.7977,38.13129],[20.80502,38.11579],[20.80779,38.09956],[20.8047,38.08295],[20.79469,38.06611],[20.78932,38.06501],[20.76368,38.06989],[20.7544,38.06879],[20.74342,38.06363],[20.73357,38.0624],[20.71843,38.06631],[20.70558,38.07563],[20.68165,38.09781],[20.65301,38.11115],[20.61459,38.11982],[20.58074,38.11547],[20.56495,38.09032],[20.5464,38.10204],[20.50978,38.11078],[20.4961,38.12446],[20.49301,38.13337],[20.48927,38.15925],[20.47291,38.18207],[20.46876,38.19278],[20.48121,38.19013],[20.49789,38.17691],[20.50978,38.17227],[20.50978,38.17967],[20.49383,38.19172],[20.4839,38.20685],[20.45704,38.26122],[20.44532,38.27619],[20.43507,38.2788],[20.42791,38.26166],[20.42823,38.24555],[20.43605,38.21247],[20.43474,38.19278],[20.4253,38.17528],[20.41236,38.16812],[20.39845,38.16303],[20.38624,38.1518],[20.38006,38.1518],[20.37403,38.16901],[20.34539,38.18212],[20.33904,38.20018]]],[[[20.61451,38.46711],[20.61948,38.48139],[20.63551,38.47297],[20.64422,38.47866],[20.65447,38.50186],[20.67189,38.49755],[20.67408,38.48501],[20.66814,38.47065],[20.66114,38.46088],[20.67823,38.46186],[20.68922,38.45799],[20.709,38.4466],[20.70289,38.42601],[20.69516,38.40868],[20.67481,38.37767],[20.69239,38.37132],[20.71583,38.37153],[20.71583,38.37767],[20.70216,38.38516],[20.7225,38.38516],[20.71583,38.39203],[20.72804,38.38923],[20.73878,38.38426],[20.7575,38.37153],[20.73756,38.37153],[20.74366,38.34439],[20.75001,38.3347],[20.76368,38.33051],[20.76368,38.32306],[20.73609,38.32005],[20.71941,38.31562],[20.70582,38.31826],[20.68784,38.33674],[20.69532,38.34357],[20.68043,38.35639],[20.66733,38.37153],[20.64763,38.40567],[20.64015,38.4466],[20.62135,38.4584],[20.61451,38.46711]]],[[[20.89389,38.54902],[20.89389,38.55646],[20.93214,38.60301],[20.94109,38.60423],[20.91928,38.57909],[20.90935,38.56293],[20.90756,38.54902],[20.89389,38.54902]]],[[[25.83277,38.54409],[25.84522,38.5659],[25.84889,38.58039],[25.99537,38.60423],[26.01588,38.60204],[26.06397,38.59003],[26.06625,38.5832],[26.10825,38.54279],[26.11541,38.55516],[26.12192,38.55646],[26.12257,38.56086],[26.12135,38.56232],[26.11573,38.5633],[26.13071,38.56721],[26.14356,38.5644],[26.15455,38.55598],[26.16359,38.54279],[26.15089,38.53042],[26.14918,38.51048],[26.14438,38.49291],[26.12192,38.48754],[26.12973,38.47846],[26.14243,38.47394],[26.1364,38.46772],[26.15406,38.46727],[26.15455,38.46088],[26.14243,38.4466],[26.13941,38.43146],[26.13933,38.41889],[26.14991,38.34357],[26.16359,38.30264],[26.13706,38.29963],[26.11354,38.28425],[26.10222,38.2617],[26.11207,38.23749],[26.11207,38.2226],[26.08815,38.21259],[26.04005,38.20018],[26.03207,38.18968],[26.02589,38.16714],[26.0197,38.15925],[26.00978,38.15672],[25.98911,38.1638],[25.97486,38.166],[25.96461,38.17186],[25.94239,38.19497],[25.93824,38.19648],[25.93409,38.1955],[25.92449,38.20311],[25.91489,38.21503],[25.91041,38.22695],[25.88982,38.22065],[25.88982,38.24799],[25.8733,38.23973],[25.86606,38.24567],[25.86752,38.25971],[25.87623,38.27529],[25.88592,38.28189],[25.91725,38.28897],[25.93426,38.30264],[25.95875,38.30121],[25.96437,38.30264],[25.97088,38.31436],[25.97145,38.32665],[25.9756,38.33723],[25.9922,38.34357],[25.98699,38.3548],[25.98902,38.3793],[25.98536,38.39203],[25.98341,38.38703],[25.97804,38.38516],[25.97348,38.39273],[25.96746,38.39851],[25.95069,38.40567],[25.95631,38.41454],[25.95558,38.42821],[25.95053,38.44257],[25.94386,38.45344],[25.9319,38.4632],[25.90748,38.46833],[25.88982,38.47394],[25.87525,38.48355],[25.84327,38.51533],[25.83465,38.52855],[25.83277,38.54409]]],[[[25.5232,38.5974],[25.52613,38.60423],[25.53297,38.60688],[25.53924,38.60464],[25.54664,38.5974],[25.55258,38.6044],[25.56007,38.60932],[25.56788,38.61001],[25.57456,38.60423],[25.58082,38.60423],[25.58082,38.61172],[25.58888,38.61172],[25.59522,38.60395],[25.62233,38.58381],[25.62281,38.57909],[25.61492,38.57697],[25.60499,38.53535],[25.57154,38.54125],[25.5608,38.53535],[25.55738,38.54462],[25.56186,38.55687],[25.5608,38.5633],[25.54526,38.57697],[25.54038,38.58381],[25.52817,38.59174],[25.5232,38.5974]]],[[[20.54461,38.56952],[20.54493,38.59471],[20.56235,38.69123],[20.58123,38.72435],[20.58546,38.74457],[20.60255,38.78172],[20.61215,38.78583],[20.62029,38.7956],[20.63331,38.81656],[20.64527,38.82819],[20.66391,38.84101],[20.68629,38.85008],[20.6902,38.84138],[20.70216,38.83698],[20.71778,38.8227],[20.72193,38.80736],[20.72291,38.79316],[20.72934,38.78172],[20.72389,38.76996],[20.72446,38.7604],[20.72934,38.74457],[20.72885,38.73062],[20.70151,38.69798],[20.69695,38.68985],[20.69874,38.68281],[20.70606,38.68041],[20.71551,38.69912],[20.7225,38.70726],[20.72389,38.69245],[20.72071,38.63841],[20.71599,38.62702],[20.70948,38.62568],[20.70216,38.63841],[20.69532,38.63841],[20.70216,38.61791],[20.68784,38.62474],[20.68718,38.61726],[20.68165,38.60423],[20.66481,38.61091],[20.64894,38.60859],[20.64088,38.60057],[20.64763,38.59003],[20.64763,38.58381],[20.63697,38.58466],[20.63087,38.58832],[20.62924,38.59488],[20.63331,38.60423],[20.61362,38.607],[20.60231,38.62678],[20.58546,38.61791],[20.56544,38.59369],[20.55128,38.56952],[20.54461,38.56952]]],[[[24.43483,38.88813],[24.43881,38.89712],[24.44581,38.90347],[24.45395,38.90595],[24.46217,38.91096],[24.46241,38.92219],[24.45729,38.94009],[24.45769,38.95482],[24.46111,38.96768],[24.4712,38.97687],[24.49147,38.98102],[24.56072,38.94416],[24.57399,38.9326],[24.57594,38.92292],[24.57252,38.89851],[24.57399,38.88544],[24.57862,38.87556],[24.58416,38.87092],[24.60076,38.86433],[24.64259,38.8417],[24.66326,38.82665],[24.68295,38.80048],[24.68287,38.78425],[24.67563,38.78417],[24.67026,38.78172],[24.65748,38.76923],[24.65024,38.76821],[24.64226,38.77558],[24.63543,38.77558],[24.62525,38.76923],[24.61378,38.7731],[24.6045,38.78254],[24.60076,38.79267],[24.59474,38.79157],[24.58188,38.7873],[24.57,38.77814],[24.56666,38.76252],[24.5324,38.79609],[24.57399,38.80976],[24.56381,38.83857],[24.55698,38.84569],[24.54607,38.83698],[24.54038,38.83698],[24.53696,38.84821],[24.52833,38.85155],[24.51686,38.84956],[24.50514,38.84447],[24.50522,38.85505],[24.48259,38.86278],[24.47779,38.878],[24.47413,38.87617],[24.47096,38.87116],[24.46339,38.88028],[24.4546,38.88483],[24.44549,38.88426],[24.43621,38.878],[24.43483,38.88813]]],[[[22.83229,38.83389],[22.83375,38.8454],[22.83741,38.85448],[22.87485,38.8749],[22.90748,38.88231],[22.95281,38.9016],[22.98292,38.90766],[23.01173,38.91962],[23.03565,38.92642],[23.03932,38.92939],[23.04591,38.94685],[23.05747,38.94994],[23.07797,38.95051],[23.08676,38.95433],[23.09376,38.96259],[23.09734,38.97207],[23.09742,38.98094],[23.09441,38.98786],[23.10906,38.99177],[23.12745,39.00581],[23.13803,39.00898],[23.19972,39.00898],[23.22071,39.01472],[23.27296,39.03876],[23.29908,39.04247],[23.30926,39.03824],[23.32399,39.02481],[23.32984,39.02196],[23.34295,39.0207],[23.35776,39.01675],[23.37159,39.01032],[23.3816,39.00153],[23.37436,38.98249],[23.38461,38.96751],[23.40455,38.95783],[23.42563,38.95433],[23.42563,38.94428],[23.44223,38.89834],[23.44996,38.88544],[23.45069,38.87458],[23.46225,38.85586],[23.48048,38.83808],[23.52467,38.82319],[23.56788,38.79385],[23.594,38.78925],[23.594,38.78172],[23.59132,38.77416],[23.594,38.77021],[23.60011,38.77049],[23.60759,38.77558],[23.61997,38.76553],[23.64845,38.76118],[23.66228,38.75507],[23.6727,38.76044],[23.68336,38.75507],[23.70265,38.76508],[23.72267,38.76195],[23.73845,38.74942],[23.7448,38.73119],[23.75359,38.71918],[23.77369,38.70816],[23.813,38.69367],[23.85759,38.68252],[23.90593,38.67939],[23.92758,38.67548],[23.94777,38.66942],[23.96656,38.67011],[23.98422,38.68623],[24.00571,38.67805],[24.02882,38.67792],[24.05177,38.68016],[24.07309,38.67939],[24.13649,38.66181],[24.15561,38.65266],[24.14536,38.64997],[24.13494,38.64387],[24.12623,38.6352],[24.12159,38.62474],[24.1211,38.6081],[24.12647,38.59858],[24.21608,38.53954],[24.23146,38.52237],[24.20655,38.50682],[24.18816,38.47411],[24.18434,38.43964],[24.20395,38.41869],[24.20395,38.4125],[24.18507,38.40762],[24.18816,38.39883],[24.21079,38.37767],[24.21485,38.33641],[24.23829,38.31318],[24.24041,38.30329],[24.25245,38.29239],[24.25261,38.26557],[24.25782,38.25898],[24.24513,38.24116],[24.25245,38.22797],[24.26531,38.2163],[24.29225,38.20018],[24.327,38.18594],[24.33758,38.16283],[24.34441,38.15925],[24.37859,38.16445],[24.39259,38.16401],[24.42066,38.14737],[24.46062,38.14403],[24.47779,38.13874],[24.49692,38.14631],[24.58766,38.15925],[24.57895,38.10932],[24.57993,38.08422],[24.59449,38.0624],[24.58619,38.04833],[24.57553,38.00446],[24.56666,37.98794],[24.55209,37.97818],[24.53175,37.96918],[24.50929,37.96255],[24.48805,37.96003],[24.4769,37.96247],[24.47291,37.96841],[24.47096,37.98045],[24.44777,38.01056],[24.4437,38.01154],[24.4297,38.02119],[24.40309,38.01191],[24.3864,37.99653],[24.40211,37.98794],[24.40211,37.98045],[24.38689,37.97036],[24.37176,37.97191],[24.35719,37.98045],[24.33863,37.99673],[24.327,38.01529],[24.31381,38.02924],[24.31397,38.0351],[24.327,38.04255],[24.31479,38.06489],[24.30568,38.07176],[24.29225,38.06989],[24.28631,38.08625],[24.2693,38.0954],[24.24871,38.09687],[24.23146,38.09032],[24.21778,38.09687],[24.21258,38.09589],[24.20395,38.09032],[24.20476,38.09683],[24.21079,38.09781],[24.21079,38.12446],[24.20281,38.13007],[24.18605,38.12739],[24.18295,38.135],[24.18718,38.14216],[24.2059,38.15689],[24.21079,38.166],[24.20875,38.17862],[24.19402,38.19212],[24.18531,38.21796],[24.1727,38.22655],[24.15699,38.22956],[24.14259,38.22695],[24.14877,38.2132],[24.12623,38.21748],[24.13111,38.23583],[24.14861,38.25658],[24.1631,38.26781],[24.15349,38.28132],[24.14552,38.28091],[24.12843,38.26781],[24.12672,38.26508],[24.12574,38.25609],[24.11818,38.25422],[24.10939,38.25629],[24.1089,38.26073],[24.11476,38.26781],[24.11476,38.27529],[24.10092,38.27529],[24.12159,38.30947],[24.10109,38.31875],[24.07944,38.32538],[24.05486,38.32929],[24.0254,38.33051],[24.04965,38.33649],[24.05974,38.34125],[24.0669,38.35102],[24.05909,38.36005],[24.05714,38.36896],[24.05942,38.37767],[24.04908,38.39452],[24.04225,38.40152],[24.03891,38.39541],[23.98081,38.39887],[23.91236,38.39203],[23.89234,38.39411],[23.85808,38.40351],[23.84376,38.40567],[23.82447,38.40412],[23.79396,38.39851],[23.77898,38.39887],[23.70997,38.4125],[23.69516,38.4112],[23.66334,38.4042],[23.64918,38.40567],[23.63852,38.41551],[23.61443,38.46088],[23.60743,38.4538],[23.60231,38.45238],[23.594,38.45344],[23.60402,38.46841],[23.62281,38.48481],[23.63575,38.50092],[23.6281,38.51488],[23.6281,38.52237],[23.63551,38.52237],[23.63551,38.52855],[23.61411,38.55793],[23.59995,38.57136],[23.58375,38.57697],[23.54005,38.58226],[23.51881,38.58869],[23.50514,38.5974],[23.50172,38.60505],[23.50074,38.62263],[23.49773,38.63101],[23.47438,38.6457],[23.4673,38.65229],[23.46022,38.65375],[23.45314,38.65803],[23.44996,38.66942],[23.44597,38.67674],[23.4367,38.68325],[23.4065,38.69806],[23.3816,38.70726],[23.35336,38.73139],[23.34376,38.73457],[23.33766,38.73896],[23.32797,38.7582],[23.32301,38.76252],[23.30006,38.77216],[23.20232,38.8299],[23.16814,38.84447],[23.14356,38.85065],[23.11411,38.85065],[23.08351,38.84565],[23.0691,38.84658],[23.05584,38.85444],[23.03639,38.87446],[23.02866,38.87739],[22.99879,38.88081],[22.96941,38.88911],[22.95639,38.88544],[22.95639,38.878],[22.97047,38.87767],[22.9839,38.87352],[22.99195,38.86469],[22.99073,38.85065],[22.98178,38.84504],[22.96551,38.84097],[22.85581,38.83295],[22.83302,38.82274],[22.83229,38.83389]]],[[[23.39527,39.14614],[23.39869,39.16364],[23.41065,39.17036],[23.42351,39.17243],[23.42945,39.17621],[23.43385,39.18696],[23.44467,39.19847],[23.45818,39.20832],[23.47047,39.21381],[23.48683,39.20612],[23.50375,39.19428],[23.51287,39.17853],[23.50514,39.15913],[23.48902,39.16877],[23.47511,39.15778],[23.46046,39.13182],[23.45289,39.13345],[23.44459,39.14203],[23.43629,39.14614],[23.4253,39.14867],[23.40431,39.14912],[23.39527,39.14614]]],[[[23.58717,39.20759],[23.60133,39.21381],[23.60222,39.20864],[23.61443,39.20759],[23.63795,39.18757],[23.66554,39.16966],[23.69663,39.15534],[23.73048,39.14614],[23.72674,39.1315],[23.74586,39.12881],[23.77272,39.12934],[23.79265,39.12442],[23.79265,39.11815],[23.76027,39.09064],[23.74122,39.08027],[23.71681,39.07722],[23.70704,39.07982],[23.69256,39.08893],[23.66603,39.09276],[23.65805,39.09772],[23.65846,39.10431],[23.66969,39.1114],[23.66969,39.11815],[23.65919,39.12299],[23.62778,39.14728],[23.62127,39.15575],[23.61744,39.16913],[23.58717,39.20759]]],[[[20.12534,39.23603],[20.14039,39.24168],[20.15561,39.2285],[20.17335,39.21723],[20.19011,39.20262],[20.20191,39.17963],[20.18149,39.18016],[20.16871,39.18281],[20.1587,39.18915],[20.13844,39.2093],[20.1281,39.22313],[20.12534,39.23603]]],[[[23.83351,39.14614],[23.84718,39.16031],[23.86101,39.16918],[23.87306,39.18016],[23.88933,39.21748],[23.93979,39.27977],[23.95704,39.2895],[23.95387,39.27875],[23.95021,39.27521],[23.97218,39.27192],[23.96697,39.25117],[23.94996,39.22899],[23.93653,39.22126],[23.92164,39.19042],[23.89584,39.16177],[23.86451,39.14399],[23.83351,39.14614]]],[[[25.83465,39.17963],[25.83465,39.18708],[25.84596,39.19038],[25.84995,39.19941],[25.85157,39.21088],[25.85515,39.22126],[25.84205,39.22801],[25.84978,39.23216],[25.85353,39.2364],[25.85515,39.25227],[25.85865,39.25922],[25.88307,39.26899],[25.91065,39.28962],[25.91725,39.29694],[25.92408,39.29694],[25.93637,39.27656],[25.96892,39.27863],[26.0062,39.28632],[26.03321,39.28266],[26.04461,39.29686],[26.04689,39.30317],[26.05372,39.2895],[26.06056,39.2895],[26.07309,39.30321],[26.094,39.31049],[26.1364,39.31623],[26.16277,39.32364],[26.17254,39.33539],[26.17091,39.35322],[26.16359,39.37885],[26.34303,39.383],[26.36215,39.37885],[26.35475,39.35651],[26.37338,39.34691],[26.40024,39.34125],[26.41749,39.33047],[26.41139,39.32095],[26.37965,39.28266],[26.38217,39.27709],[26.42416,39.2451],[26.45834,39.23428],[26.46632,39.22923],[26.50473,39.185],[26.51791,39.17597],[26.53972,39.16596],[26.52662,39.15913],[26.53077,39.15062],[26.54713,39.13532],[26.5477,39.12531],[26.55055,39.11921],[26.55681,39.11689],[26.56764,39.11815],[26.56625,39.09797],[26.57944,39.07534],[26.59791,39.05687],[26.61231,39.04926],[26.61004,39.02293],[26.59742,39.01195],[26.56764,39.02196],[26.55144,39.01504],[26.5394,39.01935],[26.5193,39.03628],[26.52662,39.04247],[26.51759,39.04751],[26.51612,39.05264],[26.52036,39.06631],[26.52605,39.07722],[26.52662,39.08344],[26.51515,39.09101],[26.50587,39.1092],[26.48927,39.11367],[26.45493,39.1114],[26.43702,39.1035],[26.45297,39.08641],[26.49195,39.06293],[26.52882,39.02106],[26.54713,39.00898],[26.54713,39.00153],[26.54371,38.99738],[26.54713,38.98786],[26.52117,38.97895],[26.48927,38.97256],[26.42416,38.96735],[26.40707,38.96947],[26.37517,38.97891],[26.33937,38.98286],[26.32553,38.9877],[26.30079,39.00153],[26.27638,39.01065],[26.21713,39.0207],[26.1657,39.02241],[26.15528,39.02497],[26.14633,39.03213],[26.11557,39.06672],[26.10426,39.07465],[26.0879,39.07722],[26.0879,39.08344],[26.09376,39.08527],[26.10206,39.09089],[26.10922,39.09268],[26.12192,39.09089],[26.16017,39.09772],[26.16456,39.10065],[26.18068,39.12128],[26.19142,39.12759],[26.21372,39.12934],[26.2256,39.13182],[26.25229,39.15233],[26.28224,39.16987],[26.28338,39.1728],[26.29347,39.17715],[26.29021,39.18675],[26.28004,39.19644],[26.26979,39.20075],[26.23764,39.20685],[26.2256,39.20759],[26.20436,39.2058],[26.18735,39.20205],[26.17335,39.19501],[26.16017,39.18334],[26.14527,39.15567],[26.14243,39.15575],[26.09742,39.10566],[26.08277,39.09516],[26.06397,39.09089],[26.04298,39.09321],[25.95834,39.11766],[25.91993,39.13711],[25.90699,39.13866],[25.88893,39.14472],[25.85434,39.17207],[25.83465,39.17963]]],[[[24.97364,39.51463],[24.97657,39.53766],[24.99789,39.5502],[24.99448,39.55817],[24.99676,39.56196],[25.01222,39.56387],[25.04737,39.54536],[25.04038,39.52058],[24.99171,39.46699],[24.98487,39.46699],[24.97364,39.51463]]],[[[19.62647,39.74824],[19.6364,39.75641],[19.66228,39.78449],[19.66749,39.79352],[19.67693,39.79515],[19.7697,39.79808],[19.79908,39.8028],[19.82496,39.81147],[19.85182,39.82453],[19.86557,39.82103],[19.89283,39.80341],[19.91879,39.79682],[19.92897,39.79206],[19.93434,39.78294],[19.94117,39.78294],[19.94117,39.79035],[19.94801,39.79035],[19.9463,39.75922],[19.93377,39.74116],[19.91293,39.73045],[19.85157,39.71052],[19.84156,39.70417],[19.83595,39.69245],[19.83912,39.67988],[19.84767,39.66999],[19.85865,39.66625],[19.85865,39.65884],[19.84498,39.65884],[19.84498,39.65266],[19.90382,39.62906],[19.9275,39.62531],[19.92351,39.6035],[19.91717,39.59886],[19.90016,39.60419],[19.91188,39.5834],[19.93247,39.4787],[19.93653,39.47297],[19.94801,39.46699],[19.96144,39.46296],[19.98943,39.4584],[20.0027,39.45401],[20.02369,39.44135],[20.03272,39.43928],[20.05047,39.44033],[20.06511,39.44452],[20.07407,39.44896],[20.08188,39.44733],[20.09205,39.43354],[20.09685,39.4228],[20.10572,39.39252],[20.11769,39.378],[20.11793,39.371],[20.10572,39.36465],[20.09685,39.37055],[20.07203,39.37629],[20.04884,39.38959],[20.0324,39.39501],[19.99928,39.39936],[19.99041,39.40327],[19.96485,39.42097],[19.95484,39.42609],[19.92384,39.42772],[19.91179,39.43033],[19.90748,39.435],[19.91489,39.43391],[19.92172,39.43781],[19.9275,39.44717],[19.89275,39.45596],[19.87973,39.46076],[19.87892,39.45319],[19.86557,39.46857],[19.85483,39.48896],[19.84767,39.50967],[19.84083,39.55199],[19.82887,39.57233],[19.80983,39.58906],[19.78419,39.60419],[19.761,39.61298],[19.74855,39.62002],[19.71892,39.67308],[19.68971,39.67414],[19.68133,39.68],[19.67433,39.69355],[19.67701,39.7167],[19.67172,39.72407],[19.65317,39.71467],[19.65358,39.73041],[19.65016,39.74177],[19.64161,39.74795],[19.62647,39.74824]]],[[[25.03338,39.98843],[25.03338,39.99527],[25.06861,39.99689],[25.13234,40.00886],[25.14234,40.00678],[25.15626,39.99527],[25.17189,39.99697],[25.22511,40.00886],[25.24733,40.00243],[25.261,39.99091],[25.27231,39.97639],[25.28712,39.96109],[25.28517,39.95336],[25.30698,39.96003],[25.33424,39.97236],[25.34799,39.98159],[25.34799,39.9903],[25.36931,40.01423],[25.38209,40.02253],[25.41285,40.02253],[25.42156,40.02432],[25.44988,40.0362],[25.43678,40.02253],[25.43678,40.0163],[25.44166,40.01675],[25.44272,40.01504],[25.44728,39.99323],[25.44988,39.98843],[25.42652,39.97822],[25.40162,39.96377],[25.38559,39.9444],[25.38893,39.9195],[25.37517,39.91974],[25.36411,39.91722],[25.34799,39.90644],[25.36166,39.89989],[25.3685,39.89899],[25.3532,39.89265],[25.34164,39.88386],[25.34034,39.87421],[25.35548,39.86555],[25.34278,39.85464],[25.3484,39.84374],[25.36069,39.83356],[25.3685,39.82453],[25.36988,39.81712],[25.36402,39.81598],[25.35548,39.81025],[25.35279,39.79328],[25.34897,39.78766],[25.3322,39.79609],[25.30356,39.80341],[25.29526,39.80768],[25.29363,39.82648],[25.29029,39.83076],[25.27312,39.83568],[25.2566,39.8559],[25.23878,39.85806],[25.26173,39.87043],[25.27426,39.88007],[25.2798,39.88911],[25.27516,39.90363],[25.26401,39.91327],[25.25066,39.91852],[25.23878,39.9195],[25.19711,39.89281],[25.21388,39.89179],[25.22511,39.8854],[25.20729,39.88312],[25.19418,39.8736],[25.18458,39.85981],[25.17726,39.84504],[25.18767,39.84907],[25.19093,39.85187],[25.20216,39.84101],[25.21453,39.82469],[25.22104,39.80996],[25.21453,39.80341],[25.19272,39.80439],[25.17506,39.80703],[25.14324,39.81708],[25.16993,39.84846],[25.16489,39.85908],[25.15382,39.85578],[25.14226,39.8461],[25.13575,39.83759],[25.12892,39.83759],[25.12843,39.8454],[25.12208,39.85806],[25.06414,39.84414],[25.05323,39.83759],[25.04705,39.83759],[25.05397,39.84911],[25.06739,39.85806],[25.05454,39.86396],[25.04705,39.86555],[25.04851,39.87421],[25.04705,39.87857],[25.05991,39.8854],[25.05991,39.89281],[25.05323,39.89281],[25.05323,39.89899],[25.05779,39.90021],[25.06739,39.90644],[25.05991,39.90644],[25.06821,39.9208],[25.06397,39.92951],[25.05454,39.93696],[25.04705,39.94745],[25.04607,39.96162],[25.04762,39.97492],[25.04542,39.98469],[25.03338,39.98843]]],[[[25.44353,40.48188],[25.46168,40.48159],[25.52036,40.50772],[25.54664,40.51533],[25.57586,40.51472],[25.6565,40.49616],[25.67189,40.48749],[25.68865,40.475],[25.69752,40.46101],[25.69068,40.4477],[25.69532,40.43268],[25.68263,40.42308],[25.58912,40.39814],[25.56715,40.39989],[25.53256,40.41502],[25.46632,40.45576],[25.452,40.46869],[25.44353,40.48188]]],[[[24.51197,40.66681],[24.51832,40.69269],[24.53338,40.71821],[24.56666,40.75556],[24.64226,40.80394],[24.67457,40.79169],[24.71534,40.78803],[24.7317,40.78352],[24.74383,40.75935],[24.76596,40.75365],[24.7754,40.74876],[24.78256,40.74213],[24.78639,40.73505],[24.76547,40.73432],[24.75929,40.72337],[24.76661,40.71149],[24.78639,40.70783],[24.78639,40.68793],[24.7693,40.68342],[24.7658,40.66966],[24.77263,40.63947],[24.7824,40.62018],[24.78012,40.61221],[24.7732,40.61148],[24.75571,40.61994],[24.74448,40.60847],[24.72682,40.60318],[24.69386,40.59858],[24.68181,40.59496],[24.65748,40.57738],[24.64226,40.57062],[24.63754,40.57982],[24.63063,40.58706],[24.615,40.59858],[24.60076,40.59858],[24.60076,40.61221],[24.58676,40.62202],[24.58025,40.62519],[24.55258,40.63036],[24.53077,40.63093],[24.51677,40.63911],[24.51197,40.66681]]],[[[23.87672,36.84369],[23.88429,36.84357],[23.88901,36.8343],[23.88429,36.83234],[23.87696,36.83649],[23.87672,36.84369]]],[[[23.44972,36.92914],[23.45606,36.9278],[23.45965,36.92137],[23.4642,36.91706],[23.4673,36.9064],[23.46388,36.904],[23.45777,36.90644],[23.4546,36.91519],[23.45248,36.91645],[23.45314,36.92137],[23.44972,36.92914]]],[[[27.51743,36.2309],[27.52654,36.24006],[27.54868,36.24409],[27.56568,36.24494],[27.61647,36.24262],[27.61899,36.23794],[27.61866,36.2281],[27.61443,36.21967],[27.61012,36.2165],[27.60239,36.21695],[27.58286,36.21255],[27.56853,36.21516],[27.55055,36.21589],[27.5315,36.21174],[27.51889,36.21686],[27.51743,36.2309]]],[[[27.12615,36.58006],[27.13722,36.60008],[27.16676,36.61506],[27.1858,36.61567],[27.19467,36.60692],[27.20606,36.5871],[27.19801,36.56831],[27.17457,36.56053],[27.16139,36.56037],[27.14015,36.56322],[27.12973,36.56952],[27.12615,36.58006]]],[[[26.77272,37.18268],[26.78419,37.19147],[26.79802,37.19058],[26.80104,37.19257],[26.8003,37.19929],[26.80828,37.20026],[26.81723,37.19481],[26.82309,37.19331],[26.82683,37.19424],[26.84978,37.18732],[26.85288,37.18179],[26.8462,37.17121],[26.84409,37.16201],[26.86427,37.15331],[26.87184,37.1341],[26.87794,37.12897],[26.88689,37.1166],[26.88689,37.1057],[26.8755,37.1037],[26.87517,37.10008],[26.86988,37.09805],[26.86158,37.09732],[26.84995,37.09846],[26.83758,37.10472],[26.83758,37.11213],[26.84864,37.11787],[26.85231,37.12458],[26.84303,37.12515],[26.82976,37.11872],[26.81723,37.11986],[26.81039,37.12938],[26.8169,37.14655],[26.79509,37.15546],[26.78834,37.16206],[26.77622,37.16966],[26.77272,37.18268]]],[[[26.52858,37.30073],[26.53386,37.32514],[26.53736,37.33149],[26.53883,37.33812],[26.5337,37.36066],[26.53639,37.37271],[26.55641,37.37206],[26.56861,37.37442],[26.58058,37.3701],[26.59669,37.3592],[26.60369,37.34943],[26.60613,37.33955],[26.60084,37.33735],[26.58872,37.34479],[26.57244,37.34715],[26.56373,37.3417],[26.55844,37.32974],[26.5547,37.32713],[26.54884,37.32657],[26.5652,37.30842],[26.56772,37.27464],[26.5573,37.27123],[26.5464,37.27717],[26.54737,37.28364],[26.54477,37.2884],[26.53272,37.29173],[26.52858,37.30073]]],[[[24.65968,37.60688],[24.67791,37.60944],[24.69402,37.61518],[24.70387,37.6247],[24.71608,37.63105],[24.73292,37.63207],[24.74106,37.62592],[24.7378,37.60786],[24.74122,37.59569],[24.71811,37.59357],[24.67237,37.60049],[24.65968,37.60688]]],[[[20.86736,38.59223],[20.87013,38.6035],[20.88836,38.62897],[20.90382,38.64277],[20.9214,38.6481],[20.94516,38.65249],[20.95167,38.64924],[20.95289,38.63886],[20.94166,38.62739],[20.92905,38.61933],[20.89812,38.60602],[20.88697,38.59634],[20.87867,38.58442],[20.87062,38.58251],[20.86736,38.59223]]],[[[20.73699,38.65217],[20.74643,38.66348],[20.76197,38.66608],[20.78305,38.67499],[20.79274,38.66865],[20.79762,38.66999],[20.79981,38.66877],[20.79884,38.66572],[20.80502,38.66568],[20.80535,38.66193],[20.80193,38.65668],[20.78859,38.64472],[20.76287,38.63911],[20.75961,38.62739],[20.7907,38.60521],[20.80006,38.59544],[20.78712,38.5998],[20.75172,38.62604],[20.73699,38.65217]]],[[[24.04152,39.33051],[24.04493,39.3415],[24.05079,39.352],[24.0586,39.36127],[24.06715,39.36302],[24.06984,39.34569],[24.08131,39.35236],[24.09059,39.34903],[24.09474,39.34553],[24.094,39.33002],[24.08188,39.30476],[24.06316,39.29702],[24.05372,39.30524],[24.0547,39.3122],[24.05942,39.31444],[24.056,39.31891],[24.04575,39.32331],[24.04152,39.33051]]]]},"source":"Natural Earth Admin 0 Countries, 1:10m, version 5.1.1","sourceUrl":"https://www.naturalearthdata.com/downloads/10m-cultural-vectors/10m-admin-0-countries/"}
